aqs_id_full,aqs_id,site_name,nyc_id,dist_km,wkt
840999999991,999999991,Manhattan Bridge,36061NY08454,0.7065390935604305,POINT (-73.997 40.71651)
840999999992,999999992,Hunts Point,36005NY11790,9.0633178489177,POINT (-73.88566 40.81909)
840999999993,999999993,Glendale,36081NY08198,8.519604536185257,POINT (-73.8734 40.70711)
840999999994,999999994,Queens College,36081NY09285,11.802002637660527,POINT (-73.82156 40.73711)
840999999995,999999995,Broadway/35th St,36061NY09734,1.5155960125631838,POINT (-73.98783 40.75069)
840999999996,999999996,FDR,36061NY08653,0.018061461133045693,POINT (-73.97465 40.72229)
840999999997,999999997,Mott Haven,36005NY11534,6.079126854120803,POINT (-73.92249 40.80649)
840999999998,999999998,Cross Bronx Expy,36005NY12387,10.497637191177947,POINT (-73.90614 40.84517)
840999999999,999999999,Van Wyck,36081NY07615,14.20970800918629,POINT (-73.80908 40.69015)
840999999910,999999910,Queens College,36081NY09285B,11.802002637660527,POINT (-73.82156 40.73711)
840999999911,999999911,BQE,36047NY07974,1.617639688757776,POINT (-73.96082 40.7028)
840999999912,999999912,Williamsburg,36047NY08274,1.3679774201967512,POINT (-73.95938 40.71061)
840999999913,999999913,Queensboro Bridge,36061NY10130,0.012354453812355207,POINT (-73.96389 40.76123)
840999999914,999999914,Williamsburg Bridge,36061NY08552,0.8019366004549845,POINT (-73.98606 40.71807)
840999999915,999999915,Hamilton Bridge,36061NY12380,9.537355694105742,POINT (-73.93302 40.84654)
840999999916,999999916,Midtown-DOT,36061NY09929,1.1322790765910038,POINT (-73.99041 40.75508)
840999999917,999999917,Port Richmond,36085NY04805,13.639928181116392,POINT (-74.14588 40.62792)
840999999918,999999918,SI Expwy,36085NY03820,15.337496895425376,POINT (-74.15118 40.60921)
840421010055,421010055,,,131.73196339521732,POINT (-75.18678 39.92252)
840421010057,421010057,,,126.11448260610896,POINT (-75.1424 39.9603)
840340070010,340070010,,,127.56260413994927,POINT (-75.12231 39.92397)
840421010048,421010048,,,119.89461582346291,POINT (-75.08083 39.99139)
840340410007,340410007,,,90.96980570382874,POINT (-75.06782 40.92461)
840340071007,840340071007,,,118.12301462580457,POINT (-75.05001 39.98904)
840421010075,421010075,,,109.16833465827972,POINT (-74.98517 40.05417)
840340190001,340190001,,,69.71938075528564,POINT (-74.80675 40.51525)
840340210008,840340210008,,,82.64617829848859,POINT (-74.76317 40.22242)
840340210005,340210005,,,77.03826356587996,POINT (-74.74264 40.28309)
840340273001,340273001,,,56.0306425892894,POINT (-74.6763 40.78763)
840340230011,340230011,,,43.86687610575148,POINT (-74.42944 40.46218)
840340392003,340392003,,,24.38407874404456,POINT (-74.27618 40.60394)
840340390004,340390004,,,17.416667434357464,POINT (-74.20837 40.64144)
840360850111,360850111,,,20.517756943989923,POINT (-74.1994 40.5802)
840340292002,840340292002,,,79.56130595192812,POINT (-74.17045 39.99491)
840340310005,840340310005,,,21.559156421779374,POINT (-74.16809 40.91838)
840360850055,840360850055,,,12.708067204388211,POINT (-74.13716 40.63306)
840340170008,840340170008,,,2.735210043847088,POINT (-74.03622 40.77091)
840360870005,360870005,,,45.38396538161962,POINT (-74.02819 41.18208)
840360470052,360470052,,,6.495608784760634,POINT (-74.01871 40.64182)
840360710002,360710002,,,80.59640249823626,POINT (-74.0097 41.4994)
840340030010,340030010,,,9.128244896820524,POINT (-73.9661 40.85355)
840360610135,360610135,,,6.309339365037763,POINT (-73.9481 40.8197)
840360610115,360610115,,,9.841885052828623,POINT (-73.9319 40.8492)
840360470118,360470118,,,4.435726205875162,POINT (-73.9286 40.6944)
840360050080,360050080,,,9.050976941804338,POINT (-73.9214 40.8367)
840360050110,360050110,,,7.915698516855488,POINT (-73.9022 40.8161)
840360810120,360810120,,,6.564399993919296,POINT (-73.8933 40.7269)
840360050112,360050112,,,8.648906052369307,POINT (-73.8867 40.8147)
840360810124,360810124,,,11.558541657825769,POINT (-73.8244 40.7375)
840361192004,361192004,,,36.41004334436155,POINT (-73.7642 41.0522)
840090011123,90011123,,,83.39960115229782,POINT (-73.4447 41.4014)
840090010010,90010010,,,78.79616611668524,POINT (-73.1953 41.1714)
840361030009,361030009,,,76.23980829292294,POINT (-73.0575 40.8278)
840090090027,90090027,,,107.13924444703987,POINT (-72.90269 41.30129)
840090110124,90110124,,,170.90459109647955,POINT (-72.0789 41.3536)
840340171003,340171003,,,3.0228051428773353,POINT (-74.05229 40.72545)
