code,geoid,pop_density_2020_smooth5,pop_some_college_smooth5,pop_white_2020_smooth5,pop_over_65_2019_smooth5,wkt
A32000,250250606001,10345.528636545854,0.11273158458165614,0.7375119167125617,0.11951339750590863,POINT (-71.0444 42.3533)
A32001,250250006021,17777.00388376455,0.17387119312295105,0.5773784781254315,0.07760041828314561,POINT (-71.1373 42.3533)
A32002,250250008032,17180.94374737976,0.06617531719415001,0.5480519949185411,0.03481021241262909,POINT (-71.1156 42.3512)
A32003,250250101033,21919.90308212645,0.02338959733941719,0.5647174341583487,0.0067669071249777816,POINT (-71.1083 42.3504)
A32004,250250103002,12804.210765142725,0.11370888606801981,0.6048369459625834,0.08721879510946196,POINT (-71.1065 42.3386)
A32005,250250001001,11149.682186388642,0.24263702092411515,0.6011621782632871,0.07180834435909197,POINT (-71.1378 42.3615)
A32006,250250008031,13279.360167029312,0.1714397673942788,0.5470804502078623,0.05919759665885147,POINT (-71.1192 42.3651)
A32008,250250102041,17178.219457011808,0.02446070209877455,0.5657601161308892,0.009651522292193444,POINT (-71.1053 42.3472)
A32009,250250706002,18668.122771843588,0.1563699002036431,0.7216919949608334,0.10865448532317767,POINT (-71.0768 42.3413)
A32010,250250701011,10666.135930841705,0.16827027956374446,0.5495454995808399,0.10946767087357977,POINT (-71.0555 42.3522)
A32011,250250008031,13279.360167029312,0.1714397673942788,0.5470804502078623,0.05919759665885147,POINT (-71.1246 42.3637)
A32012,250250008025,19015.644052395688,0.0829783704200448,0.5250181997098371,0.042684226329137674,POINT (-71.1238 42.3523)
A32013,250250701018,14047.426644546635,0.13713695022965064,0.7342057802164607,0.1369920132471242,POINT (-71.0522 42.3582)
A32017,250250007043,24933.222257137095,0.131025359051367,0.542621398450051,0.04580508368084183,POINT (-71.134 42.3486)
A32019,250250001001,11149.682186388642,0.24263702092411515,0.6011621782632871,0.07180834435909197,POINT (-71.1292 42.3638)
A32022,250250403005,14746.115315124278,0.16412027351873926,0.8730964485102675,0.09731690444488186,POINT (-71.0686 42.379)
A32023,250250406001,12035.934226241512,0.17723829662248708,0.8421606029111667,0.09540404827702456,POINT (-71.0691 42.3741)
A32025,250250203032,24142.706796064744,0.08538320905879249,0.8011404141004803,0.11965553855614655,POINT (-71.0642 42.3656)
A32026,250250701018,14047.426644546635,0.13713695022965064,0.7342057802164607,0.1369920132471242,POINT (-71.0533 42.3547)
A32027,250250509011,16326.254334535673,0.3099063584573712,0.30668536835472576,0.04670308353880134,POINT (-71.0274 42.3798)
A32028,250250510001,5555.9921956456565,0.44226844360479683,0.4436459161311041,0.12016341929181733,POINT (-71.0161 42.3834)
A32029,250250512001,14141.423613506051,0.2415759061234039,0.5996302580742793,0.09562774155917647,POINT (-71.0363 42.3654)
A32030,250250503002,11633.796068171077,0.28628805975454363,0.4175083861827701,0.08734233037611398,POINT (-71.0398 42.3688)
A32031,250250504001,13049.392674696632,0.32363489715425514,0.3901940734679043,0.09216639276441056,POINT (-71.0394 42.3695)
A32032,250250507003,20687.6325383608,0.23831648409732709,0.3298870318070634,0.05439213313035113,POINT (-71.0314 42.3754)
A32033,250250503001,12668.12026514878,0.2681454813839311,0.4060730652864661,0.05181120749044688,POINT (-71.0442 42.3707)
A32034,250250509013,14540.563740431902,0.27022651406560255,0.31639448397548103,0.0763138030496911,POINT (-71.0302 42.3824)
A32035,250250511011,5063.567461734649,0.387344807599393,0.4903051110502642,0.12354830682919006,POINT (-71.0062 42.3867)
A32036,250250503001,12668.12026514878,0.2681454813839311,0.4060730652864661,0.05181120749044688,POINT (-71.041 42.3733)
A32037,250250005041,28004.179841703834,0.15869589161139058,0.6378109219189609,0.08982278109170641,POINT (-71.1413 42.3429)
A32038,250250002023,8471.788312491106,0.19228989636904323,0.6795657553544266,0.07245782939635535,POINT (-71.16 42.3529)
A32039,250250510001,5555.9921956456565,0.44226844360479683,0.4436459161311041,0.12016341929181733,POINT (-71.0106 42.3852)
A32040,250250008024,19015.645991607555,0.18775678325395748,0.5250182532510926,0.048402972260394625,POINT (-71.1285 42.3603)
A32041,250250502002,18733.334999280614,0.283994719107493,0.3580498604947694,0.07907700501823853,POINT (-71.0392 42.3754)
A32042,250250701018,14047.426644546635,0.13713695022965064,0.7342057802164607,0.1369920132471242,POINT (-71.0566 42.3529)
A32043,250250001001,11149.682186388642,0.24263702092411515,0.6011621782632871,0.07180834435909197,POINT (-71.1439 42.3618)
A32044,250250512002,14141.42424896949,0.2415759169789314,0.5996302850194474,0.09562774585633602,POINT (-71.0334 42.3677)
A32045,250250001001,11149.682186388642,0.24263702092411515,0.6011621782632871,0.07180834435909197,POINT (-71.1417 42.3566)
A32046,250250203032,24142.706796064744,0.08538320905879249,0.8011404141004803,0.11965553855614655,POINT (-71.0609 42.3653)
A32047,250250303002,23336.04284694606,0.14318966205232334,0.8876047789569409,0.14005224990652154,POINT (-71.0543 42.3585)
A32048,250250501011,19106.29931042668,0.29597536464578145,0.3411036431866786,0.08132935707943133,POINT (-71.0391 42.3807)
A32049,250250506002,15693.721419046416,0.28057379446872965,0.4301073345914564,0.061072662116133894,POINT (-71.0356 42.3706)
A32050,250250512001,14141.423613506051,0.2415759061234039,0.5996302580742793,0.09562774155917647,POINT (-71.0288 42.3641)
A32051,250250509011,16326.254334535673,0.3099063584573712,0.30668536835472576,0.04670308353880134,POINT (-71.0277 42.3793)
A32052,250250001001,11149.682186388642,0.24263702092411515,0.6011621782632871,0.07180834435909197,POINT (-71.1242 42.368)
A32053,250250203032,24142.706796064744,0.08538320905879249,0.8011404141004803,0.11965553855614655,POINT (-71.0593 42.3647)
B32000,250250107013,16004.420726586566,0.06993761270663111,0.7890048931650956,0.09466888941802792,POINT (-71.086 42.3487)
B32002,250250806011,20046.185210950844,0.13771145899676054,0.4066762778607426,0.04282341208541678,POINT (-71.0885 42.3359)
B32003,250250103002,12804.210765142725,0.11370888606801981,0.6048369459625834,0.08721879510946196,POINT (-71.1028 42.3372)
B32004,250250303001,23336.042434011837,0.1462180821211078,0.8876047632506694,0.1497944519275232,POINT (-71.0516 42.3598)
B32005,250250105001,30845.152552888183,0.146359792792804,0.5299481179737624,0.128209880555541,POINT (-71.0859 42.3439)
B32006,250250103002,12804.210765142725,0.11370888606801981,0.6048369459625834,0.08721879510946196,POINT (-71.1008 42.34)
B32007,250250606001,10345.528636545854,0.11273158458165614,0.7375119167125617,0.11951339750590863,POINT (-71.0442 42.3515)
B32008,250250303003,20901.204931042445,0.08901290579164964,0.8326495955045001,0.15089058990802875,POINT (-71.05763 42.35892)
B32010,250250101043,23935.409938374538,0.13002893825308828,0.6336807833601243,0.02177256526540283,POINT (-71.097 42.3487)
B32011,250250102034,22277.76147695829,0.15891167019590433,0.5997727960562612,0.02990308352150869,POINT (-71.0979 42.3447)
B32012,250250104043,36326.97155191781,0.11465926788183096,0.5503002449100954,0.06057819833822796,POINT (-71.0902 42.3418)
B32013,250250810011,16204.62282721625,0.1537330028322268,0.4971079344085154,0.10234894763336586,POINT (-71.1041 42.3346)
B32014,250250606001,10345.528636545854,0.11273158458165614,0.7375119167125617,0.11951339750590863,POINT (-71.0417 42.3488)
B32015,250250102043,21175.857629713824,0.03649902448133556,0.5465518911824827,0.015479337338780236,POINT (-71.1022 42.3439)
B32016,250250101042,21981.016915497738,0.065369220593601507,0.6753197186373743,0.03762371354984955,POINT (-71.0899 42.3509)
B32017,250250817005,6360.422926931439,0.30283157684297624,0.15097743830589222,0.13916014038375027,POINT (-71.0842 42.3287)
B32018,250250102031,26404.062703126685,0.15856937002403967,0.5916235458999908,0.06025047526224896,POINT (-71.0881 42.3473)
B32020,250250102043,21175.857629713824,0.03649902448133556,0.5465518911824827,0.015479337338780236,POINT (-71.1007 42.3457)
B32021,250250103001,16874.668152633396,0.14535789475727948,0.5063361006458207,0.04985107507608804,POINT (-71.0964 42.3376)
B32022,250250819001,7339.973237503562,0.385236537548621,0.07645909994485219,0.12987965087335013,POINT (-71.0823 42.318)
B32023,250250817003,7375.871249094795,0.34849201569187066,0.12917387660062316,0.1394713517311697,POINT (-71.0918 42.3217)
B32025,250250904003,8985.15125828101,0.315889921869917,0.0765817572184107,0.08693562550879824,POINT (-71.0698 42.3188)
B32026,250250804012,8719.710980080543,0.30648433044565043,0.14301152680073823,0.11196544179395364,POINT (-71.0813 42.3328)
B32027,250250819003,9706.042373377362,0.28063298704622547,0.0769837624020283,0.14858771209028596,POINT (-71.0919 42.3169)
B32028,250250902002,10154.075489993944,0.33150579353210535,0.06637568092675548,0.10616951759498013,POINT (-71.0812 42.308)
B32029,250250903002,9864.06002323613,0.4035004969544863,0.058930351704770984,0.10230147650819219,POINT (-71.0729 42.3096)
B32030,250250817001,8066.669218372905,0.3369182369254021,0.09964893054703963,0.14525555881094188,POINT (-71.0832 42.3241)
B32031,250250916001,12195.619653719741,0.32104117342439636,0.11954455377002143,0.08297345616427991,POINT (-71.065 42.3079)
B32032,250250303003,20901.204931042445,0.08901290579164964,0.8326495955045001,0.15089058990802875,POINT (-71.0596 42.3598)
B32033,250250103001,16874.668152633396,0.14535789475727948,0.5063361006458207,0.04985107507608804,POINT (-71.099 42.3365)
B32034,250250102034,22277.76147695829,0.15891167019590433,0.5997727960562612,0.02990308352150869,POINT (-71.0972 42.3447)
B32035,250250005021,12679.077614768281,0.11059244664327023,0.7139180875317739,0.11427973305594712,POINT (-71.1507 42.3355)
B32036,250250810011,16204.62282721625,0.1537330028322268,0.4971079344085154,0.10234894763336586,POINT (-71.1052 42.3341)
B32037,250250101032,24196.860252070597,0.11694541680764464,0.5675008288637323,0.02458034008621726,POINT (-71.0973 42.3492)
B32055,250250806013,4975.097885307859,0.29761511531074797,0.1673797414726627,0.13922215544299937,POINT (-71.0902 42.3295)
B32056,250250701013,20803.62238120514,0.11526644089328793,0.7026473848594365,0.1384420300485924,POINT (-71.0617 42.3567)
B32057,250250818003,9311.953891129939,0.36330557207097497,0.08319767806639533,0.15656349853656323,POINT (-71.078 42.3178)
B32058,250250102043,21175.857629713824,0.03649902448133556,0.5465518911824827,0.015479337338780236,POINT (-71.1002 42.3473)
B32059,250250806012,8369.382991791197,0.22758271181496062,0.25467856382712706,0.13625842021097437,POINT (-71.0922 42.3329)
B32060,250250101031,19342.63919631048,0.023441788540727825,0.566051810605656,0.00569239103295922,POINT (-71.1039 42.3496)
B32061,250250303003,20901.204931042445,0.08901290579164964,0.8326495955045001,0.15089058990802875,POINT (-71.0614 42.3585)
B32062,250250104051,30531.34704798599,0.036759683560331276,0.5547349883458256,0.017664539267806388,POINT (-71.0905 42.3392)
C23045,250251011023,7970.786175794227,0.4339230952648281,0.030772316673958827,0.09152720452965589,POINT (-71.0862 42.2808)
C32000,250250704021,10684.410596546188,0.14922401344704345,0.6246654227293567,0.12281755735993814,POINT (-71.0696 42.3454)
C32001,250250814003,8492.838860826014,0.23811802420962025,0.396314439296748,0.10125771067892345,POINT (-71.0952 42.3312)
C32002,250250711011,9634.761043631092,0.17774091253940238,0.541919794160506,0.10112207623548759,POINT (-71.0731 42.3364)
C32003,250250106001,13246.882641141172,0.12691978052461153,0.7000894314886222,0.15192479807586132,POINT (-71.0766 42.3481)
C32004,250250708001,20233.171947588948,0.13297217437251757,0.5633143666167849,0.0996969428783687,POINT (-71.0814 42.3405)
C32005,250250805002,12099.547837112406,0.2609489222280695,0.2334009243627945,0.11927980662909242,POINT (-71.079 42.3351)
C32006,250250711011,9634.761043631092,0.17774091253940238,0.541919794160506,0.10112207623548759,POINT (-71.074 42.3385)
C32007,250250106001,13246.882641141172,0.12691978052461153,0.7000894314886222,0.15192479807586132,POINT (-71.0807 42.3465)
C32008,250250107011,14628.172610072304,0.08658217979141744,0.8097621489843784,0.11731607932811892,POINT (-71.0824 42.3488)
C32009,250250612001,13698.62579302553,0.18531955721222765,0.5540423843382999,0.06291636729032625,POINT (-71.0574 42.344)
C32010,250250606001,10345.528636545854,0.11273158458165614,0.7375119167125617,0.11951339750590863,POINT (-71.0496 42.3511)
C32012,250250612002,14456.978500213181,0.2063968869850309,0.4869638977954122,0.08467533695003238,POINT (-71.057 42.3307)
C32013,250250910014,9665.142986229033,0.239383251372912,0.5338035147873148,0.10085805567296977,POINT (-71.05112 42.32049)
C32014,250250909012,4896.314315291275,0.2081066840464651,0.5359580904579293,0.10147029055355984,POINT (-71.0413 42.3145)
C32015,250250801002,8010.773169372536,0.34110988985578056,0.09201454030442992,0.10629005805116495,POINT (-71.0754 42.3253)
C32016,250250605015,12754.839652513268,0.14193735939399357,0.8928208028029341,0.11157840953989369,POINT (-71.0459 42.3357)
C32017,250250605012,12751.83006448256,0.13722241189304837,0.9275580244414746,0.058607904851339994,POINT (-71.0388 42.3357)
C32018,250250907004,10965.35055338988,0.2909888552377058,0.4886410094202937,0.1115165301145914,POINT (-71.062 42.3206)
C32019,250250913001,9866.067689527736,0.3278908326287604,0.3210816830155161,0.12610761896340653,POINT (-71.0654 42.3173)
C32020,250259812021,8889.712063482955,0.15726772603011804,0.924506021036384,0.050062291347011414,POINT (-71.0287 42.3448)
C32021,250259812021,8889.712063482955,0.15726772603011804,0.924506021036384,0.050062291347011414,POINT (-71.0316 42.3448)
C32022,250250801001,6907.025843284673,0.21256523745909006,0.3577941385096622,0.0731874160086433,POINT (-71.0665 42.3266)
C32023,250259812011,10484.82888705464,0.21597791340269173,0.9328487165373001,0.09852877078817669,POINT (-71.0237 42.3364)
C32024,250250612001,13698.62579302553,0.18531955721222765,0.5540423843382999,0.06291636729032625,POINT (-71.0526 42.3441)
C32025,250250704021,10684.410596546188,0.14922401344704345,0.6246654227293567,0.12281755735993814,POINT (-71.0632 42.3459)
C32027,250259803001,9038.32110003983,0.2780423994959406,0.23068047901379266,0.09310705749854721,POINT (-71.0922 42.3098)
C32028,250250606001,10345.528636545854,0.11273158458165614,0.7375119167125617,0.11951339750590863,POINT (-71.044 42.3448)
C32029,250250607001,15183.28935952827,0.1940807609875619,0.5969401500360546,0.07939480902852804,POINT (-71.0514 42.3391)
C32030,250259803001,9038.32110003983,0.2780423994959406,0.23068047901379266,0.09310705749854721,POINT (-71.0853 42.3035)
C32031,250250911001,10083.426478702868,0.2877750607712376,0.5669351824268706,0.12567535652467662,POINT (-71.0567 42.3176)
C32032,250250606001,10345.528636545854,0.11273158458165614,0.7375119167125617,0.11951339750590863,POINT (-71.0377 42.3482)
C32033,250250910012,5696.489729007413,0.29374208247345307,0.3464218064955627,0.16378486711501197,POINT (-71.0539 42.3106)
C32034,250250606001,10345.528636545854,0.11273158458165614,0.7375119167125617,0.11951339750590863,POINT (-71.0457 42.3515)
C32035,250250704021,10684.410596546188,0.14922401344704345,0.6246654227293567,0.12281755735993814,POINT (-71.0623 42.3437)
C32036,250250606001,10345.528636545854,0.11273158458165614,0.7375119167125617,0.11951339750590863,POINT (-71.0482 42.3532)
C32037,250250901002,10863.510289783748,0.34817452422811646,0.0530635817813592,0.11841750827350138,POINT (-71.0793 42.3041)
C32038,250250923002,8706.158692215648,0.382842491707273,0.0907251503267061,0.11372150370237116,POINT (-71.0718 42.2903)
C32039,250250923004,9763.48731083582,0.3764293688980438,0.04791642345549519,0.09797790936326613,POINT (-71.0783 42.2944)
C32040,,,,,,POINT (-70.9056 42.1672)
C32041,250250922001,9300.664811787005,0.40782308873041295,0.17646003533838603,0.1365981843468268,POINT (-71.0606 42.2997)
C32042,250250920003,10265.086777614288,0.416176489732264,0.07390331310637495,0.10608608415567077,POINT (-71.0735 42.2992)
C32043,250251001006,7487.543470867546,0.35387660006084665,0.04524199398664095,0.10917801043464775,POINT (-71.0871 42.2946)
C32044,250251011024,6914.8615727403,0.45537057923266455,0.04264291353284008,0.1122158279947247,POINT (-71.0937 42.2745)
C32045,250251010023,6892.540749101369,0.4207766870638335,0.038073611130997415,0.1073839614856431,POINT (-71.0936 42.2679)
C32046,250251105021,5334.1586106813675,0.3386132904969823,0.6305231881502613,0.11109997031474088,POINT (-71.1284 42.2862)
C32047,250251106073,5921.411342208319,0.23633987198704529,0.6562227826024589,0.14272860770067583,POINT (-71.1278 42.2871)
C32048,250251101037,4386.824573312512,0.30240939327398303,0.46958198365960135,0.10753760022218879,POINT (-71.1211 42.2927)
C32049,250251003001,7287.9989919127265,0.4001765388459251,0.0436160990458317,0.12016344284867811,POINT (-71.0795 42.2863)
C32050,250251011022,9037.633404105089,0.42442131689432044,0.030757258711772272,0.10798929002963624,POINT (-71.0932 42.2774)
C32051,250259812011,10484.82888705464,0.21597791340269173,0.9328487165373001,0.09852877078817669,POINT (-71.025 42.3334)
C32052,250250610003,14034.427366854816,0.27295359518565304,0.490323533992583,0.0535525642369783,POINT (-71.0506 42.3302)
C32053,250250612001,13698.62579302553,0.18531955721222765,0.5540423843382999,0.06291636729032625,POINT (-71.0575 42.3428)
C32055,250251005002,8636.25361206678,0.3292436788126241,0.20224496496557007,0.12249666985456739,POINT (-71.0711 42.2874)
C32056,250250708002,21938.764142993423,0.17543524304674973,0.42024974215665567,0.1702908318157003,POINT (-71.0815 42.3389)
C32057,250250704021,10684.410596546188,0.14922401344704345,0.6246654227293567,0.12281755735993814,POINT (-71.0638 42.3452)
C32058,250250106001,13246.882641141172,0.12691978052461153,0.7000894314886222,0.15192479807586132,POINT (-71.0804 42.3483)
C32059,250251105021,5334.1586106813675,0.3386132904969823,0.6305231881502613,0.11109997031474088,POINT (-71.1367 42.2863)
C32060,250250705002,14613.572925956998,0.16731159146445992,0.6934604242635111,0.183444478419294,POINT (-71.0742 42.3425)
C32061,250250712011,7650.011572487275,0.16637533164458826,0.5658794770066394,0.1261575693993629,POINT (-71.0689 42.3366)
C32062,250251008006,7069.395437027682,0.30227540347913207,0.3835790107643755,0.13246932720295496,POINT (-71.0641 42.2857)
C32063,250250708003,20233.173304328855,0.14454853437179782,0.5633144043899503,0.12090417737790808,POINT (-71.0816 42.3408)
C32064,250250907001,11543.86030015726,0.3174715963807349,0.5525583775273427,0.13054205766371133,POINT (-71.0536 42.3204)
C32065,250251006013,10519.951485448697,0.3740307720806235,0.38396559642282846,0.12001577233871456,POINT (-71.0573 42.2917)
C32066,250251006014,9947.668380718058,0.31566582349709255,0.33195889417895236,0.160952433675349,POINT (-71.0626 42.2918)
C32067,250250712011,7650.011572487275,0.16637533164458826,0.5658794770066394,0.1261575693993629,POINT (-71.0669 42.343)
C32077,250250707002,16664.84250693866,0.15323815602942514,0.689892405284311,0.1466763176912106,POINT (-71.0765 42.3447)
C32078,250251101034,4142.0168203603735,0.2954392821074488,0.3650115362088861,0.12245690682662927,POINT (-71.1177 42.2912)
C32079,250251102011,4819.485938861384,0.3502874755505502,0.37834708298901015,0.12171490920351448,POINT (-71.1169 42.2788)
C32080,250251102011,4819.485938861384,0.3502874755505502,0.37834708298901015,0.12171490920351448,POINT (-71.1187 42.2848)
C32081,250251105022,5234.796917651498,0.32130314907153185,0.5835365196670784,0.11368360761857325,POINT (-71.1342 42.2807)
C32083,250251009001,4931.891700773381,0.4043157942752832,0.31539774441864,0.19862277942197493,POINT (-71.0696 42.2772)
C32084,250251004004,8064.3229459464055,0.37057156700210214,0.1504706100813098,0.15134137699830005,POINT (-71.0715 42.282)
C32085,250251302003,3516.325851553133,0.23970028781722108,0.798972514233401,0.1836618219551212,POINT (-71.1534 42.2863)
C32086,250251303003,3184.107816494945,0.2362405577863441,0.8092172676203461,0.16030340034177937,POINT (-71.1573 42.2828)
C32087,250251304021,2751.610500571275,0.2813788786772679,0.783225316230779,0.19099818106213415,POINT (-71.1634 42.2775)
C32088,250251009003,5586.706513920337,0.39925310722832047,0.2249583079914676,0.12452927031763733,POINT (-71.0734 42.2709)
C32089,250251101035,4347.851358502128,0.25642051900582036,0.509150053647378,0.11358715099995581,POINT (-71.116 42.2961)
C32090,250250909012,4896.314315291275,0.2081066840464651,0.5359580904579293,0.10147029055355984,POINT (-71.0454 42.3189)
C32091,250259812021,8889.712063482955,0.15726772603011804,0.924506021036384,0.050062291347011414,POINT (-71.0399 42.3418)
C32092,250251001005,10566.006106512681,0.3447967195234703,0.04434127191388555,0.09798444684355548,POINT (-71.091 42.286)
C32093,250250712012,9672.056891033304,0.2093885054992575,0.5907949100159348,0.21881308550563933,POINT (-71.0698 42.3392)
C32094,250259811004,7956.626253381635,0.29406230202958655,0.05524547499466108,0.08174748447765372,POINT (-71.095 42.2889)
C32095,250251106072,5188.253808830892,0.2858222118403913,0.7603040405278836,0.13013665479560135,POINT (-71.1464 42.2861)
C32096,250251106074,3779.835944919388,0.1939558671499352,0.8091922126271258,0.2285281007384561,POINT (-71.1366 42.2938)
C32097,250251005001,9236.194209536776,0.2870485827988894,0.26845932062895816,0.1443166249275653,POINT (-71.063 42.2912)
C32098,250251007004,6109.116356745737,0.38900343632059675,0.7765296360276497,0.14336810196450298,POINT (-71.0547 42.286)
C32099,250259803001,9038.32110003983,0.2780423994959406,0.23068047901379266,0.09310705749854721,POINT (-71.0917 42.297)
C32100,250251401052,4194.611822729983,0.34790951477455073,0.21909019344511757,0.11141549559367715,POINT (-71.1216 42.2629)
C32102,250259803001,9038.32110003983,0.2780423994959406,0.23068047901379266,0.09310705749854721,POINT (-71.0962 42.3124)
C32103,250251010021,6552.571468339885,0.3955747921417023,0.07224659183315689,0.1348034098186491,POINT (-71.0803 42.2787)
C32104,250251403003,4517.615021496011,0.42832080225145974,0.2657049956713379,0.1543155513949883,POINT (-71.1244 42.2556)
C32105,250251103011,3500.3595716438754,0.3444768982991113,0.3692983002002431,0.12763687888287895,POINT (-71.1097 42.2858)
C32106,250251404006,4302.273706321668,0.3677360504622145,0.12323584934082248,0.09844104613599806,POINT (-71.1192 42.2681)
D32000,250250203011,28863.853485691357,0.10644719054437354,0.7557880765381801,0.22717247881040584,POINT (-71.0653 42.3613)
D32001,250250001001,11149.682186388642,0.24263702092411515,0.6011621782632871,0.07180834435909197,POINT (-71.1467 42.3573)
D32002,250250712011,7650.011572487275,0.16637533164458826,0.5658794770066394,0.1261575693993629,POINT (-71.0689 42.3415)
D32003,250250203032,24142.706796064744,0.08538320905879249,0.8011404141004803,0.11965553855614655,POINT (-71.0605 42.3659)
D32004,250250701018,14047.426644546635,0.13713695022965064,0.7342057802164607,0.1369920132471242,POINT (-71.0583 42.3553)
D32005,250250106001,13246.882641141172,0.12691978052461153,0.7000894314886222,0.15192479807586132,POINT (-71.0773 42.3497)
D32006,250250303001,23336.042434011837,0.1462180821211078,0.8876047632506694,0.1497944519275232,POINT (-71.0509 42.3639)
D32007,250259817001,15584.294269194443,0.06963658494605772,0.7482445982602856,0.16752404169836294,POINT (-71.0677 42.3526)
D32008,250250303001,23336.042434011837,0.1462180821211078,0.8876047632506694,0.1497944519275232,POINT (-71.0507 42.3571)
D32009,250250303003,20901.204931042445,0.08901290579164964,0.8326495955045001,0.15089058990802875,POINT (-71.0575 42.3604)
D32010,250250304002,21258.79930793074,0.13758207573389675,0.8848747025758226,0.07658244634384631,POINT (-71.0561 42.3628)
D32011,250250702003,8273.014288550097,0.13795757228832314,0.6842435979504885,0.12165912809262494,POINT (-71.0663 42.3511)
D32012,250250701018,14047.426644546635,0.13713695022965064,0.7342057802164607,0.1369920132471242,POINT (-71.0554 42.3568)
D32013,250250107021,13735.288485675079,0.0743694221968996,0.825889188020182,0.16731663685087012,POINT (-71.0736 42.351)
D32014,250250701014,15912.31844159775,0.143878286941753,0.7319985062277935,0.1322729863706281,POINT (-71.0633 42.355)
D32015,250250701011,10666.135930841705,0.16827027956374446,0.5495454995808399,0.10946767087357977,POINT (-71.0594 42.3514)
D32016,250250202003,23457.217451476878,0.08512518927483269,0.7838932709455371,0.20759340495844583,POINT (-71.0709 42.3607)
D32017,250250108011,18129.180596961567,0.0856983358781822,0.8267265185422442,0.21499270044603655,POINT (-71.0728 42.3555)
D32018,250250606001,10345.528636545854,0.11273158458165614,0.7375119167125617,0.11951339750590863,POINT (-71.0441 42.3475)
D32019,250250701015,15912.317893276208,0.14387828198385844,0.73199848100391,0.1322729818126436,POINT (-71.0627 42.3524)
D32020,250250404012,11153.239090166526,0.181452836856976,0.839553175311984,0.14710926221663784,POINT (-71.0646 42.3756)
D32021,250250401001,11823.002732174125,0.1524801748439467,0.8572591033213418,0.17568245706265842,POINT (-71.0603 42.3718)
D32022,250250203032,24142.706796064744,0.08538320905879249,0.8011404141004803,0.11965553855614655,POINT (-71.0645 42.3659)
D32023,250250408013,10737.68899236524,0.220147519750362,0.521800038389346,0.08328167531932545,POINT (-71.0489 42.3783)
D32024,250259817001,15584.294269194443,0.06963658494605772,0.7482445982602856,0.16752404169836294,POINT (-71.0698 42.3561)
D32026,250250408011,15199.557707209153,0.19745523578406843,0.484384076673165,0.07397104303945938,POINT (-71.0566 42.377)
D32027,250250107021,13735.288485675079,0.0743694221968996,0.825889188020182,0.16731663685087012,POINT (-71.0766 42.3504)
D32028,250250006012,6642.5664486710975,0.18054556422201246,0.7026823942906297,0.08457657528524996,POINT (-71.1503 42.3489)
D32029,250250002022,9930.451271509182,0.1614655294398296,0.6871384872476444,0.07950215198800924,POINT (-71.1604 42.349)
D32030,250250002021,10300.002153604017,0.20164821631341676,0.642747851905868,0.07674710523650824,POINT (-71.1502 42.3548)
D32031,250250002013,7904.630737729376,0.21835785938136398,0.7195830090824867,0.06699245996418202,POINT (-71.1665 42.3506)
D32032,250250101033,21919.90308212645,0.02338959733941719,0.5647174341583487,0.0067669071249777816,POINT (-71.1006 42.3495)
D32033,250250005023,14921.29718165718,0.14431100134175126,0.6760763085634339,0.18080829508557622,POINT (-71.1517 42.3402)
D32034,250250007015,31586.835096470146,0.16518790142277295,0.6002755871107989,0.10365392794935298,POINT (-71.14 42.3484)
D32035,250250007031,19015.645460316824,0.09526211395408053,0.5250182385822596,0.04545239566194673,POINT (-71.1303 42.3496)
D32036,250250406002,12035.934310311653,0.17723829786048373,0.8421606087935815,0.09540404894341284,POINT (-71.0706 42.3809)
D32037,250250408012,10125.060620319024,0.3183704758381143,0.306859250203181,0.12036498345944803,POINT (-71.0609 42.3806)
D32038,250250404012,11153.239090166526,0.181452836856976,0.839553175311984,0.14710926221663784,POINT (-71.0638 42.3749)
D32039,250250408013,10737.68899236524,0.220147519750362,0.521800038389346,0.08328167531932545,POINT (-71.0548 42.374)
D32040,250251202012,6361.564528448042,0.1874327049003156,0.6079157705548238,0.11144894816920346,POINT (-71.1077 42.3065)
D32041,250251203014,8001.570618466006,0.21053909028027826,0.5308887849624812,0.08294559428909211,POINT (-71.1044 42.317)
D32042,250259817001,15584.294269194443,0.06963658494605772,0.7482445982602856,0.16752404169836294,POINT (-71.0704 42.352)
D32043,250250702001,10729.83419555878,0.15743743354465967,0.6938135632133123,0.12740247571941393,POINT (-71.0621 42.3494)
D32044,250250303003,20901.204931042445,0.08901290579164964,0.8326495955045001,0.15089058990802875,POINT (-71.0574 42.3625)
D32045,250250107021,13735.288485675079,0.0743694221968996,0.825889188020182,0.16731663685087012,POINT (-71.0778 42.351)
D32046,250250107021,13735.288485675079,0.0743694221968996,0.825889188020182,0.16731663685087012,POINT (-71.0795 42.3496)
D32047,250250107021,13735.288485675079,0.0743694221968996,0.825889188020182,0.16731663685087012,POINT (-71.076 42.3522)
D32048,250250702003,8273.014288550097,0.13795757228832314,0.6842435979504885,0.12165912809262494,POINT (-71.0656 42.3485)
D32049,250250106001,13246.882641141172,0.12691978052461153,0.7000894314886222,0.15192479807586132,POINT (-71.0724 42.3495)
D32050,250250203012,28863.856133524674,0.10796479165187996,0.7557881458706102,0.2202714302241867,POINT (-71.0696 42.3644)
D32051,250250201012,21487.15441891204,0.06774583529249072,0.832791762974652,0.15673548328892367,POINT (-71.0708 42.3587)
D32052,250251201042,8734.359130453366,0.14993058994857697,0.6908307668977423,0.08014451052892398,POINT (-71.1157 42.306)
D32053,250250406001,12035.934226241512,0.17723829662248708,0.8421606029111667,0.09540404827702456,POINT (-71.0751 42.3845)
D32054,250250006023,12992.805768153885,0.20955024679917927,0.6777201265843396,0.09784555222695605,POINT (-71.1455 42.3468)
D32057,250250303002,23336.04284694606,0.14318966205232334,0.8876047789569409,0.14005224990652154,POINT (-71.0552 42.3607)
E32001,250251204003,8026.397610964075,0.14528645277000918,0.7389835404839987,0.10607132654873337,POINT (-71.11543 42.30905)
E32002,250251204003,8026.397610964075,0.14528645277000918,0.7389835404839987,0.10607132654873337,POINT (-71.1141 42.3132)
E32003,250251204005,9553.871083059925,0.11233622752847001,0.7256337850284902,0.1794478751369758,POINT (-71.1108 42.321)
E32004,250251203011,8378.27595707811,0.23119669982523763,0.4994804352797527,0.13550732825716347,POINT (-71.0986 42.3157)
E32005,250251202012,6361.564528448042,0.1874327049003156,0.6079157705548238,0.11144894816920346,POINT (-71.1073 42.3106)
E32006,250250813003,10607.981889783308,0.2775841456299873,0.4183426344791333,0.10287298034255642,POINT (-71.0995 42.3227)
E32007,250251207001,7969.069497457083,0.14462977300224833,0.5569917473416066,0.24256082383451683,POINT (-71.1109 42.328)
E32008,250251204003,8026.397610964075,0.14528645277000918,0.7389835404839987,0.10607132654873337,POINT (-71.1143 42.3121)
E32009,250250922002,7584.523896905372,0.35135003206447046,0.22394273075015955,0.12506579773650203,POINT (-71.0657 42.2929)
E32010,250251101033,7772.924581987347,0.1932898562401339,0.5686497376796212,0.0966477519827985,POINT (-71.1142 42.3009)
E32011,250250813002,9418.921400172474,0.3193663332971368,0.3158048216488619,0.1276028164157297,POINT (-71.0964 42.3193)
E32012,250250812001,10177.012115456462,0.22621196887318515,0.33268923283919244,0.10225365303167572,POINT (-71.102 42.3242)
H32001,250251605012,17800.826291998597,0.42675331348162093,0.2348166034167316,0.11794969988497815,POINT (-71.0307 42.3981)
H32002,250251604002,14327.578367838472,0.30842308562147525,0.1668655533042282,0.06816856912464428,POINT (-71.0339 42.393)
H32003,250251602003,13354.815526053779,0.27979794890381554,0.25246032772472615,0.06951214727538732,POINT (-71.0386 42.3902)
H32004,250251601014,14425.241101784663,0.30088419065099004,0.20472367531612606,0.04705792226766954,POINT (-71.0309 42.3945)
H32005,250251604001,12551.93561488096,0.3330758894521887,0.20169225485768505,0.09638431742185234,POINT (-71.0399 42.3964)
H32006,250251605023,15427.955907749309,0.35879392761929224,0.2379227360408796,0.07701686488258778,POINT (-71.0239 42.3984)
K32001,,,,,,POINT (-71.1233 42.3416)
K32002,,,,,,POINT (-71.1449 42.3374)
K32003,,,,,,POINT (-71.1162 42.3328)
K32004,,,,,,POINT (-71.1284 42.3466)
K32005,,,,,,POINT (-71.1205 42.3338)
K32006,,,,,,POINT (-71.1213 42.3515)
K32007,,,,,,POINT (-71.1104 42.345)
K32008,,,,,,POINT (-71.1285 42.3321)
K32009,,,,,,POINT (-71.1254 42.3278)
K32010,,,,,,POINT (-71.1218 42.3254)
K32011,,,,,,POINT (-71.1305 42.3383)
K32012,,,,,,POINT (-71.1213 42.3398)
K32015,,,,,,POINT (-71.1147 42.3441)
K32017,,,,,,POINT (-71.1249 42.3444)
L32001,,,,,,POINT (-73.5669 45.5051)
L32002,,,,,,POINT (-71.1491 42.4094)
L32003,,,,,,POINT (-71.1438 42.4073)
L32004,,,,,,POINT (-71.1401 42.4099)
L32005,,,,,,POINT (-71.1446 42.4002)
L32006,,,,,,POINT (-71.1505 42.4142)
M32001,,,,,,POINT (-71.0765 42.3707)
M32002,,,,,,POINT (-71.0917 42.3663)
M32003,,,,,,POINT (-71.0841 42.3626)
M32004,,,,,,POINT (-71.085 42.3624)
M32005,,,,,,POINT (-71.0921 42.362)
M32006,,,,,,POINT (-71.0932 42.3581)
M32007,,,,,,POINT (-71.0944 42.373)
M32009,,,,,,POINT (-71.1006 42.3635)
M32010,,,,,,POINT (-71.1014 42.374)
M32011,,,,,,POINT (-71.1031 42.3651)
M32012,,,,,,POINT (-71.1055 42.3664)
M32013,,,,,,POINT (-71.1111 42.3734)
M32014,,,,,,POINT (-71.1142 42.3666)
M32016,,,,,,POINT (-71.1215 42.3712)
M32017,,,,,,POINT (-71.1209 42.3732)
M32018,,,,,,POINT (-71.1186 42.3733)
M32019,,,,,,POINT (-71.0765 42.367)
M32020,,,,,,POINT (-71.1199 42.379)
M32021,,,,,,POINT (-71.114 42.3764)
M32022,,,,,,POINT (-71.1139 42.3572)
M32023,,,,,,POINT (-71.1169 42.3779)
M32024,,,,,,POINT (-71.1251 42.3803)
M32025,,,,,,POINT (-71.1305 42.3978)
M32026,,,,,,POINT (-71.1044 42.3708)
M32027,,,,,,POINT (-71.0864 42.3661)
M32029,,,,,,POINT (-71.1191 42.388)
M32030,,,,,,POINT (-71.1074 42.3616)
M32031,,,,,,POINT (-71.1328 42.389)
M32032,,,,,,POINT (-71.0822 42.3636)
M32033,,,,,,POINT (-71.1395 42.3961)
M32034,,,,,,POINT (-71.07 42.3699)
M32035,,,,,,POINT (-71.077 42.3658)
M32036,,,,,,POINT (-71.129 42.3928)
M32037,,,,,,POINT (-71.0882 42.3625)
M32038,,,,,,POINT (-71.11714 42.36919)
M32039,,,,,,POINT (-71.119 42.3867)
M32040,,,,,,POINT (-71.1001 42.3626)
M32041,,,,,,POINT (-71.1013 42.3596)
M32042,,,,,,POINT (-71.1039 42.3556)
M32043,,,,,,POINT (-71.1332 42.3748)
M32044,,,,,,POINT (-71.1343 42.3817)
M32045,,,,,,POINT (-71.0712 42.3677)
M32046,,,,,,POINT (-71.1426 42.3956)
M32047,,,,,,POINT (-71.1039 42.3578)
M32048,,,,,,POINT (-71.0828 42.3654)
M32049,,,,,,POINT (-71.072 42.3721)
M32050,,,,,,POINT (-71.1131 42.3725)
M32051,,,,,,POINT (-71.1435 42.3827)
M32052,,,,,,POINT (-71.0976 42.3712)
M32053,,,,,,POINT (-71.0804 42.3616)
M32054,,,,,,POINT (-71.1486 42.375)
M32055,,,,,,POINT (-71.0952 42.366)
M32056,,,,,,POINT (-71.1229 42.3914)
M32057,,,,,,POINT (-71.1396 42.3839)
M32058,,,,,,POINT (-71.1439 42.3936)
M32059,,,,,,POINT (-71.0876 42.3637)
M32060,,,,,,POINT (-71.1541 42.3808)
M32061,,,,,,POINT (-71.0967 42.3614)
M32062,,,,,,POINT (-71.1002 42.3744)
M32063,,,,,,POINT (-71.0993 42.3686)
M32064,,,,,,POINT (-71.0801 42.3655)
M32065,,,,,,POINT (-71.0858 42.3696)
M32066,,,,,,POINT (-71.148 42.3979)
M32067,,,,,,POINT (-71.09 42.3721)
M32068,,,,,,POINT (-71.1245 42.3829)
M32069,,,,,,POINT (-71.1506 42.3924)
M32070,,,,,,POINT (-71.0867 42.3605)
M32071,,,,,,POINT (-71.0855 42.3609)
M32072,,,,,,POINT (-71.0897 42.363)
M32073,,,,,,POINT (-71.11 42.369)
M32074,,,,,,POINT (-71.1539 42.3907)
M32075,,,,,,POINT (-71.139 42.3895)
M32076,,,,,,POINT (-71.1084 42.3577)
M32077,,,,,,POINT (-71.0762 42.3711)
N32000,,,,,,POINT (-71.1864 42.3557)
N32001,,,,,,POINT (-71.1994 42.3539)
N32002,,,,,,POINT (-71.2015 42.3607)
N32003,,,,,,POINT (-71.186 42.3571)
N32004,,,,,,POINT (-71.1937 42.3296)
N32005,,,,,,POINT (-71.2263 42.3496)
N32006,,,,,,POINT (-71.22 42.3495)
N32008,,,,,,POINT (-71.1929 42.3305)
N32009,,,,,,POINT (-71.1671 42.3399)
N32010,,,,,,POINT (-71.2064 42.3221)
N32011,,,,,,POINT (-71.2024 42.3651)
N32012,,,,,,POINT (-71.2067 42.3301)
N32013,,,,,,POINT (-71.2078 42.3362)
N32014,,,,,,POINT (-71.2076 42.3515)
N32015,,,,,,POINT (-71.2478 42.3481)
R32001,250251707021,12737.066015941311,0.47318147468813315,0.29118396631297466,0.11343871911403446,POINT (-70.998 42.4083)
R32002,250251707025,11722.969169261358,0.47595570860534203,0.34104417603981474,0.12786828549863521,POINT (-70.9927 42.4072)
R32006,250251706013,5554.832038741562,0.44281772812736997,0.48161723065837103,0.1501036947803997,POINT (-71.0139 42.4074)
R32007,250251706014,9242.22962312711,0.43665751337285513,0.3785621493647903,0.1124292530577602,POINT (-71.0089 42.4081)
S32001,,,,,,POINT (-71.0981 42.3868)
S32002,,,,,,POINT (-71.0953 42.3796)
S32003,,,,,,POINT (-71.1057 42.3784)
S32004,,,,,,POINT (-71.1076 42.3834)
S32005,,,,,,POINT (-71.1133 42.3856)
S32006,,,,,,POINT (-71.123 42.397)
S32007,,,,,,POINT (-71.111 42.3992)
S32008,,,,,,POINT (-71.1168 42.4009)
S32009,,,,,,POINT (-71.1234 42.4045)
S32010,,,,,,POINT (-71.1324 42.4063)
S32011,,,,,,POINT (-71.1265 42.402)
S32014,250250406001,12035.934226241512,0.17723829662248708,0.8421606029111667,0.09540404827702456,POINT (-71.076 42.3872)
S32015,,,,,,POINT (-71.0904 42.3911)
S32016,,,,,,POINT (-71.0985 42.3952)
S32017,,,,,,POINT (-71.0832 42.3876)
S32018,,,,,,POINT (-71.0775 42.3922)
S32019,,,,,,POINT (-71.1201 42.3964)
S32020,,,,,,POINT (-71.1024 42.3968)
S32021,,,,,,POINT (-71.0871 42.3811)
S32022,,,,,,POINT (-71.1113 42.3941)
S32023,,,,,,POINT (-71.104 42.381)
S32034,,,,,,POINT (-71.1034 42.3793)
S32035,,,,,,POINT (-71.1088 42.3803)
S32036,,,,,,POINT (-71.0975 42.3919)
S32037,,,,,,POINT (-71.1107 42.3883)
S32038,,,,,,POINT (-71.0871 42.3872)
S32039,,,,,,POINT (-71.1169 42.3895)
S32040,,,,,,POINT (-71.1056 42.3925)
S32041,,,,,,POINT (-71.0901 42.3801)
S32047,,,,,,POINT (-71.0807 42.393)
S32048,,,,,,POINT (-71.0959 42.3882)
T32001,,,,,,POINT (-70.8807 42.5219)
T32002,,,,,,POINT (-70.8702 42.5347)
T32003,,,,,,POINT (-70.8895 42.5184)
T32004,,,,,,POINT (-70.8957 42.518)
T32005,,,,,,POINT (-70.8961 42.5235)
T32006,,,,,,POINT (-70.8918 42.5114)
T32007,,,,,,POINT (-70.8948 42.5018)
V32001,,,,,,POINT (-71.0682 42.4114)
V32003,,,,,,POINT (-71.0555 42.4073)
V32004,,,,,,POINT (-71.0655 42.3965)
V32005,,,,,,POINT (-71.0724 42.3933)
V32006,,,,,,POINT (-71.0448 42.4143)
V32007,,,,,,POINT (-71.046 42.4091)
V32008,,,,,,POINT (-71.0526 42.4103)
V32009,,,,,,POINT (-71.0476 42.4033)
V32010,,,,,,POINT (-71.0627 42.4107)
V32011,,,,,,POINT (-71.0637 42.3984)
V32012,,,,,,POINT (-71.0528 42.415)
V32013,,,,,,POINT (-71.0604 42.4062)
W32001,,,,,,POINT (-71.1568 42.3721)
W32002,,,,,,POINT (-71.1809 42.3644)
W32004,,,,,,POINT (-71.1576 42.3628)
W32005,,,,,,POINT (-71.1879 42.3676)
W32006,,,,,,POINT (-71.1757 42.3647)
W32007,,,,,,POINT (-71.1566 42.3676)
W32008,,,,,,POINT (-71.191 42.3646)
