id,name,site_group,wkt
1,CORCORAN MULLINS JENNISON COMMUNITY BUILDING,Community Spaces,POINT (-71.045 42.31905)
2,Christian Science Plaza,Parks,POINT (-71.08489 42.34415)
4,Franklin Field Elderly Community Center,Community Spaces,POINT (-71.08276 42.29019)
5,St. Helenas Park,Parks,POINT (-71.06694 42.34009)
6,Castle Square Community Center,Community Spaces,POINT (-71.06864 42.34613)
7,Orchard Park,Parks,POINT (-71.07661 42.32948)
8,Boston Book Company,Social Businesses,POINT (-71.11456 42.3115)
9,Ebenezer House Of Worship,Places of Worship,POINT (-71.06039 42.32661)
10,Blackstone Community Center,Community Spaces,POINT (-71.07328 42.34039)
11,North Point Park,Parks,POINT (-71.06902 42.36902)
12,Tufts University Health Sciences Bookstore,Social Businesses,POINT (-71.06143 42.35039)
13,Brassica Kitchen + Cafe,Social Businesses,POINT (-71.11307 42.30025)
14,Ramakrishna Vedanta Society,Places of Worship,POINT (-71.09798 42.35052)
15,Laviscount Park,Parks,POINT (-71.08622 42.31666)
16,Seaport Square,Parks,POINT (-71.04441 42.35393)
17,SoundTreks,Places of Worship,POINT (-71.07799 42.35015)
18,Fenway Community Center,Community Spaces,POINT (-71.09754 42.34431)
19,Ebenezer Baptist Church,Places of Worship,POINT (-71.07861 42.33917)
20,Zia Gianna - Italian Bakery & Caffè,Social Businesses,POINT (-71.06306 42.29094)
21,Boston Harbor Community Church,Places of Worship,POINT (-71.05252 42.36596)
22,The VU,Social Businesses,POINT (-71.10181 42.31247)
23,Espresso Yourself,Social Businesses,POINT (-71.11533 42.31013)
24,Codman Square Market,Social Businesses,POINT (-71.10494 42.32282)
25,The Boston Flower & Garden Show,Parks,POINT (-71.04048 42.35139)
26,"Dorchester Park, Adams Street entrance",Parks,POINT (-71.06096 42.27695)
27,Reality Church Boston,Places of Worship,POINT (-71.07234 42.35253)
28,Elmhurst Street Park,Parks,POINT (-71.07644 42.28928)
29,Thomas J Butler Memorial Park,Parks,POINT (-71.02736 42.33849)
30,Cornerstone Pizza Cafe,Social Businesses,POINT (-71.07321 42.29941)
31,Congregación León de Judá,Places of Worship,POINT (-71.0768 42.33451)
32,Bahai Centre,Places of Worship,POINT (-71.07871 42.33014)
33,Dunkin',Social Businesses,POINT (-71.10382 42.32307)
34,One Liberty Square,Parks,POINT (-71.05474 42.35756)
35,Church Kendra L,Places of Worship,POINT (-71.10747 42.33747)
36,Grove Hall Branch of the Boston Public Library,Community Spaces,POINT (-71.08114 42.30796)
37,Curtis Hall Community Center,Community Spaces,POINT (-71.11514 42.30886)
38,Deliverence Temple Church of God,Places of Worship,POINT (-71.07606 42.30774)
39,"Church of God, Bethel of Boston",Places of Worship,POINT (-71.07378 42.2992)
40,Elm Hill Park,Parks,POINT (-71.08294 42.31287)
41,Ethiopian Evangelical Church,Places of Worship,POINT (-71.08732 42.32641)
42,Welcome Young Playground,Parks,POINT (-71.03176 42.2799)
43,Dot Cafe,Social Businesses,POINT (-71.06021 42.30098)
44,OUTDOOR CHURCH; Thursdays 6pm,Places of Worship,POINT (-71.06194 42.34431)
45,Ethiopian Cafe,Social Businesses,POINT (-71.10911 42.32238)
46,Chinatown Branch of the Boston Public Library,Community Spaces,POINT (-71.06279 42.35215)
47,Rose Kennedy Greenway,Parks,POINT (-71.05456 42.35343)
48,Pickering Educational Resources Library,Community Spaces,POINT (-71.10085 42.3497)
49,Wormwood Park,Parks,POINT (-71.05038 42.3476)
50,Posman Books,Social Businesses,POINT (-71.07677 42.3514)
51,Fellowship Church of God,Places of Worship,POINT (-71.10423 42.32307)
52,Little Free Library,Community Spaces,POINT (-71.0554 42.36192)
53,McLaughlin Playground,Parks,POINT (-71.10209 42.3284)
54,Hyde Square Music Studio,Community Spaces,POINT (-71.10676 42.32137)
55,Suffolk University Bookstore,Social Businesses,POINT (-71.06111 42.35678)
56,Dennis Street Park,Parks,POINT (-71.07488 42.32229)
57,The George Robert Fountain,Parks,POINT (-71.05377 42.36592)
58,Thomas J Kane Square,Parks,POINT (-71.05999 42.3198)
59,Fry Howard Store,Social Businesses,POINT (-71.06356 42.33502)
60,Bill Russell Statue on City Hall Plaza,Community Spaces,POINT (-71.05785 42.35974)
61,Little Free Library #45251,Community Spaces,POINT (-71.12323 42.32623)
62,Christ the King Dorchester - Office,Places of Worship,POINT (-71.05973 42.30107)
63,Hirsh Health Sciences Library,Community Spaces,POINT (-71.06203 42.34972)
64,Boston Harborwalk,Parks,POINT (-71.03564 42.32926)
65,Jamaica Plain Regional Office,Community Spaces,POINT (-71.11454 42.31324)
66,Church of God of Prophecy,Places of Worship,POINT (-71.08166 42.3215)
67,North End Branch of the Boston Public Library,Community Spaces,POINT (-71.05493 42.36412)
68,Langone Park,Parks,POINT (-71.05615 42.36876)
69,Phillips Square,Parks,POINT (-71.06157 42.35235)
70,Hyssop Christian Church,Places of Worship,POINT (-71.06118 42.29633)
71,Brattle Book Shop,Social Businesses,POINT (-71.062 42.35466)
72,Neponset River Reservation,Parks,POINT (-71.05216 42.27892)
73,Castle Island,Parks,POINT (-71.01252 42.33787)
74,Newcomb Square,Parks,POINT (-71.088 42.34736)
75,Ceylon Park,Parks,POINT (-71.07392 42.31014)
76,BESS'S CAFE,Social Businesses,POINT (-71.12442 42.32752)
77,Brewer Fountain,Parks,POINT (-71.0631 42.35619)
78,Park Swings,Parks,POINT (-71.0562 42.36261)
79,Michael D. Papagiannis Astronomy Library,Community Spaces,POINT (-71.10544 42.35028)
80,Justine Mee Liff Park,Parks,POINT (-71.10338 42.34325)
81,Franklin Park Playstead,Parks,POINT (-71.09397 42.30762)
82,Murphy Playground,Parks,POINT (-71.11431 42.30714)
83,Anna M. Cole Community Center,Community Spaces,POINT (-71.09968 42.32453)
84,Castle Square,Parks,POINT (-71.06907 42.34592)
85,Joe Moakley Park,Parks,POINT (-71.04987 42.32568)
86,Brookline Avenue Playground,Parks,POINT (-71.1127 42.3346)
87,Copley Square Farmers Market,Parks,POINT (-71.07656 42.34978)
88,Trinity Lutheran Church,Places of Worship,POINT (-71.1299 42.29886)
89,Prayerroom pentecostal church Of Faith,Places of Worship,POINT (-71.07695 42.2895)
91,Savin Hill Park,Parks,POINT (-71.04892 42.31081)
92,French Culteral Center,Community Spaces,POINT (-71.07482 42.35425)
93,Dunkin',Social Businesses,POINT (-71.03455 42.28033)
94,Follett Higher Education Group,Social Businesses,POINT (-71.06132 42.35698)
95,The Dewitt Center,Community Spaces,POINT (-71.08479 42.33282)
96,Neighborhood Services,Community Spaces,POINT (-71.0578 42.36026)
97,Dorchester Shores Reservation,Parks,POINT (-71.04549 42.29719)
98,Federal Reserve Bank Research Library,Community Spaces,POINT (-71.05342 42.35268)
99,Eliot Norton Park,Parks,POINT (-71.06596 42.34914)
100,Victory Road Park,Parks,POINT (-71.0468 42.29881)
101,City Square Park,Parks,POINT (-71.06185 42.37179)
102,Edward Everett Square,Parks,POINT (-71.06205 42.32043)
103,East 1st Dog Park,Parks,POINT (-71.03134 42.33835)
104,Franklin Park - Overlook Ruins,Parks,POINT (-71.09695 42.30812)
105,Billings Creek Salt Marsh Trail,Parks,POINT (-71.02944 42.28899)
106,21 Worcester Square,Parks,POINT (-71.07466 42.33656)
107,Rifrullo Cafe,Social Businesses,POINT (-71.12625 42.32965)
108,Registry Division,Community Spaces,POINT (-71.05795 42.3602)
109,Cutillo Park,Parks,POINT (-71.0563 42.36366)
110,City Roots-Dorchester,Community Spaces,POINT (-71.06756 42.31482)
111,Uphams Corner Branch of the Boston Public Library,Community Spaces,POINT (-71.06765 42.31475)
112,Waterfront Park,Parks,POINT (-71.04476 42.35292)
113,John Joseph Moakley Law Library,Community Spaces,POINT (-71.06101 42.35688)
114,Home Run Cafe,Social Businesses,POINT (-71.06262 42.32148)
115,Olmsted Park,Parks,POINT (-71.11489 42.32594)
116,Shawmut Community Church of God,Places of Worship,POINT (-71.08018 42.33574)
117,Peters Park Dog Park,Parks,POINT (-71.06762 42.34277)
118,Winthrop Playground,Parks,POINT (-71.07597 42.31745)
119,Crite Park,Parks,POINT (-71.07633 42.34481)
120,Greenwood Memorial United Methodist,Places of Worship,POINT (-71.07264 42.29842)
121,One Post Office Square,Parks,POINT (-71.05498 42.35695)
122,More Than Words Warehouse,Social Businesses,POINT (-71.06338 42.34334)
123,Franklin Square,Parks,POINT (-71.07254 42.3388)
124,One Bowdoin Square,Parks,POINT (-71.0624 42.36178)
125,Marine Industrial Park,Parks,POINT (-71.03728 42.34417)
126,Science and Engineering Library,Community Spaces,POINT (-71.10192 42.34846)
127,Saint Mark Dorchester Catholic Church,Places of Worship,POINT (-71.06324 42.2916)
128,McConnell Park,Parks,POINT (-71.05115 42.30864)
129,Vine Street Community Center,Community Spaces,POINT (-71.07672 42.32679)
130,8090书店,Social Businesses,POINT (-71.05988 42.35169)
131,Dry Dock Plaza Park,Parks,POINT (-71.03147 42.34525)
132,Moakley Park,Parks,POINT (-71.04938 42.33014)
133,Kids Fountain,Parks,POINT (-71.06943 42.35596)
134,Second Church in Dorchester,Places of Worship,POINT (-71.07089 42.29088)
135,The Underground Dog Park,Parks,POINT (-71.06047 42.34414)
136,Puddingstone Garden,Parks,POINT (-71.08384 42.30521)
137,Hayden Memorial Library,Community Spaces,POINT (-71.08951 42.35903)
138,Malcolm X Park,Parks,POINT (-71.08915 42.32136)
139,Roxbury Community College Bookstore,Social Businesses,POINT (-71.09538 42.3295)
140,Bagheera Fountain,Parks,POINT (-71.06912 42.35413)
141,Louisburg Square,Parks,POINT (-71.06875 42.35836)
142,Phillips Street Park,Parks,POINT (-71.06737 42.36053)
143,Adams Street Branch of the Boston Public Library,Community Spaces,POINT (-71.05447 42.28633)
144,New England Law | Boston Law Library,Community Spaces,POINT (-71.06654 42.35081)
145,River of Life Church,Places of Worship,POINT (-71.11106 42.31967)
146,Pope John Paul II Park,Parks,POINT (-71.04308 42.2828)
147,Coppenhagen Fountain,Parks,POINT (-71.06082 42.31996)
148,West End Branch of the Boston Public Library,Community Spaces,POINT (-71.06505 42.36154)
149,Light Of The World Empowerment Center,Places of Worship,POINT (-71.07612 42.30083)
150,Hemenway Playground,Parks,POINT (-71.05614 42.29137)
151,Orton Field,Parks,POINT (-71.05335 42.33866)
152,Ripley Playground,Parks,POINT (-71.07599 42.29925)
153,Horatio Harris Park,Parks,POINT (-71.08991 42.3185)
154,Awaken Christian Church,Places of Worship,POINT (-71.04762 42.30413)
155,Life in Abundance Deliverance Ministries,Places of Worship,POINT (-71.05651 42.30624)
156,Starbucks,Social Businesses,POINT (-71.06312 42.32564)
157,Pilot House Park,Parks,POINT (-71.0495 42.36397)
158,Lincoln Square,Parks,POINT (-71.06799 42.35159)
159,Nashua Street Park,Parks,POINT (-71.06663 42.36779)
160,Dunkin',Social Businesses,POINT (-71.04872 42.29261)
161,Dunkin',Social Businesses,POINT (-71.04811 42.29371)
162,South End Branch of the Boston Public Library,Community Spaces,POINT (-71.07696 42.34139)
163,Papercuts Bookshop,Social Businesses,POINT (-71.11539 42.30758)
164,il Panino Cafe and Grill,Social Businesses,POINT (-71.10084 42.32269)
165,Marshall Community Center,Community Spaces,POINT (-71.07102 42.29997)
166,Isabella Street Park,Parks,POINT (-71.07137 42.34881)
167,Iglesia de Dios Cristo El Rey Inc. (Church of God Christ the King Inc.),Places of Worship,POINT (-71.07583 42.32634)
168,Savin Hill and Malibu Beach,Parks,POINT (-71.05173 42.30853)
169,Boston Urban Wilds,Parks,POINT (-71.13381 42.29897)
170,Murphy Playground,Parks,POINT (-71.11468 42.33485)
171,North Street Park,Parks,POINT (-71.05488 42.36236)
172,Fields Corner Branch Boston Public Library,Community Spaces,POINT (-71.06027 42.29889)
173,State Library of Massachusetts,Community Spaces,POINT (-71.06391 42.3584)
174,Orchard Park Community Center,Community Spaces,POINT (-71.07861 42.32988)
175,Church of Christ,Places of Worship,POINT (-71.07632 42.33863)
176,Apostolic Church Ghana,Places of Worship,POINT (-71.07792 42.35017)
177,Hyde Square Task Force,Community Spaces,POINT (-71.10896 42.32237)
178,Tokava,Social Businesses,POINT (-71.11437 42.31478)
179,Codman Square Branch of the Boston Public Library,Community Spaces,POINT (-71.07106 42.28754)
180,Peters Park,Parks,POINT (-71.06731 42.34322)
181,Monmouth Street Park,Parks,POINT (-71.10667 42.34539)
182,Frederick S. Pardee Management Library,Community Spaces,POINT (-71.09947 42.34967)
183,Franklin Park,Parks,POINT (-71.08771 42.30284)
184,Codman Square Park,Parks,POINT (-71.07111 42.29028)
185,Black Community Info Center Inc,Community Spaces,POINT (-71.08346 42.3141)
187,Medal of Honor Park,Parks,POINT (-71.03235 42.33641)
188,Chill on Park,Social Businesses,POINT (-71.06044 42.29865)
189,THE REDEEMED CHRISTIAN CHURCH OF GOD,Places of Worship,POINT (-71.0798 42.33589)
190,Sonoma Community Room,Community Spaces,POINT (-71.08731 42.30839)
191,Highland Park,Parks,POINT (-71.09457 42.32532)
192,Salem Hispanic Seventh-day Adventist Church,Places of Worship,POINT (-71.07738 42.32671)
193,School of Theology Library,Community Spaces,POINT (-71.10728 42.3504)
194,Sugar Bowl Ice Cream & Coffee,Social Businesses,POINT (-71.05696 42.32149)
195,South End Library Park (BPL),Parks,POINT (-71.07736 42.34119)
196,The Salvation Army Ray and Joan Kroc Corps Community Center,Community Spaces,POINT (-71.07025 42.31951)
197,Madhouse Cafe,Social Businesses,POINT (-71.07545 42.32426)
198,Leahy Holloran Community Center,Community Spaces,POINT (-71.04951 42.2944)
199,City on a Hill Church Forest Hills,Places of Worship,POINT (-71.10951 42.30098)
200,"""Adams Corner Café And Butcher""",Social Businesses,POINT (-71.05555 42.28306)
201,Waltham Square,Parks,POINT (-71.06771 42.3406)
202,Community Church of Neponset,Places of Worship,POINT (-71.04096 42.28647)
203,Rollins Square Condominium,Parks,POINT (-71.06722 42.34162)
204,Columbus Park / Andrew Square,Parks,POINT (-71.0572 42.33195)
205,Bromer Booksellers and Gallery,Social Businesses,POINT (-71.07723 42.35043)
206,New Canaan Church-God-Christ,Places of Worship,POINT (-71.09334 42.3208)
207,Caramelo Bakery & Cafe,Social Businesses,POINT (-71.08111 42.31179)
208,Blackstone Square,Parks,POINT (-71.07355 42.33965)
209,Charles River Church,Places of Worship,POINT (-71.13 42.2988)
210,Connolly Branch of the Boston Public Library,Community Spaces,POINT (-71.11107 42.32067)
211,Robert Lawson Park,Parks,POINT (-71.09853 42.31589)
212,Ramler Park,Parks,POINT (-71.1007 42.34257)
213,[FoMu],Social Businesses,POINT (-71.11423 42.31431)
214,Coco Leaf,Social Businesses,POINT (-71.06005 42.30008)
215,South Boston Maritime Park,Parks,POINT (-71.03956 42.34868)
216,Peabody Square,Parks,POINT (-71.06412 42.28598)
217,Elma Lewis Playhouse in the Park,Parks,POINT (-71.09612 42.3067)
218,Colpoys Library,Community Spaces,POINT (-71.06622 42.27808)
219,Stone Science Library,Community Spaces,POINT (-71.10378 42.3501)
220,Fisher College Library,Community Spaces,POINT (-71.07413 42.35522)
221,Ingersoll Bowditch Library,Community Spaces,POINT (-71.1282 42.30159)
222,Christopher Columbus Waterfront Park,Parks,POINT (-71.05163 42.36099)
223,Joslin Park,Parks,POINT (-71.10843 42.33822)
224,J.P. Licks,Social Businesses,POINT (-71.11433 42.31284)
225,Jamaica Plain Branch of the Boston Public Library,Community Spaces,POINT (-71.11495 42.30887)
226,Cornerstone Community Church,Places of Worship,POINT (-71.07031 42.34622)
227,One Greenway Park,Parks,POINT (-71.06058 42.34893)
228,Mud House,Social Businesses,POINT (-71.04466 42.28648)
229,Chinese Bible Church of Greater Boston - City outreach minisrty,Places of Worship,POINT (-71.10471 42.34704)
230,Ars Libri Ltd,Social Businesses,POINT (-71.0658 42.34211)
231,Old Corner Book Store,Social Businesses,POINT (-71.05838 42.35754)
232,Chapel of Mary,Places of Worship,POINT (-71.05862 42.35684)
233,Men & Women-Crossroads Ministries,Places of Worship,POINT (-71.05749 42.30524)
234,South Boston Branch of the Boston Public Library,Community Spaces,POINT (-71.03859 42.33572)
235,Countway Library,Community Spaces,POINT (-71.10358 42.33522)
236,Fineman & Pappas Law Libraries,Community Spaces,POINT (-71.1071 42.35095)
237,Adams-King Playground,Parks,POINT (-71.05693 42.29349)
238,Parker Hill Branch of the Boston Public Library,Community Spaces,POINT (-71.09906 42.33245)
239,Christ the Rock Church,Places of Worship,POINT (-71.05947 42.31542)
240,Joy & Gladness Pentecostal Church,Places of Worship,POINT (-71.07833 42.29691)
241,Clark Playground,Parks,POINT (-71.12582 42.32753)
242,Bay Village Garden,Parks,POINT (-71.06833 42.34912)
243,Friends of the Public Garden,Parks,POINT (-71.06982 42.35626)
244,Spiritual Assembly Of-Baha'i,Community Spaces,POINT (-71.06845 42.33744)
245,Nazzaro Community Center,Community Spaces,POINT (-71.05437 42.36526)
246,Roxbury Heritage State Park,Parks,POINT (-71.09046 42.33042)
247,Jamaica Plain Community Center,Community Spaces,POINT (-71.10923 42.30658)
248,Clifford Playground,Parks,POINT (-71.06891 42.32629)
249,inSpirit: The UU Book and Gift Shop,Social Businesses,POINT (-71.04844 42.35167)
250,Lopez Comnelio,Places of Worship,POINT (-71.08277 42.3327)
251,Church of the Advent,Places of Worship,POINT (-71.07172 42.3578)
252,Jamaica Pond Park,Parks,POINT (-71.11749 42.31588)
253,Anchor Church Boston,Places of Worship,POINT (-71.07118 42.35204)
254,Roberto Clemente park,Parks,POINT (-71.10222 42.3429)
255,Iglesia Comunitaria Casa De Gloria,Places of Worship,POINT (-71.05461 42.36626)
256,Boston Common,Parks,POINT (-71.06573 42.35509)
257,Golgotha Seventh-Day Adventist Church,Places of Worship,POINT (-71.13004 42.29859)
258,Robert & Theresa Parks Community Building,Community Spaces,POINT (-71.10911 42.33421)
259,Comicopia,Social Businesses,POINT (-71.09305 42.34863)
260,Square Licensed Electricians,Parks,POINT (-71.06597 42.31589)
261,Old South Church in Boston,Places of Worship,POINT (-71.07797 42.35027)
262,The Universal Church,Places of Worship,POINT (-71.06615 42.31733)
263,Egleston Square Peace Garden,Parks,POINT (-71.09968 42.31457)
264,Tynan Community Center,Community Spaces,POINT (-71.03901 42.33453)
265,Greater Life Baptist Church,Places of Worship,POINT (-71.07098 42.28876)
266,Barnes & Noble,Social Businesses,POINT (-71.08167 42.34606)
267,Solid Ground Cafe,Social Businesses,POINT (-71.10546 42.33369)
268,Boston City Hall,Community Spaces,POINT (-71.05799 42.36041)
269,Community Church of God,Places of Worship,POINT (-71.09866 42.3216)
270,Faith Family Center,Places of Worship,POINT (-71.07057 42.3254)
271,Reign Drink Lab,Social Businesses,POINT (-71.05902 42.30391)
272,Citadel of Love Worship Center,Places of Worship,POINT (-71.06422 42.31632)
273,North Square Stories,Parks,POINT (-71.05337 42.36394)
274,Post Office Square,Parks,POINT (-71.05554 42.35636)
275,Paul Revere Landing Park,Parks,POINT (-71.06177 42.37026)
276,Dorchester Baptist Church,Places of Worship,POINT (-71.0565 42.31737)
277,Saint Teresa of Calcutta church (formerly St. Margaret),Places of Worship,POINT (-71.05733 42.32091)
278,South Boston Bark Park,Parks,POINT (-71.04527 42.33002)
279,Inner City Business Ventures,Social Businesses,POINT (-71.08255 42.31873)
280,Franklin Park Zoo,Parks,POINT (-71.09028 42.3052)
281,Ether Monument,Parks,POINT (-71.07142 42.35482)
282,First Baptist Church,Places of Worship,POINT (-71.11468 42.31376)
283,Tatte bakery and cafe,Social Businesses,POINT (-71.07842 42.3188)
284,Dunkin',Social Businesses,POINT (-71.04613 42.28383)
286,Norman B. Leventhal Park,Parks,POINT (-71.05567 42.35629)
287,Pleasant Hill Baptist Church,Places of Worship,POINT (-71.08871 42.31457)
288,Christian Science Reading Room,Social Businesses,POINT (-71.08674 42.34561)
289,Christian Assembly Pentecostal Church,Places of Worship,POINT (-71.067 42.36065)
290,Rose Kennedy Greenway,Parks,POINT (-71.05671 42.3627)
291,Barbara's Bestsellers,Social Businesses,POINT (-71.05481 42.35179)
292,Deer Street Park,Parks,POINT (-71.05874 42.31099)
293,City Hall Plaza,Community Spaces,POINT (-71.05844 42.36017)
294,"El Parquesito Playground, Franklin Park",Parks,POINT (-71.09741 42.31164)
295,Justice Edward O. Gourdin Veterans Memorial Park,Parks,POINT (-71.08651 42.32858)
296,Mothers Rest at Four Corners,Parks,POINT (-71.07201 42.2975)
297,Christian Faith Baptism Church,Places of Worship,POINT (-71.07733 42.31197)
298,Franklin Park Tennis Courts,Parks,POINT (-71.10057 42.30022)
299,Boston Athenaeum,Community Spaces,POINT (-71.06213 42.35803)
300,Park,Parks,POINT (-71.05289 42.34378)
301,Allerton Overlook,Parks,POINT (-71.11565 42.3287)
302,Child Street Park,Parks,POINT (-71.07214 42.37166)
303,Andrew Square House of Pizza,Social Businesses,POINT (-71.05652 42.33001)
304,Reunion Christian Church - South End,Places of Worship,POINT (-71.07319 42.3403)
305,Braddock Park,Parks,POINT (-71.07874 42.34432)
306,Titus Sparrow Park,Parks,POINT (-71.07979 42.34357)
307,The Lotta Fountain,Parks,POINT (-71.07632 42.3554)
308,Charter Street Park,Parks,POINT (-71.05325 42.36679)
309,Boston University Science Library,Community Spaces,POINT (-71.10226 42.34847)
310,George Robert White Memorial,Parks,POINT (-71.07215 42.35534)
311,Ronan Park,Parks,POINT (-71.06256 42.3043)
312,The Cathedral Church of Saint Paul.,Places of Worship,POINT (-71.06234 42.35588)
313,Bethlehemsisterhood Church,Places of Worship,POINT (-71.09412 42.31867)
314,Lucy Parsons Center,Social Businesses,POINT (-71.10765 42.32224)
315,Tai Tung Park,Parks,POINT (-71.06157 42.34829)
316,Gilbert Albert Community Center,Community Spaces,POINT (-71.07947 42.30415)
317,Union Park Street Play Area,Parks,POINT (-71.06558 42.33953)
318,John P Holland Community Council,Community Spaces,POINT (-71.07381 42.30617)
319,Hawthorne Youth and Community Center,Community Spaces,POINT (-71.09238 42.3233)
320,Berklee College of Music Bookstore,Social Businesses,POINT (-71.0883 42.34695)
321,Primera iglesia de jesucristo jehova es nuestro rey,Places of Worship,POINT (-71.05622 42.29481)
322,the vintage garden,Parks,POINT (-71.06477 42.34248)
323,Lucky Cafe,Social Businesses,POINT (-71.05747 42.31274)
324,Dunkin',Social Businesses,POINT (-71.06486 42.285)
325,Linwood Park,Parks,POINT (-71.0949 42.32855)
326,Trident Booksellers & Cafe,Social Businesses,POINT (-71.08669 42.34836)
327,10 Post Office Square,Parks,POINT (-71.05589 42.35718)
328,City Hall Plaza,Community Spaces,POINT (-71.05932 42.36013)
329,Ramsay Park,Parks,POINT (-71.07937 42.33462)
330,Commonwealth Books,Social Businesses,POINT (-71.05756 42.3574)
331,Bethlehem Healing Temple,Places of Worship,POINT (-71.08186 42.31029)
332,Boston's Old City Hall,Community Spaces,POINT (-71.05922 42.35806)
333,Rossmore-Stedman Park,Parks,POINT (-71.10665 42.3047)
334,Dudley Cafe,Social Businesses,POINT (-71.08346 42.33001)
335,Flaherty Park,Parks,POINT (-71.05306 42.34186)
336,United Health Church,Places of Worship,POINT (-71.06985 42.34626)
337,Boston Public School Administration Lib,Community Spaces,POINT (-71.05589 42.30885)
338,Ripple Cafe,Social Businesses,POINT (-71.06445 42.28451)
339,Nos Casa Cafe,Social Businesses,POINT (-71.07373 42.32325)
340,Tierney Learning Center,Community Spaces,POINT (-71.05036 42.33054)
341,The Mary Baker Eddy Library,Community Spaces,POINT (-71.08633 42.34521)
342,Boston Center-Youth & Families,Community Spaces,POINT (-71.09824 42.33223)
343,Hiscock Park,Parks,POINT (-71.07804 42.34284)
344,Richardson Park,Parks,POINT (-71.05979 42.31955)
345,Perkins Square,Parks,POINT (-71.11519 42.32167)
346,Joseph Finnegan Park,Parks,POINT (-71.03862 42.28954)
347,Fellowship Mission Church,Places of Worship,POINT (-71.09546 42.32847)
348,House of Deliverance New Testament Church of God,Places of Worship,POINT (-71.07195 42.29689)
349,Hub Church South Boston,Places of Worship,POINT (-71.04461 42.34353)
350,Nha quan Vinh Phuoc,Places of Worship,POINT (-71.07304 42.33166)
351,Kittredge Park,Parks,POINT (-71.09292 42.32808)
352,Word of Life Tabernacle,Places of Worship,POINT (-71.10028 42.31907)
353,Bethesda Healing Temple C.O.G.L.C,Places of Worship,POINT (-71.07315 42.29943)
354,Harambee Park,Parks,POINT (-71.08846 42.29269)
355,John F. Kennedy Presidential Library and Museum,Community Spaces,POINT (-71.03422 42.31627)
356,Public Works Department-Recycling,Community Spaces,POINT (-71.05828 42.3606)
357,Mugar Memorial Library,Community Spaces,POINT (-71.10804 42.35096)
358,Southwest Corridor Park,Parks,POINT (-71.10119 42.32037)
359,DeFillipo Playground,Parks,POINT (-71.05681 42.36657)
360,Childrens Park,Parks,POINT (-71.07811 42.31059)
361,McKenna's Cafe,Social Businesses,POINT (-71.05395 42.31153)
362,North Square Park,Parks,POINT (-71.05335 42.36392)
363,Harrison Urban Garden,Parks,POINT (-71.07005 42.33827)
364,Kevin W. Fitzgerald Park,Parks,POINT (-71.10289 42.33232)
365,Union Church,Places of Worship,POINT (-71.07914 42.34313)
366,Grant A.M.E. Church,Places of Worship,POINT (-71.07913 42.33437)
367,Iglesia Jehova,Places of Worship,POINT (-71.07728 42.32804)
368,Father Jack Roussin Community Center,Community Spaces,POINT (-71.09937 42.31429)
369,Christopher Lee Playground,Parks,POINT (-71.03086 42.33808)
370,Villa Sombrero Café,Social Businesses,POINT (-71.07198 42.32131)
371,Buckley Playground,Parks,POINT (-71.04913 42.33926)
372,UMass Boston Bookstore,Social Businesses,POINT (-71.03636 42.31298)
373,Reverend Loesch Family Park,Parks,POINT (-71.06647 42.29066)
374,Action Center,Community Spaces,POINT (-71.04722 42.33674)
375,Friendship Apostolic Church,Places of Worship,POINT (-71.0762 42.30087)
376,Still Waters Worship Center,Places of Worship,POINT (-71.09946 42.32486)
377,Egleston Square Branch of the Boston Public Library,Community Spaces,POINT (-71.09569 42.31411)
378,Boston Public Library - Central Library,Community Spaces,POINT (-71.07819 42.34931)
379,PS Gourmet Coffee,Social Businesses,POINT (-71.05559 42.28287)
380,Community Room at ExtraSpace Storage,Community Spaces,POINT (-71.10994 42.30514)
381,Public Garden,Parks,POINT (-71.07079 42.35462)
382,Bethel Hispanic Seventh-Day Adventist Church,Places of Worship,POINT (-71.06129 42.29493)
383,Hayes Park,Parks,POINT (-71.07549 42.34374)
384,Betty Powers Library Computer Center,Community Spaces,POINT (-71.10962 42.33369)
385,Boston Architectural College Library,Community Spaces,POINT (-71.08576 42.34844)
386,Ringgold Park,Parks,POINT (-71.07033 42.34321)
387,Yawkey Konbit Kreyol Center | Dorchester,Community Spaces,POINT (-71.07712 42.30639)
388,Castle Square Tenants Organization,Community Spaces,POINT (-71.06904 42.34615)
389,Lewis Music Library,Community Spaces,POINT (-71.08901 42.35936)
390,MIT Libraries,Community Spaces,POINT (-71.08914 42.35903)
391,Grove Hall Community Center,Community Spaces,POINT (-71.08076 42.30767)
392,Hennigan Community Center,Community Spaces,POINT (-71.10647 42.32619)
393,Carleton Court Dog Park,Parks,POINT (-71.07849 42.34547)
394,McMorrow Playground park,Parks,POINT (-71.05153 42.29621)
395,Boston Environment Department,Community Spaces,POINT (-71.05793 42.36028)
396,Wachusett Street Park,Parks,POINT (-71.11268 42.29628)
397,Emerson College Library,Community Spaces,POINT (-71.06582 42.3522)
398,Bowdoin Square Theatre,Parks,POINT (-71.06156 42.36138)
399,Restoration City at DBC,Community Spaces,POINT (-71.07258 42.32134)
400,Church on the Hill,Places of Worship,POINT (-71.06272 42.3586)
401,Dunkin',Social Businesses,POINT (-71.11611 42.29557)
402,Jackson Square,Parks,POINT (-71.09978 42.3232)
403,First Church In Jamaica Plain,Places of Worship,POINT (-71.11621 42.31003)
404,Shelburne Community Center,Community Spaces,POINT (-71.09039 42.32238)
405,Park for the park,Parks,POINT (-71.12869 42.29849)
406,Little Free Library #26534,Community Spaces,POINT (-71.12725 42.33007)
407,Amalie's Fountain,Parks,POINT (-71.05236 42.35992)
408,Perkins Community Center,Community Spaces,POINT (-71.08017 42.29247)
409,Martin/Hilltop Playground,Parks,POINT (-71.05317 42.27959)
410,Copley Square Park,Parks,POINT (-71.07702 42.34997)
411,Garvey Playground,Parks,POINT (-71.04561 42.28796)
412,Christian Science Church Reading Room & Bookstore,Social Businesses,POINT (-71.1069 42.32273)
413,Dunkin',Social Businesses,POINT (-71.06042 42.29699)
414,Eritrean Community Center,Community Spaces,POINT (-71.07989 42.33596)
415,Skills Library,Community Spaces,POINT (-71.08344 42.34245)
416,Mozart Park,Parks,POINT (-71.10449 42.32235)
417,Park,Parks,POINT (-71.08224 42.34652)
418,Louisburg Square South,Parks,POINT (-71.0312 42.2856)
419,Town Field and Doherty-Gibson Playground,Parks,POINT (-71.06121 42.29749)
420,Dudley Square Plaza,Parks,POINT (-71.07496 42.32487)
421,Pabellon De La Fe,Places of Worship,POINT (-71.10148 42.31813)
422,Alumni Medical Library,Community Spaces,POINT (-71.07241 42.3364)
423,Leather District Park,Parks,POINT (-71.05711 42.3525)
424,Veterans Park,Parks,POINT (-71.05628 42.32837)
425,Mass Art Supply & Book Store,Social Businesses,POINT (-71.10062 42.33629)
426,Barnes & Noble Emerson College,Social Businesses,POINT (-71.06558 42.35232)
427,Ula Café,Social Businesses,POINT (-71.10399 42.31464)
428,Faith Christian Church,Places of Worship,POINT (-71.08933 42.29409)
429,Rose Kennedy Greenway - Chinatown Park,Parks,POINT (-71.05894 42.35203)
430,Dunkin',Social Businesses,POINT (-71.08208 42.30941)
431,Cypress Street Playground,Parks,POINT (-71.12588 42.33186)
432,Restoration City Church,Places of Worship,POINT (-71.07154 42.32151)
433,Garden of Remembrance 9/11 Memorial,Parks,POINT (-71.07077 42.35272)
434,Old Harbor Park,Parks,POINT (-71.03993 42.31993)
435,Thomas Johnson Community Center,Community Spaces,POINT (-71.09355 42.3344)
436,Curley Community Center,Community Spaces,POINT (-71.03659 42.32927)
437,Community Arts Advocates Inc,Community Spaces,POINT (-71.10034 42.31014)
438,John Eliot Square,Parks,POINT (-71.09081 42.32997)
439,Department of Innovation and Technology,Community Spaces,POINT (-71.05765 42.36002)
440,Dunkin',Social Businesses,POINT (-71.11521 42.31046)
441,Oak Path,Parks,POINT (-71.12381 42.29969)
442,Boston Chinese Evangelical Church,Places of Worship,POINT (-71.0657 42.34621)
443,Faith Urban Assembly,Places of Worship,POINT (-71.07082 42.29306)
444,Berkeley Community Garden,Parks,POINT (-71.06844 42.34463)
445,Beulah Pilgrim Holiness Church,Places of Worship,POINT (-71.08345 42.3111)
446,"Faro Divino Shamah International Ministries, Inc",Places of Worship,POINT (-71.07824 42.3177)
447,Statler Park,Parks,POINT (-71.06898 42.35063)
448,"Fenway Library Organization, Inc.",Community Spaces,POINT (-71.09547 42.33543)
449,Coppens Square,Parks,POINT (-71.06439 42.30837)
450,Manning Temple Church,Places of Worship,POINT (-71.07777 42.31276)
451,Nellie Miranda Memorial Park,Parks,POINT (-71.06521 42.3187)
452,Jackson Square Playground,Parks,POINT (-71.09915 42.32426)
453,Tavern in the Square South Station,Social Businesses,POINT (-71.05507 42.35208)
454,Allen Park,Parks,POINT (-71.06312 42.30814)
455,Rolling Bridge Park,Parks,POINT (-71.05727 42.34605)
456,Church of the Cross,Places of Worship,POINT (-71.09746 42.34331)
457,Riverway park,Parks,POINT (-71.10823 42.34182)
458,Sharons Park,Parks,POINT (-71.05605 42.32134)
459,Fountain Street,Other,POINT (-71.0654 42.34254)
460,Community Center,Places of Worship,POINT (-71.07603 42.33448)
461,Cafe Beirut,Social Businesses,POINT (-71.11395 42.31303)
462,Joseph P. Healey Library,Community Spaces,POINT (-71.03971 42.31346)
463,Polcari Playground,Parks,POINT (-71.05447 42.365)
464,Frugal Bookstore,Social Businesses,POINT (-71.08356 42.32889)
465,Marcella Playground,Parks,POINT (-71.09631 42.3228)
466,Tom White's Garden,Parks,POINT (-71.07295 42.35584)
467,Asamblea Cristiana,Places of Worship,POINT (-71.07194 42.32)
468,Evergreen Eatery & Cafe,Social Businesses,POINT (-71.10671 42.31055)
469,Hope Central Church,Places of Worship,POINT (-71.10971 42.31078)
470,Parkman Playground,Parks,POINT (-71.11358 42.29558)
471,Fenway Church,Places of Worship,POINT (-71.10486 42.3471)
472,Rings Fountain,Parks,POINT (-71.05187 42.35899)
473,Refuge Church Of Christ,Places of Worship,POINT (-71.0903 42.32759)
474,Lambert Avenue Playground,Parks,POINT (-71.09067 42.32722)
475,Allan Crite Community Garden,Parks,POINT (-71.0937 42.32723)
476,Highland Park Garden,Parks,POINT (-71.09372 42.32785)
477,Highland Avenue Community Garden,Parks,POINT (-71.09273 42.32834)
478,Cedar Street Garden,Parks,POINT (-71.09316 42.32746)
479,Centre Place Garden,Parks,POINT (-71.09445 42.32887)
480,Timothy Baptist Church,Places of Worship,POINT (-71.09223 42.32877)
481,Islamic Society of Boston Cultural Center,Community Spaces,POINT (-71.09331 42.33077)
482,Cedar Square Park,Parks,POINT (-71.08959 42.32479)
483,Alpine Street Park,Parks,POINT (-71.08674 42.32494)
484,MASJID NOOR,Places of Worship,POINT (-71.08599 42.32324)
485,West Village Quad,Parks,POINT (-71.09268 42.3373)
486,RP Quad,Parks,POINT (-71.08865 42.3353)
487,Campus Park,Parks,POINT (-71.09021 42.33705)
488,Sweeney Field,Parks,POINT (-71.09407 42.3377)
489,Lydon Community Garden,Parks,POINT (-71.06004 42.28872)
490,First Baptist Church,Places of Worship,POINT (-71.05561 42.28799)
491,Calvary Baptist Church,Places of Worship,POINT (-71.06065 42.28694)
492,L'eglise Baptiste Haitienne Du Bon Berger,Places of Worship,POINT (-71.05324 42.28876)
493,St Ann's Parish,Places of Worship,POINT (-71.04878 42.29021)
494,Playground and Basket Ball Court,Parks,POINT (-71.05265 42.29349)
495,Life Church Ministries,Places of Worship,POINT (-71.06349 42.29338)
496,Clementine Park,Parks,POINT (-71.0653 42.29221)
497,Playground at Neponset river,Parks,POINT (-71.04254 42.2907)
498,Gerald “Jerry” Cunningham Memorial Dog Park,Parks,POINT (-71.04421 42.28752)
499,Toohing Playground,Parks,POINT (-71.04978 42.28406)
500,Historic New England's Pierce House,Other,POINT (-71.05334 42.28688)
501,Victory Road Park,Parks,POINT (-71.0524 42.29629)
502,Tennis Courts,Parks,POINT (-71.03234 42.28534)
503,Our Lady of the Cedars of Lebanon,Places of Worship,POINT (-71.12828 42.31351)
504,Greek Orthodox Metropolis of Boston,Places of Worship,POINT (-71.13176 42.31376)
505,Jack Kirrane Ice Rink at Larz Anderson Park,Parks,POINT (-71.13437 42.31172)
506,Larz Anderson Auto Museum,Other,POINT (-71.13501 42.31057)
507,Monastery of St. Claire,Places of Worship,POINT (-71.12206 42.30808)
508,Arnold Arboretum of Harvard University,Parks,POINT (-71.12039 42.30717)
509,Willow Path,Parks,POINT (-71.11975 42.30663)
510,St Thomas Aquinas Parish,Places of Worship,POINT (-71.11604 42.30646)
511,South Street BHA Community Garden,Parks,POINT (-71.11591 42.30489)
512,Saint Rose Street Garden,Parks,POINT (-71.11622 42.30452)
513,Emerald Necklace Path,Parks,POINT (-71.12136 42.31401)
514,Rouch Playground,Parks,POINT (-71.06413 42.34159)
515,Monsignor Reynolds Playground,Parks,POINT (-71.07066 42.34041)
516,Butterfly Meadow,Parks,POINT (-71.08284 42.34195)
517,Sarana New Castle Garden,Parks,POINT (-71.08375 42.3399)
518,Carter Playground,Parks,POINT (-71.08485 42.33895)
519,Northeastern University Tennis Courts,Parks,POINT (-71.08404 42.33939)
520,Jim Rice Field at Ramsay Park,Parks,POINT (-71.08083 42.33376)
521,MLB Barbers,Social Businesses,POINT (-71.08428 42.33687)
522,Frederick Douglass Peace Garden,Parks,POINT (-71.08438 42.33657)
523,Chandler Tremont Plaza,Parks,POINT (-71.06887 42.34736)
524,Lt. Jeremiah W. Sullivan Square,Parks,POINT (-71.06935 42.34522)
525,Cathedral of the Holy Cross,Places of Worship,POINT (-71.0699 42.34103)
526,จุด 1245Cathedral Station ,Social Businesses,POINT (-71.06683 42.34278)
527,City Nail & Spa,Social Businesses,POINT (-71.0675 42.34228)
528,Tweed Barbers of Boston,Social Businesses,POINT (-71.06822 42.34211)
529,Laconia Gallery,Other,POINT (-71.06659 42.34292)
530,Channel Park,Parks,POINT (-71.06086 42.34368)
531,Underground at Ink Block,Parks,POINT (-71.0618 42.34405)
532,Sowa Power Station,Community Spaces,POINT (-71.06646 42.34115)
533,Ink Block,Parks,POINT (-71.06296 42.34613)
534,International Poster Gallery,Other,POINT (-71.06364 42.34209)
535,HMS Quad Lawn,Parks,POINT (-71.10363 42.33656)
536,Boston's Basilica of Our Lady of Perpetual Help,Places of Worship,POINT (-71.10014 42.3331)
537,Boba Me,Social Businesses,POINT (-71.09975 42.33239)
538,Mosaic Boston Fenway Women's Thursday Community Group,Places of Worship,POINT (-71.11154 42.33528)
539,Dharmadhatu Buddhist Center,Places of Worship,POINT (-71.11029 42.33777)
540,Southwest Corridor Park- Tennis Courts,Parks,POINT (-71.09086 42.33533)
541,Spanish Church of God,Places of Worship,POINT (-71.09747 42.33046)
542,Starbucks,Social Businesses,POINT (-71.08728 42.33901)
543,"Museum of Fine Arts, Boston",Other,POINT (-71.09405 42.33938)
544,Clemente Field,Parks,POINT (-71.0975 42.34076)
545,James P. Kelleher Rose Garden,Parks,POINT (-71.09492 42.34196)
546,Annunciation Greek Orthodox Cathedral of New England,Places of Worship,POINT (-71.09343 42.33658)
547,Khoury Park and Rocks,Parks,POINT (-71.09253 42.33824)
548,Krentzman Quandrangle,Parks,POINT (-71.08829 42.34011)
549,Tatte Bakery & Cafe,Social Businesses,POINT (-71.09051 42.34002)
550,Panera Bread,Social Businesses,POINT (-71.08662 42.34172)
551,Pavement Coffeehouse,Social Businesses,POINT (-71.08702 42.34167)
552,Caffè Bene,Social Businesses,POINT (-71.08478 42.34237)
553,Farmer’s Horse Coffee,Social Businesses,POINT (-71.0834 42.34199)
554,Buckwood/Claremont Community Garden,Parks,POINT (-71.08176 42.34281)
555,Caffè Nero,Social Businesses,POINT (-71.11488 42.31104)
556,The Fenway Garden Society,Parks,POINT (-71.09323 42.34493)
557,M&S Garden,Parks,POINT (-71.0929 42.34628)
558,Symphony Road Community Garden,Parks,POINT (-71.08943 42.34302)
559,Isabella Stewart Gardner Museum,Other,POINT (-71.09906 42.33814)
560,Evans Way Park,Parks,POINT (-71.09828 42.33803)
561,Holy Trinity Orthodox Cathedral,Places of Worship,POINT (-71.09897 42.34113)
562,Peterborough Street Playground,Parks,POINT (-71.09945 42.34329)
563,Playground,Parks,POINT (-71.09927 42.34098)
564,M&J Teriyaki Boba Tea,Social Businesses,POINT (-71.0966 42.34236)
565,Matcha Cafe Maiko,Social Businesses,POINT (-71.09712 42.34267)
566,Tatte Bakery & Cafe,Social Businesses,POINT (-71.09973 42.34387)
567,Starbucks,Social Businesses,POINT (-71.10082 42.34353)
568,Caffè Nero,Social Businesses,POINT (-71.10086 42.34397)
569,Vivi Bubble Tea Mass Ave,Social Businesses,POINT (-71.08684 42.3458)
570,Tatte Bakery & Cafe,Social Businesses,POINT (-71.08692 42.34622)
571,Caffè Nero,Social Businesses,POINT (-71.08662 42.34357)
572,Oakleaf Cakes Bake Shop,Social Businesses,POINT (-71.08666 42.34325)
573,Kung Fu Tea,Social Businesses,POINT (-71.08434 42.34275)
574,Flour Bakery + Cafe,Social Businesses,POINT (-71.08458 42.346)
575,Flour Bakery & Cafe,Social Businesses,POINT (-71.07372 42.34828)
576,Trinity Church,Places of Worship,POINT (-71.07564 42.34995)
577,Coffee Shop @ Boston Public Library,Social Businesses,POINT (-71.07907 42.34932)
578,Mission Hill Playground,Parks,POINT (-71.09869 42.33351)
579,Tobin Community Center Garden,Parks,POINT (-71.09797 42.33289)
580,Butterfly Garden,Parks,POINT (-71.10404 42.32697)
581,Bromley Heath Play Area,Parks,POINT (-71.10237 42.32524)
582,Bromley Heath Playgroun,Parks,POINT (-71.10168 42.32419)
583,Jackson Squre Basketball Court,Parks,POINT (-71.09909 42.32441)
584,Jackson Square Tennis Court,Parks,POINT (-71.09897 42.3247)
585,SW Corridor Park,Parks,POINT (-71.09803 42.32652)
586,Downes Field,Parks,POINT (-71.11849 42.32487)
587,Emerald Necklace,Parks,POINT (-71.11697 42.32254)
588,Jefferson Playground,Parks,POINT (-71.10848 42.32609)
589,Pinebank Baseball Field,Parks,POINT (-71.11882 42.32082)
590,Hall/Boynton Street Community Garden,Parks,POINT (-71.11165 42.30508)
591,McBride Garden,Parks,POINT (-71.11117 42.30573)
592,Minton Stable Community Garden,Parks,POINT (-71.10545 42.30547)
593,Christ the King Ukrainian Catholic Church,Places of Worship,POINT (-71.10211 42.30755)
594,Franklin Park Picnic Area,Parks,POINT (-71.09815 42.30562)
595,"Jamaica Plain Spanish SDA Church
",Places of Worship,POINT (-71.1103 42.30991)
596,"St. John’s Episcopal Church
",Places of Worship,POINT (-71.11109 42.31023)
597,Johnson Park,Parks,POINT (-71.10792 42.3113)
598,Bowditch Garden,Parks,POINT (-71.10915 42.31156)
599,Round Hill and Day Street Community Garden,Community Spaces,POINT (-71.10764 42.32493)
600,Arcola Street Community Park,Parks,POINT (-71.10863 42.32446)
601,Lawn Street Garden,Parks,POINT (-71.10598 42.3273)
602,Walden Garden,Parks,POINT (-71.10465 42.32536)
603,Boston Islamic Center,Places of Worship,POINT (-71.09337 42.32051)
604,Holy Mt. Zion Church,Places of Worship,POINT (-71.08999 42.31765)
605,Espejo Beauty Salon,Social Businesses,POINT (-71.08637 42.31851)
606,St. Mark Congregational Church,Places of Worship,POINT (-71.08602 42.31722)
607,Presbyterian Church of Roxbury,Places of Worship,POINT (-71.0858 42.32039)
608,Mt. Calvary Baptist Church,Places of Worship,POINT (-71.08422 42.32139)
609,Warren Gardens/Gendrot Trust,Parks,POINT (-71.08341 42.32349)
610,St. John Missionary Baptist Church,Places of Worship,POINT (-71.08214 42.32306)
611,Roxbury Skatepark,Parks,POINT (-71.08082 42.32274)
612,Upscale Nail Design,Social Businesses,POINT (-71.08144 42.32062)
613,Roxbury Presbyterian Church,Places of Worship,POINT (-71.08127 42.31963)
614,Castle Hair Studio,Social Businesses,POINT (-71.07796 42.32096)
615,The Food Project's West Cottage Farm,Community Spaces,POINT (-71.07499 42.32089)
616,Margarita Beauty Salon,Social Businesses,POINT (-71.07229 42.3209)
617,Leyland Street Garden,Parks,POINT (-71.07067 42.32096)
618,Folsom Street Community Garden,Community Spaces,POINT (-71.0721 42.31857)
619,"Julian Judson, Dean Community Garden",Community Spaces,POINT (-71.07482 42.31942)
620,Mary Hannon Park,Parks,POINT (-71.07149 42.31934)
621,Salvation Army Field,Parks,POINT (-71.07068 42.31928)
622,City Wide Outreach Ministries,Community Spaces,POINT (-71.0739 42.32044)
623,South Boston-Seaport Catholic Collaborative,Places of Worship,POINT (-71.05493 42.3388)
624,Hub Church South Boston,Places of Worship,POINT (-71.05477 42.33884)
625,Southie nail bar,Social Businesses,POINT (-71.05345 42.34078)
626,West 2nd Street Park and Community Garden,Parks,POINT (-71.0514 42.342)
627,Sweeney Playground,Parks,POINT (-71.05152 42.33719)
628,Davis Hairdressing,Social Businesses,POINT (-71.05001 42.33811)
629,Deluxe Nail Bar West,Social Businesses,POINT (-71.04923 42.33753)
630,Gaelic Day Spa & Salon,Social Businesses,POINT (-71.04885 42.3374)
631,Skip's Barbershop,Social Businesses,POINT (-71.04493 42.33587)
632,MW Hair Studio Boston,Social Businesses,POINT (-71.04399 42.33753)
633,Distillery Gallery,Other,POINT (-71.04223 42.33755)
634,First Stret Park,Parks,POINT (-71.03983 42.33971)
635,Willian Miller Memorial Park,Parks,POINT (-71.03677 42.34147)
636,The Luxury Box,Social Businesses,POINT (-71.03866 42.33548)
637,Soleil Tan & Spa,Social Businesses,POINT (-71.03767 42.33548)
638,Shag Loft Salon,Social Businesses,POINT (-71.03502 42.33791)
639,South Batist Church,Places of Worship,POINT (-71.03517 42.335)
640,Lincoln Square ,Parks,POINT (-71.03386 42.33467)
641,Gate of Heaven & Saint Brigid Parishes,Places of Worship,POINT (-71.03045 42.33558)
642,Evans Field,Parks,POINT (-71.02338 42.33776)
643,Murphy Memorial Skating Rink,Parks,POINT (-71.02364 42.3368)
644,Pleasure Beach,Parks,POINT (-71.02351 42.33588)
645,Lago Playground,Parks,POINT (-71.02395 42.33362)
646,Whitey McGra Memorial,Parks,POINT (-71.02572 42.33314)
647,Castle Island Playground,Parks,POINT (-71.01172 42.33705)
648,Lowell Court,Parks,POINT (-71.09042 42.3587)
649,Eastman COurt,Parks,POINT (-71.09011 42.35997)
650,Mcdermott Court,Parks,POINT (-71.08908 42.35995)
651,Saxon Tennis Courts,Parks,POINT (-71.08774 42.35952)
652,Seager Trailhead,Parks,POINT (-71.08503 42.35969)
653,Big Kid Playgroung,Parks,POINT (-71.08691 42.35262)
654,Miriam and Sidney Stoneman Playground,Parks,POINT (-71.08694 42.35255)
655,Charles Riv Esplanade,Parks,POINT (-71.07888 42.35564)
656,Esplanade Playground,Parks,POINT (-71.07489 42.35607)
657,Gibson House Museum,Other,POINT (-71.0741 42.35481)
658,Fiedler Field,Parks,POINT (-71.07578 42.35628)
659,First Church in Boston,Places of Worship,POINT (-71.07461 42.35375)
660,First Lutheran Church of Boston,Places of Worship,POINT (-71.07417 42.35383)
661,Claredon Street Lot Playground,Parks,POINT (-71.07654 42.35275)
662,Community Church of Boston,Places of Worship,POINT (-71.07635 42.35065)
663,New Urban Partners,Parks,POINT (-71.07272 42.3565)
664,Emmanuel Episcopal Church of Boston,Places of Worship,POINT (-71.07239 42.3525)
665,SalonCapri,Social Businesses,POINT (-71.07199 42.35269)
666,Houghton Mifflin Harcourt,Community Spaces,POINT (-71.07307 42.35074)
667,Pat Corcoran's Men's Barber Shop,Social Businesses,POINT (-71.07271 42.35001)
668,Amaci Salon,Social Businesses,POINT (-71.06887 42.35034)
669,Boston Common Baseball Field,Parks,POINT (-71.06706 42.35389)
670,School Master Picnic Arae,Parks,POINT (-71.09601 42.30365)
671,"Shattuck Softball Field
",Parks,POINT (-71.10033 42.30167)
672,"Shattuck Picnic Grove
",Parks,POINT (-71.10047 42.30054)
673,"William J. Devine Golf Course at Franklin Park
",Parks,POINT (-71.08853 42.30106)
674,"Concord Playground
",Parks,POINT (-71.08978 42.30501)
675,John's Barber Shop,Social Businesses,POINT (-71.08568 42.30076)
676,"Greater Anointing Harvest Church
",Places of Worship,POINT (-71.0852 42.29989)
677,"Kingdom Hall of Jehovah's Witnesses
",Places of Worship,POINT (-71.07515 42.30017)
678,Rodriguez Barber Shop,Social Businesses,POINT (-71.07534 42.30045)
679,"Life Center of Boston
",Places of Worship,POINT (-71.07665 42.30145)
680,"Mount Bowdoin Green
",Parks,POINT (-71.07609 42.30242)
681,"Holy Tabernacle Church
",Places of Worship,POINT (-71.08139 42.30634)
682,"St. Katharine Drexel Parish
",Places of Worship,POINT (-71.08442 42.30726)
683,"St. Marks Episcopal Church
",Places of Worship,POINT (-71.08186 42.30428)
684,"Global Reach Evangelical Missionary Church
",Places of Worship,POINT (-71.08065 42.30255)
685,"Rehoboth Bethel Church
",Places of Worship,POINT (-71.08279 42.3024)
686,"Erie-Ellington Playground
",Parks,POINT (-71.08314 42.30145)
687,"Ellington Street Garden
",Parks,POINT (-71.08114 42.30137)
688,"Fenelon Street Playground
",Parks,POINT (-71.07964 42.30319)
689,"Masjid Ar-Rahman
",Places of Worship,POINT (-71.07604 42.29785)
690,"Ephese Haitian SDA Church
",Places of Worship,POINT (-71.07307 42.29881)
691,Four Corners Action Coalition,Social Businesses,POINT (-71.07345 42.2987)
692,Clayborne Street Dorchester Garden,Parks,POINT (-71.07162 42.29831)
693,"Fannie Lou Hamer Community Garden
",Parks,POINT (-71.07074 42.29648)
694,"29 Josephine Street Garden
",Parks,POINT (-71.06412 42.30051)
695,"Dorchester Cape Verdean SDA Church
",Places of Worship,POINT (-71.06837 42.30689)
696,Family Nurturing Center,Community Spaces,POINT (-71.06868 42.30514)
697,"Elier barbershop
",Social Businesses,POINT (-71.06884 42.30473)
698,Rodriguez Barbershop,Social Businesses,POINT (-71.06551 42.30779)
699,Quincy/ Coleman Garden,Parks,POINT (-71.0663 42.30856)
700,Barry Street Community Garden,Parks,POINT (-71.06855 42.30895)
701,"Iglesia De Dios Pentecostal M.I.
",Places of Worship,POINT (-71.07354 42.30911)
702,Brothers Barber Shop,Social Businesses,POINT (-71.07314 42.30992)
703,"Ma Siss's Place
",Places of Worship,POINT (-71.07137 42.31198)
704,"Dorchester Portuguese Seventh-Day Adventist Church
",Places of Worship,POINT (-71.06767 42.30158)
705,"FarmCollab | HOPE Garden
",Parks,POINT (-71.06677 42.30077)
706,"Christ Apostolic Church Calvary
",Places of Worship,POINT (-71.06561 42.3008)
707,10 Josephine Street Garden,Parks,POINT (-71.06557 42.30063)
708,"New Testament Pentecostal Church
",Places of Worship,POINT (-71.06593 42.29883)
709,Bullard Community Garden,Parks,POINT (-71.07396 42.3024)
710,Audrey Jacobs Memorial Community Garden,Parks,POINT (-71.07364 42.30212)
711,"Debre Menkrat Saint Gebriel Ethiopian Orthodox Tewahedo Church
",Places of Worship,POINT (-71.07171 42.30298)
712,Geneva Cliffs,Parks,POINT (-71.07266 42.30387)
713,Norton Street Playground,Parks,POINT (-71.06931 42.30657)
714,Brewer-burroughs playground,Parks,POINT (-71.11547 42.31167)
715,"Murphy Field & Playground
",Parks,POINT (-71.11329 42.30734)
716,Tadpole Playground,Parks,POINT (-71.06485 42.35602)
717,Boston Common Tennis Court,Parks,POINT (-71.06612 42.3538)
718,Chabad,Places of Worship,POINT (-71.0679 42.34996)
719,Bay Village Neighborhood Park,Parks,POINT (-71.06677 42.34955)
720,Boston Vhinese Church of Saving Grace,Places of Worship,POINT (-71.06691 42.34943)
721,Bay Village Dog Park,Parks,POINT (-71.06642 42.34979)
722,Carbon Salon,Social Businesses,POINT (-71.06396 42.35372)
723,MCLE New England,Community Spaces,POINT (-71.0618 42.3554)
724,Boston Chinatown Neighborhood Center,Community Spaces,POINT (-71.0648 42.34797)
725,Asian Community Development Corporation,Community Spaces,POINT (-71.06296 42.34846)
726,St. James the Greater Church,Places of Worship,POINT (-71.06184 42.35024)
727,Coco Head Hair Syudio,Social Businesses,POINT (-71.06206 42.35108)
728,Zoe Hair Studio,Social Businesses,POINT (-71.0616 42.35153)
729,SKA Beauty Cafe,Social Businesses,POINT (-71.06182 42.35255)
730,SASA Beuaty Adventure and Spa,Social Businesses,POINT (-71.06157 42.35256)
731,Kelly's Beauty,Social Businesses,POINT (-71.05905 42.35525)
732,Boston Hair Design,Social Businesses,POINT (-71.0594 42.3536)
733,Le Gala Hair Group,Social Businesses,POINT (-71.06049 42.3527)
734,K-Beauty,Social Businesses,POINT (-71.06057 42.35269)
735,Ken's Hair & Beauty Salon,Social Businesses,POINT (-71.06035 42.35174)
736,Mary Soo Hoo Park,Parks,POINT (-71.05988 42.35101)
737,Unique 8 Hair Place,Social Businesses,POINT (-71.06026 42.35069)
738,Lily Beauty Salon,Social Businesses,POINT (-71.06069 42.35065)
739,Jaharis Courtyard,Parks,POINT (-71.062 42.34923)
740,LongWave Salon,Social Businesses,POINT (-71.06152 42.34912)
741,Magic Touch Salon,Social Businesses,POINT (-71.06127 42.34926)
742,Reggi Wong Memorial Park,Parks,POINT (-71.05866 42.34961)
743,Highlight Salon,Social Businesses,POINT (-71.05742 42.3513)
744,Summer Street Barber Shop,Social Businesses,POINT (-71.05778 42.35307)
745,Sonder Winthrop Square,Parks,POINT (-71.05767 42.3548)
746,Rocco's News Stand,Social Businesses,POINT (-71.05483 42.34944)
747,Binford Street Park,Parks,POINT (-71.05327 42.34769)
748,Harborwalk,Parks,POINT (-71.05182 42.34988)
749,Martin's Park,Parks,POINT (-71.04925 42.3528)
750,Children Wharf Harborwalk,Parks,POINT (-71.04946 42.35255)
751,Shrine of Our Lady of Good Voyage,Places of Worship,POINT (-71.04824 42.35287)
752,Sea Green,Parks,POINT (-71.0465 42.35093)
753,Seaport Common,Parks,POINT (-71.04491 42.3521)
754,Seaport Barbers,Social Businesses,POINT (-71.04646 42.35313)
755,The Massachusetts Fallen Heroes Memorial,Parks,POINT (-71.04465 42.35225)
756,Harbor Way,Parks,POINT (-71.04487 42.35126)
757,Clock Tower ,Parks,POINT (-71.04224 42.34962)
758,Drydock Green Space,Parks,POINT (-71.02592 42.34485)
759,Charles Bank Playground,Parks,POINT (-71.06978 42.36564)
760,Alfond Memorial Spray Deck,Parks,POINT (-71.07001 42.3652)
761,Charlesbank Landing,Parks,POINT (-71.07062 42.36457)
762,Lederman Park,Parks,POINT (-71.07093 42.36424)
763,Teddy Ebersol's Red Sox Fields,Parks,POINT (-71.07253 42.36365)
764,Charles Filot Memorial,Parks,POINT (-71.07302 42.35947)
765,The Clubs at Charles River Park,Community Spaces,POINT (-71.06813 42.3658)
766,Thoreau Path,Parks,POINT (-71.066 42.36477)
767,Supercuts-Beaconhill,Social Businesses,POINT (-71.06743 42.36102)
768,Myrtle Street Playground,Parks,POINT (-71.06609 42.35922)
769,Nichols House Museum,Other,POINT (-71.06596 42.3584)
770,Mt Vernon Press,Other,POINT (-71.06669 42.35845)
771,Sue's Hair Salon,Social Businesses,POINT (-71.06541 42.3594)
772,Museum of African American History,Other,POINT (-71.06512 42.36)
773,Smith Court Residences,Other,POINT (-71.06539 42.36004)
774,Otis House Museum,Other,POINT (-71.06457 42.36145)
775,Old West Church,Places of Worship,POINT (-71.06417 42.36167)
776,St. Joseph Catholic Church,Places of Worship,POINT (-71.06544 42.36314)
777,THe West End Museum,Other,POINT (-71.06383 42.36419)
778,Cardinal Cushing Memorial Park,Parks,POINT (-71.06247 42.36152)
779,Temple Street Park,Parks,POINT (-71.06347 42.36003)
780,Massachusetts Law Enforcement Memorial,Parks,POINT (-71.06332 42.35927)
781,Pilgrim Strategies,Community Spaces,POINT (-71.06254 42.35883)
782,Boston Barber Co. Beacon Hill,Social Businesses,POINT (-71.06279 42.35881)
783,Granary Burying Ground,Parks,POINT (-71.06172 42.35748)
784,Park Street Church,Places of Worship,POINT (-71.06202 42.35686)
785,Paulist Center,Places of Worship,POINT (-71.06268 42.35731)
786,Tremont Temple Baptist Church,Places of Worship,POINT (-71.0607 42.35761)
787,King's Chapel,Places of Worship,POINT (-71.06016 42.35803)
788,Kings Chapel Burying Ground,Parks,POINT (-71.05993 42.35832)
789,Garden of Peace,Parks,POINT (-71.06178 42.36015)
790,Endicott Triangle,Parks,POINT (-71.05734 42.36374)
791,Union Street Park,Parks,POINT (-71.05694 42.36045)
792,Tontine Crescent,Parks,POINT (-71.05849 42.35558)
793,Di Salvo's Barbershop,Social Businesses,POINT (-71.058 42.35715)
794,Ausocia Plaza,Parks,POINT (-71.05231 42.36202)
795,Christopher Coloumbus Playground,Parks,POINT (-71.0512 42.36174)
796,Jenney Plaza,Parks,POINT (-71.05334 42.35871)
797,Advantage Hair Salon,Social Businesses,POINT (-71.05427 42.3549)
798,Marvelous Barber Lounge,Social Businesses,POINT (-71.05279 42.35767)
799,Rowers Wharf Plaza,Parks,POINT (-71.05116 42.3568)
800,Fan Pier Park,Parks,POINT (-71.04647 42.35481)
801,Salon Mario Russo,Social Businesses,POINT (-71.04555 42.35459)
802,The Institute of Contemporary Art,Other,POINT (-71.04332 42.35281)
803,Emmons Horrigan O'Neil Memorial Rink,Parks,POINT (-71.0662 42.37398)
804,Galvin Memorial Park,Parks,POINT (-71.06463 42.37166)
805,North Point Park Island,Parks,POINT (-71.06898 42.36851)
806,Museum of Science,Other,POINT (-71.07116 42.36757)
807,Charles Hayden Planetarium,Other,POINT (-71.07022 42.3668)
808,Lynch Family Skatepark,Parks,POINT (-71.06788 42.37017)
809,Harvard Mall,Parks,POINT (-71.06303 42.37262)
810,Salon Fourty Four,Social Businesses,POINT (-71.06217 42.37306)
811,Pual Revere Landing Playground,Parks,POINT (-71.06093 42.37006)
812,Langone Park Basketball Court,Parks,POINT (-71.05483 42.3689)
813,Copps Hill Buring Ground,Parks,POINT (-71.05584 42.36729)
814,Del Ara Salon,Social Businesses,POINT (-71.05524 42.36395)
815,C&J Nail Spa,Social Businesses,POINT (-71.05573 42.3637)
816,Rachel Revere Square,Parks,POINT (-71.05354 42.36351)
817,Richmond and North Streets Park,Parks,POINT (-71.05338 42.36331)
818,Scared Heart Catholic Church,Places of Worship,POINT (-71.05317 42.36383)
819,Firicano's Barbershop,Social Businesses,POINT (-71.05267 42.36361)
820,Valenti Square,Parks,POINT (-71.05859 42.36492)
821,St Leonard-Port Maurice Parish,Places of Worship,POINT (-71.05396 42.36454)
822,St Leonard Church's Rectory,Places of Worship,POINT (-71.05417 42.36474)
823,Madonna Del Soccorso Society Church,Places of Worship,POINT (-71.05207 42.36355)
824,Joi Salon,Social Businesses,POINT (-71.05084 42.36398)
825,St. Stephen Chatolic Church,Places of Worship,POINT (-71.05283 42.36539)
826,Old North Memorial Garden,Parks,POINT (-71.05421 42.36622)
827,Old North Church,Places of Worship,POINT (-71.05439 42.36636)
828,Ruff North End Dog Park,Parks,POINT (-71.05665 42.36679)
829,Prince Street Park Tennis Court,Parks,POINT (-71.05846 42.36751)
830,Steriti Memorial Rink,Parks,POINT (-71.05724 42.36808)
831,Puopolo Playground,Parks,POINT (-71.05667 42.36874)
832,BCYF Mirabella Pool,Parks,POINT (-71.05358 42.36856)
833,S A S Salon,Social Businesses,POINT (-71.05293 42.36726)
834,Phillip's Salon,Social Businesses,POINT (-71.05264 42.36604)
835,Byrne playground,Parks,POINT (-71.05245 42.30096)
836,"St Ambrose Parish
",Parks,POINT (-71.05894 42.30095)
837,Tri Js' House-Barbering & Hair,Social Businesses,POINT (-71.05913 42.3002)
838,"Kingdom Hall of Jehovah's Witnesses
",Places of Worship,POINT (-71.05865 42.29661)
839,Doherty-Gibson baseballfield,Parks,POINT (-71.06181 42.29717)
840,"Tenean Beach
",Parks,POINT (-71.04292 42.29241)
841,Boston Bowl,Social Businesses,POINT (-71.04616 42.29418)
842,"Holy Cross Chapel
",Places of Worship,POINT (-71.12782 42.3167)
843,Parkman Memorial Park,Parks,POINT (-71.12411 42.3177)
844,Sargent's Pond,Parks,POINT (-71.12775 42.32127)
845,"Pinebank Promontory
",Parks,POINT (-71.11883 42.32004)
846,Starr Lane Community Park,Parks,POINT (-71.11338 42.31265)
847,"The Joint
",Social Businesses,POINT (-71.11425 42.31475)
848,"Little Free Library
",Community Spaces,POINT (-71.11589 42.31512)
849,"Hincman’s bench
",Parks,POINT (-71.11719 42.31703)
850,"Jamaica Pond parkrun
",Parks,POINT (-71.11737 42.32019)
851,First Hispanic Baptist Church,Places of Worship,POINT (-71.1117 42.31832)
852,Community Garden,Parks,POINT (-71.10806 42.32009)
853,Forbes Street Playground,Parks,POINT (-71.10605 42.32052)
854,"Beecher Street Play Area
",Parks,POINT (-71.10662 42.31843)
855,"Lawndale Terrace Garden Park Tennis Courts
",Parks,POINT (-71.10596 42.31452)
856,"Kingdom Hall of Jehovah's Witnesses
",Places of Worship,POINT (-71.1077 42.31439)
857,"Jamaica Plain Skatepark
",Parks,POINT (-71.10563 42.31388)
858,Lawndale Terrace Garden Park,Parks,POINT (-71.10578 42.31417)
859,"Brookside Community Garden
",Parks,POINT (-71.10438 42.31336)
860,Oakdale Street Community Garden,Parks,POINT (-71.10652 42.31328)
861,William F. Flaherty Playground,Parks,POINT (-71.10445 42.31185)
862,"Primera Iglesia Pentecostal
",Places of Worship,POINT (-71.10275 42.31145)
863,Granada Park Garden,Parks,POINT (-71.09867 42.31289)
864,"Our Lady of Lourdes Parish
",Places of Worship,POINT (-71.10249 42.31302)
865,"Egleston Community Orchard
",Parks,POINT (-71.10163 42.31418)
866,"Boylston Congregational Church
",Places of Worship,POINT (-71.10295 42.31689)
867,"Egleston YMCA
",Community Spaces,POINT (-71.09945 42.31422)
868,Dunkin',Social Businesses,POINT (-71.0981 42.31679)
869,"El Parquecito de la Hermandad
",Parks,POINT (-71.09674 42.31208)
870,"St. Mary of the Angels Church
",Places of Worship,POINT (-71.09536 42.31372)
871,Walnut Park Play Area,Parks,POINT (-71.09403 42.31449)
872,Egleston Community Garden,Parks,POINT (-71.09578 42.31445)
873,Waldren Road Garden,Parks,POINT (-71.09527 42.31582)
874,Crawford Street Playground,Parks,POINT (-71.09268 42.31533)
875,"The Museum of NCAAA
",Social Businesses,POINT (-71.09218 42.3164)
876,"Trotter School Playground
",Parks,POINT (-71.08874 42.31509)
877,"Dorchester Berea Seventh-day Adventist Church
",Places of Worship,POINT (-71.09218 42.31032)
878,"United House of Prayer
",Places of Worship,POINT (-71.08817 42.30785)
879,"Muhammad's Mosque
",Places of Worship,POINT (-71.08269 42.30828)
880,"New Faith Missionary Baptist
",Places of Worship,POINT (-71.08032 42.30777)
881,"Beulah Pilgrim Holiness Church
",Places of Worship,POINT (-71.08305 42.3093)
882,"Freedom House Inc
",Community Spaces,POINT (-71.0837 42.31081)
883,Brunswick-King Play Area,Parks,POINT (-71.07779 42.30989)
884,"Masjid Al-Quran
",Places of Worship,POINT (-71.08031 42.3116)
885,"Alrowda Mosque
",Places of Worship,POINT (-71.07972 42.31241)
886,"Mt. Calvary Holy Church of America
",Places of Worship,POINT (-71.0809 42.31258)
887,"Community Gospel Chapel
",Places of Worship,POINT (-71.08194 42.31233)
888,"Charles Street AME Church
",Places of Worship,POINT (-71.0838 42.31286)
889,"Grace Church of All Nations
",Places of Worship,POINT (-71.0856 42.31246)
890,"Little Zion Church Of God In Christ
",Places of Worship,POINT (-71.07494 42.31362)
891,"Dacia & Woodcliff Community Garden
",Community Spaces,POINT (-71.07685 42.31577)
892,"Walthall Chapel
",Places of Worship,POINT (-71.07799 42.31661)
893,"Holy Family Parish
",Places of Worship,POINT (-71.07262 42.31694)
894,Quincy Street Play Area,Parks,POINT (-71.07977 42.31487)
895,SCOG Boston,Places of Worship,POINT (-71.06655 42.30961)
896,"St Peter's Parish-Dorchester
",Places of Worship,POINT (-71.06487 42.30771)
897,"First Parish Dorchester
",Places of Worship,POINT (-71.06229 42.30818)
898,"Bible Baptist Church
",Places of Worship,POINT (-71.06223 42.30737)
899,"Norton & Stonehurst Community Garden
",Places of Worship,POINT (-71.06715 42.30514)
900,"Calvary Church International
",Places of Worship,POINT (-71.06141 42.30772)
901,Downer Avenue Playground,Parks,POINT (-71.06182 42.31167)
902,Paul Sullivan House Community Garden,Parks,POINT (-71.05901 42.31094)
903,Stanley Bellevue Park,Parks,POINT (-71.06781 42.31141)
904,Quincy/Stanley Street Play Area,Parks,POINT (-71.0689 42.31105)
905,Jardin De La Amistad Community Garden,Parks,POINT (-71.07545 42.32579)
906,Gertrude Howes Playground,Parks,POINT (-71.07852 42.32432)
907,Dorchester Shores Reservation,Parks,POINT (-71.04398 42.32225)
908,Columbia Point Community Garden,Parks,POINT (-71.04574 42.31853)
909,Church in Roxbury,Places of Worship,POINT (-71.08986 42.33014)
910,Roxbury Portuguese Congregation,Places of Worship,POINT (-71.07986 42.32556)
911,Twelfth Baptist Church,Places of Worship,POINT (-71.08286 42.32554)
912,Southern Baptist Church,Places of Worship,POINT (-71.08167 42.32631)
913,Bethel Baptist Church,Places of Worship,POINT (-71.08484 42.32628)
914,Holy Church Temple,Places of Worship,POINT (-71.08887 42.32903)
915,Zion Fire Holiness Church of God,Places of Worship,POINT (-71.08262 42.32851)
916,TBaar,Social Businesses,POINT (-71.10868 42.34605)
917,Tatte Bakery & Cafe,Social Businesses,POINT (-71.10681 42.34593)
918,Church of Our Savior,Places of Worship,POINT (-71.10917 42.34442)
919,Christ Church Unity Boston,Places of Worship,POINT (-71.11048 42.34237)
920,Starbucks,Social Businesses,POINT (-71.10424 42.3382)
921,Iglesia de Dios Pentecostal M.I. Fuente de Vida,Places of Worship,POINT (-71.08006 42.33612)
922,Cross Town Church International,Places of Worship,POINT (-71.07954 42.33571)
923,Café Quattro,Social Businesses,POINT (-71.07444 42.33569)
924,Jaho Coffee & Tea,Social Businesses,POINT (-71.0754 42.33793)
925,Flour Bakery & Cafe,Social Businesses,POINT (-71.07456 42.3385)
926,Worchester Street Community Garden,Parks,POINT (-71.07959 42.34061)
927,Chester Park,Parks,POINT (-71.07892 42.33843)
928,West Springfield Garden,Parks,POINT (-71.07796 42.33816)
929,Peoples Baptist Church,Places of Worship,POINT (-71.08207 42.33828)
930,St. Katharine Drexel Parish Center,Places of Worship,POINT (-71.08766 42.33453)
931,Community Revival & Outreach,Places of Worship,POINT (-71.0854 42.33408)
932,United Emmanuel Holiness Church,Places of Worship,POINT (-71.08422 42.33529)
933,O'Day Playground,Parks,POINT (-71.07528 42.34077)
934,Pavement Coffeehouse ,Social Businesses,POINT (-71.10717 42.3499)
935,Cafe Landwer,Social Businesses,POINT (-71.1057 42.34681)
936,Ruggles Baptist Church,Places of Worship,POINT (-71.10502 42.34704)
937,Starbucks ,Social Businesses,POINT (-71.09995 42.34957)
938,Fenway Park,Parks,POINT (-71.09721 42.34668)
939,Mothers Rest,Parks,POINT (-71.09106 42.34492)
940,Saint Clements Eucharistic Shrine,Places of Worship,POINT (-71.08968 42.347)
941,Pavement Coffeehouse,Social Businesses,POINT (-71.08441 42.349)
942,Cafe 472,Social Businesses,POINT (-71.09365 42.34869)
943,Massachusetts Historical Society ,Other,POINT (-71.08993 42.34656)
944,St. Cecilia Roman Catholic Church,Places of Worship,POINT (-71.0863 42.34659)
945,Harry Ellis Dickson Park,Parks,POINT (-71.08706 42.34362)
946,Yi Fang Taiwan Fruit Tea,Social Businesses,POINT (-71.08122 42.35019)
947,Blue Bottle Coffee,Social Businesses,POINT (-71.08118 42.34666)
948,Pressed Cafe,Social Businesses,POINT (-71.08123 42.3463)
949,Gardens,Parks,POINT (-71.07916 42.34491)
950,Common Church,Places of Worship,POINT (-71.07485 42.34849)
951,Ellis Memorial Children's Park,Parks,POINT (-71.06944 42.34741)
952,Berkeley Perk Cafe,Social Businesses,POINT (-71.07067 42.34678)
953,Unity Tower Garden,Parks,POINT (-71.07227 42.34133)
954,Mana Escondido Cafe,Social Businesses,POINT (-71.0757 42.34135)
955,United Congregational Church of Weston,Places of Worship,POINT (-71.07716 42.34184)
956,Starbucks,Social Businesses,POINT (-71.0746 42.3426)
957,"Greystone Cafe, Bakery, and Provisions",Social Businesses,POINT (-71.07468 42.3453)
958,"Arnold Arboretum - Leventritt Vine and Shrub Garden
",Parks,POINT (-71.12399 42.30402)
959,Bussey Brook Meadow,Parks,POINT (-71.11884 42.2991)
960,"Arnold Arboretum - Bradley Rosaceous Collection
",Parks,POINT (-71.1191 42.30207)
961,Spalding Street Playground,Parks,POINT (-71.11309 42.30365)
962,Leland St Cooperative Garden,Parks,POINT (-71.11206 42.29676)
963,St. Andrew Ukrainian Orthodox Church,Places of Worship,POINT (-71.11128 42.30022)
964,Church of God of Prophecy,Places of Worship,POINT (-71.08092 42.29715)
965,Zion Assembly Apostolic Church,Places of Worship,POINT (-71.08064 42.29645)
966,Greenwood Community Garden,Parks,POINT (-71.07932 42.29694)
967,Greater Friendship Baptist Church,Places of Worship,POINT (-71.07857 42.29689)
968,Église de Dieu de La Pentecôte Libre,Places of Worship,POINT (-71.08721 42.29516)
969,Boston Public Library,Social Businesses,POINT (-71.08635 42.29558)
970,Greater Love Tabernacle Church,Places of Worship,POINT (-71.08542 42.29477)
971,"Bethel Highway Church Of Christ Of The Apostolic Faith, Inc.",Places of Worship,POINT (-71.07972 42.29265)
972,"Franklin Field BHA Green Park
",Parks,POINT (-71.08491 42.29009)
974,"Nightingale Community Garden
",Parks,POINT (-71.07345 42.29492)
975,"Spencer Community Garden
",Parks,POINT (-71.0758 42.29376)
976,"Wheatland Community Garden
",Parks,POINT (-71.07616 42.29267)
977,Freedom Christ-Ministry,Places of Worship,POINT (-71.07133 42.2889)
978,Inglesia De Dios Pentecostal ,Places of Worship,POINT (-71.0713 42.28805)
979,Garden of Peace,Places of Worship,POINT (-71.07581 42.28878)
980,Global Ministries Christian Church,Places of Worship,POINT (-71.07082 42.28837)
981,New Life Restoration Temple,Places of Worship,POINT (-71.06977 42.29094)
982,Life Church Boston,Places of Worship,POINT (-71.06692 42.29199)
983,Jubilee Christian Fellowship,Places of Worship,POINT (-71.07023 42.29418)
984,Lamontagne Gallery,Other,POINT (-71.06527 42.34263)
985,Savin Hill Cove,Parks,POINT (-71.04892 42.30239)
986,Eustis Street Playground,Parks,POINT (-71.07438 42.32624)
987,Saint Patrick Church,Places of Worship,POINT (-71.07497 42.32579)
988,Dudley Town Common,Parks,POINT (-71.07557 42.32661)
989,Boston Missionary Baptist Church,Places of Worship,POINT (-71.07663 42.32739)
990,Sterling Square,Parks,POINT (-71.05424 42.32673)
991,Our Lady of Czestochowa Catholic Parish,Places of Worship,POINT (-71.05731 42.32786)
992,St. Monica-St. Augustine Catholic Church,Places of Worship,POINT (-71.05282 42.32933)
993,Saint Augustine Chapel and Cemetery,Places of Worship,POINT (-71.04969 42.33441)
994,Edgerley Family South Boston Boys & Girls Club,Community Spaces,POINT (-71.04965 42.33498)
995,Washburn Street Green,Parks,POINT (-71.05705 42.32506)
996,Joe Moakley Park Tennis Courts,Parks,POINT (-71.05054 42.32812)
997,Carson Beach,Parks,POINT (-71.04802 42.32621)
998,John T. Fallon State Pier,Parks,POINT (-71.03294 42.31581)
999,UMass Harborwalk Park,Parks,POINT (-71.04079 42.31244)
1000,Nira Avenue Garden,Parks,POINT (-71.10875 42.32511)
1001,Forbes Street Community Garden,Community Spaces,POINT (-71.10776 42.32165)
1002,Mary E. Robinson Playground,Parks,POINT (-71.12175 42.32609)
1003,Harry Downes Playground,Parks,POINT (-71.11898 42.32365)
1004,Philbrick Square,Parks,POINT (-71.12038 42.32852)
1005,Boylston Street Playground,Parks,POINT (-71.12173 42.33114)
1006,Juniper Street Playground,Parks,POINT (-71.11733 42.33)
1007,Latvian Lutheran Church of Boston,Places of Worship,POINT (-71.11881 42.32911)
1008,Heath Square,Parks,POINT (-71.10038 42.32631)
1009,Magic Shears Unisex Hair Salon,Social Businesses,POINT (-71.09811 42.32216)
1010,Southwest Corridor Community Farm,Community Spaces,POINT (-71.10238 42.32079)
1011,Community Servings,Community Spaces,POINT (-71.10289 42.31809)
1012,Cedar-Juniper Natural Area,Parks,POINT (-71.08952 42.3242)
1013,St. Joseph's Garden,Parks,POINT (-71.08799 42.32332)
1014,Rockledge Street Urban Wild,Parks,POINT (-71.09022 42.32648)
1015,Thornton Street Urban Farm & Community Gardens,Community Spaces,POINT (-71.09131 42.32378)
1016,Wakullah St. CG,Community Spaces,POINT (-71.08676 42.32213)
1017,Julian Judson Gayland Playground,Parks,POINT (-71.07539 42.31971)
1018,Esperanza Garden,Parks,POINT (-71.07095 42.31664)
1019,Gordon and Denton Square Park,Parks,POINT (-71.07239 42.31361)
1020,Sargent Street Park,Parks,POINT (-71.07402 42.31511)
1021,ELC Playlot,Parks,POINT (-71.07927 42.31527)
1022,Savin/Maywood Streets Garden,Parks,POINT (-71.07934 42.31611)
1023,Holborn Street Totlot,Parks,POINT (-71.08262 42.31537)
1024,P.F.C. Willis Beauford Jr. Totlot,Parks,POINT (-71.07565 42.31591)
1025,Boston Spanish SDA Church,Places of Worship,POINT (-71.06299 42.31651)
1026,St. Mary's Episcopal Church Food Pantry,Community Spaces,POINT (-71.06389 42.31624)
1027,William A. Meaney Playground,Parks,POINT (-71.05908 42.31884)
1028,Mullen Square,Parks,POINT (-71.05799 42.31932)
1029,El Nuevo Estilo Barbershop,Social Businesses,POINT (-71.05711 42.31807)
1030,Robert E. Ryan Playground,Parks,POINT (-71.05595 42.3178)
1031,Dorchester Waymark Seventh-day Adventist Church,Places of Worship,POINT (-71.05633 42.31514)
1032,Djady's Beauty Salon and Barber Shop,Social Businesses,POINT (-71.05734 42.3142)
1033,Windermore Community Garden,Community Spaces,POINT (-71.06262 42.31493)
1034,St. Mary's Center for Women and Children,Community Spaces,POINT (-71.06271 42.31366)
1035,Virginia and Monadnock Streets Garden,Parks,POINT (-71.06865 42.31712)
1036,The Nonquit Street Garden,Parks,POINT (-71.06841 42.31812)
1037,Pattens Cove,Parks,POINT (-71.04888 42.31376)
1038,St. George Albanian Orthodox Catholic Church,Places of Worship,POINT (-71.04381 42.33494)
1039,Gate of Heaven Catholic Church,Places of Worship,POINT (-71.04035 42.3344)
1040,Mosque for Praising Allah,Places of Worship,POINT (-71.08329 42.33286)
1041,Holistic Life Church Ministries,Places of Worship,POINT (-71.07827 42.32985)
1042,Lion of Judah,Places of Worship,POINT (-71.07614 42.33467)
1043,"Bessie Barnes Park
",Parks,POINT (-71.08408 42.33601)
1044,Render Coffee,Social Businesses,POINT (-71.08145 42.34108)
1045,Boston University Marsh Church,Places of Worship,POINT (-71.10647 42.35053)
1046,St Stephan's Episcopal Church,Places of Worship,POINT (-71.07373 42.3404)
1047,Cafe Madeleine,Social Businesses,POINT (-71.08003 42.34223)
1048,United Baptist Church,Places of Worship,POINT (-71.1051 42.32237)
1049,Squantum Point Park,Parks,POINT (-71.03861 42.30065)
1050,First Parish in Brookline,Places of Worship,POINT (-71.13066 42.32715)
1051,Magazine Street Community Garden,Parks,POINT (-71.07305 42.32566)
1052,Our Lady of Guadalupe Friary,Places of Worship,POINT (-71.07385 42.32527)
1053,The Food Project's Langdon Street Farm,Parks,POINT (-71.07224 42.32442)
1054,Mt Pleasant Play Area,Parks,POINT (-71.07925 42.32708)
