cell,wkt
Cell 100,"MULTIPOLYGON (((-71.04504 42.30919, -71.03258 42.30699, -71.02922 42.31516, -71.04168 42.31736, -71.04504 42.30919)))"
Cell 106,"MULTIPOLYGON (((-71.11646 42.33055, -71.10399 42.32836, -71.10064 42.33653, -71.11311 42.33873, -71.11646 42.33055)))"
Cell 107,"MULTIPOLYGON (((-71.10399 42.32836, -71.09153 42.32616, -71.08817 42.33433, -71.10064 42.33653, -71.10399 42.32836)))"
Cell 108,"MULTIPOLYGON (((-71.09153 42.32616, -71.07906 42.32396, -71.07571 42.33213, -71.08817 42.33433, -71.09153 42.32616)))"
Cell 109,"MULTIPOLYGON (((-71.07906 42.32396, -71.0666 42.32176, -71.06325 42.32993, -71.07571 42.33213, -71.07906 42.32396)))"
Cell 110,"MULTIPOLYGON (((-71.0666 42.32176, -71.05414 42.31956, -71.05078 42.32773, -71.06325 42.32993, -71.0666 42.32176)))"
Cell 111,"MULTIPOLYGON (((-71.05414 42.31956, -71.04168 42.31736, -71.03832 42.32553, -71.05078 42.32773, -71.05414 42.31956)))"
Cell 112,"MULTIPOLYGON (((-71.04168 42.31736, -71.02922 42.31516, -71.02586 42.32333, -71.03832 42.32553, -71.04168 42.31736)))"
Cell 123,"MULTIPOLYGON (((-71.11311 42.33873, -71.10064 42.33653, -71.09729 42.3447, -71.10976 42.3469, -71.11311 42.33873)))"
Cell 124,"MULTIPOLYGON (((-71.10064 42.33653, -71.08817 42.33433, -71.08482 42.34251, -71.09729 42.3447, -71.10064 42.33653)))"
Cell 125,"MULTIPOLYGON (((-71.08817 42.33433, -71.07571 42.33213, -71.07235 42.34031, -71.08482 42.34251, -71.08817 42.33433)))"
Cell 126,"MULTIPOLYGON (((-71.07571 42.33213, -71.06325 42.32993, -71.05989 42.33811, -71.07235 42.34031, -71.07571 42.33213)))"
Cell 127,"MULTIPOLYGON (((-71.06325 42.32993, -71.05078 42.32773, -71.04743 42.3359, -71.05989 42.33811, -71.06325 42.32993)))"
Cell 128,"MULTIPOLYGON (((-71.05078 42.32773, -71.03832 42.32553, -71.03496 42.3337, -71.04743 42.3359, -71.05078 42.32773)))"
Cell 129,"MULTIPOLYGON (((-71.03832 42.32553, -71.02586 42.32333, -71.0225 42.3315, -71.03496 42.3337, -71.03832 42.32553)))"
Cell 142,"MULTIPOLYGON (((-71.10976 42.3469, -71.09729 42.3447, -71.09393 42.35287, -71.1064 42.35507, -71.10976 42.3469)))"
Cell 143,"MULTIPOLYGON (((-71.09729 42.3447, -71.08482 42.34251, -71.08147 42.35068, -71.09393 42.35287, -71.09729 42.3447)))"
Cell 144,"MULTIPOLYGON (((-71.08482 42.34251, -71.07235 42.34031, -71.069 42.34848, -71.08147 42.35068, -71.08482 42.34251)))"
Cell 145,"MULTIPOLYGON (((-71.07235 42.34031, -71.05989 42.33811, -71.05653 42.34628, -71.069 42.34848, -71.07235 42.34031)))"
Cell 146,"MULTIPOLYGON (((-71.05988 42.33813, -71.04742 42.33593, -71.04406 42.3441, -71.05652 42.3463, -71.05988 42.33813)))"
Cell 147,"MULTIPOLYGON (((-71.04743 42.3359, -71.03496 42.3337, -71.0316 42.34187, -71.04407 42.34407, -71.04743 42.3359)))"
Cell 148,"MULTIPOLYGON (((-71.03496 42.3337, -71.0225 42.3315, -71.01914 42.33967, -71.0316 42.34187, -71.03496 42.3337)))"
Cell 149,"MULTIPOLYGON (((-71.0225 42.3315, -71.01004 42.32929, -71.00668 42.33746, -71.01914 42.33967, -71.0225 42.3315)))"
Cell 160,"MULTIPOLYGON (((-71.09393 42.35287, -71.08147 42.35068, -71.07811 42.35885, -71.09058 42.36105, -71.09393 42.35287)))"
Cell 161,"MULTIPOLYGON (((-71.08147 42.35068, -71.069 42.34848, -71.06564 42.35665, -71.07811 42.35885, -71.08147 42.35068)))"
Cell 162,"MULTIPOLYGON (((-71.069 42.34848, -71.05653 42.34628, -71.05317 42.35445, -71.06564 42.35665, -71.069 42.34848)))"
Cell 163,"MULTIPOLYGON (((-71.05653 42.34628, -71.04407 42.34407, -71.04071 42.35225, -71.05317 42.35445, -71.05653 42.34628)))"
Cell 164,"MULTIPOLYGON (((-71.04407 42.34407, -71.0316 42.34187, -71.02824 42.35004, -71.04071 42.35225, -71.04407 42.34407)))"
Cell 165,"MULTIPOLYGON (((-71.0316 42.34187, -71.01914 42.33967, -71.01578 42.34784, -71.02824 42.35004, -71.0316 42.34187)))"
Cell 166,"MULTIPOLYGON (((-71.01914 42.33967, -71.00668 42.33746, -71.00331 42.34563, -71.01578 42.34784, -71.01914 42.33967)))"
Cell 173,"MULTIPOLYGON (((-71.07811 42.35885, -71.06564 42.35665, -71.06228 42.36482, -71.07475 42.36702, -71.07811 42.35885)))"
Cell 174,"MULTIPOLYGON (((-71.06564 42.35665, -71.05317 42.35445, -71.04981 42.36262, -71.06228 42.36482, -71.06564 42.35665)))"
Cell 175,"MULTIPOLYGON (((-71.05317 42.35445, -71.04071 42.35225, -71.03735 42.36042, -71.04981 42.36262, -71.05317 42.35445)))"
Cell 176,"MULTIPOLYGON (((-71.04071 42.35225, -71.02824 42.35004, -71.02488 42.35821, -71.03735 42.36042, -71.04071 42.35225)))"
Cell 182,"MULTIPOLYGON (((-71.07475 42.36702, -71.06228 42.36482, -71.05893 42.37299, -71.0714 42.37519, -71.07475 42.36702)))"
Cell 183,"MULTIPOLYGON (((-71.06228 42.36482, -71.04981 42.36262, -71.04645 42.37079, -71.05893 42.37299, -71.06228 42.36482)))"
Cell 50,"MULTIPOLYGON (((-71.06181 42.26833, -71.04936 42.26613, -71.04601 42.2743, -71.05846 42.2765, -71.06181 42.26833)))"
Cell 60,"MULTIPOLYGON (((-71.07091 42.2787, -71.05846 42.2765, -71.05511 42.28468, -71.06756 42.28688, -71.07091 42.2787)))"
Cell 61,"MULTIPOLYGON (((-71.05846 42.2765, -71.04601 42.2743, -71.04265 42.28247, -71.05511 42.28468, -71.05846 42.2765)))"
Cell 62,"MULTIPOLYGON (((-71.04601 42.2743, -71.03356 42.2721, -71.0302 42.28027, -71.04265 42.28247, -71.04601 42.2743)))"
Cell 64,"MULTIPOLYGON (((-71.1423 42.30006, -71.12985 42.29786, -71.1265 42.30604, -71.13896 42.30823, -71.1423 42.30006)))"
Cell 65,"MULTIPOLYGON (((-71.12985 42.29786, -71.11739 42.29567, -71.11404 42.30384, -71.1265 42.30604, -71.12985 42.29786)))"
Cell 66,"MULTIPOLYGON (((-71.11739 42.29567, -71.10493 42.29347, -71.10158 42.30164, -71.11404 42.30384, -71.11739 42.29567)))"
Cell 67,"MULTIPOLYGON (((-71.10493 42.29347, -71.09247 42.29127, -71.08912 42.29945, -71.10158 42.30164, -71.10493 42.29347)))"
Cell 68,"MULTIPOLYGON (((-71.09247 42.29127, -71.08002 42.28908, -71.07666 42.29725, -71.08912 42.29945, -71.09247 42.29127)))"
Cell 69,"MULTIPOLYGON (((-71.08002 42.28908, -71.06756 42.28688, -71.06421 42.29505, -71.07666 42.29725, -71.08002 42.28908)))"
Cell 70,"MULTIPOLYGON (((-71.06756 42.28688, -71.05511 42.28468, -71.05175 42.29285, -71.06421 42.29505, -71.06756 42.28688)))"
Cell 71,"MULTIPOLYGON (((-71.05511 42.28468, -71.04265 42.28247, -71.0393 42.29064, -71.05175 42.29285, -71.05511 42.28468)))"
Cell 72,"MULTIPOLYGON (((-71.04265 42.28247, -71.0302 42.28027, -71.02684 42.28844, -71.0393 42.29064, -71.04265 42.28247)))"
Cell 73,"MULTIPOLYGON (((-71.13896 42.30823, -71.1265 42.30604, -71.12315 42.31421, -71.13561 42.3164, -71.13896 42.30823)))"
Cell 74,"MULTIPOLYGON (((-71.1265 42.30604, -71.11404 42.30384, -71.11069 42.31201, -71.12315 42.31421, -71.1265 42.30604)))"
Cell 75,"MULTIPOLYGON (((-71.11402 42.30384, -71.10156 42.30164, -71.09821 42.30982, -71.11067 42.31201, -71.11402 42.30384)))"
Cell 76,"MULTIPOLYGON (((-71.10158 42.30164, -71.08912 42.29945, -71.08577 42.30762, -71.09823 42.30982, -71.10158 42.30164)))"
Cell 77,"MULTIPOLYGON (((-71.08912 42.29945, -71.07666 42.29725, -71.07331 42.30542, -71.08577 42.30762, -71.08912 42.29945)))"
Cell 78,"MULTIPOLYGON (((-71.07666 42.29725, -71.06421 42.29505, -71.06085 42.30322, -71.07331 42.30542, -71.07666 42.29725)))"
Cell 79,"MULTIPOLYGON (((-71.06421 42.29505, -71.05175 42.29285, -71.04839 42.30102, -71.06085 42.30322, -71.06421 42.29505)))"
Cell 80,"MULTIPOLYGON (((-71.05175 42.29285, -71.0393 42.29064, -71.03594 42.29882, -71.04839 42.30102, -71.05175 42.29285)))"
Cell 81,"MULTIPOLYGON (((-71.0393 42.29064, -71.02684 42.28844, -71.02348 42.29661, -71.03594 42.29882, -71.0393 42.29064)))"
Cell 82,"MULTIPOLYGON (((-71.13561 42.3164, -71.12315 42.31421, -71.1198 42.32238, -71.13227 42.32458, -71.13561 42.3164)))"
Cell 83,"MULTIPOLYGON (((-71.12315 42.31421, -71.11069 42.31201, -71.10734 42.32019, -71.1198 42.32238, -71.12315 42.31421)))"
Cell 84,"MULTIPOLYGON (((-71.11069 42.31201, -71.09823 42.30982, -71.09488 42.31799, -71.10734 42.32019, -71.11069 42.31201)))"
Cell 85,"MULTIPOLYGON (((-71.09823 42.30982, -71.08577 42.30762, -71.08242 42.31579, -71.09488 42.31799, -71.09823 42.30982)))"
Cell 86,"MULTIPOLYGON (((-71.08577 42.30762, -71.07331 42.30542, -71.06996 42.31359, -71.08242 42.31579, -71.08577 42.30762)))"
Cell 87,"MULTIPOLYGON (((-71.07331 42.30542, -71.06085 42.30322, -71.0575 42.31139, -71.06996 42.31359, -71.07331 42.30542)))"
Cell 88,"MULTIPOLYGON (((-71.06086 42.3032, -71.04841 42.301, -71.04505 42.30917, -71.05751 42.31138, -71.06086 42.3032)))"
Cell 89,"MULTIPOLYGON (((-71.04839 42.30102, -71.03594 42.29882, -71.03258 42.30699, -71.04504 42.30919, -71.04839 42.30102)))"
Cell 93,"MULTIPOLYGON (((-71.13227 42.32458, -71.1198 42.32238, -71.11646 42.33055, -71.12892 42.33275, -71.13227 42.32458)))"
Cell 94,"MULTIPOLYGON (((-71.1198 42.32238, -71.10734 42.32019, -71.10399 42.32836, -71.11646 42.33055, -71.1198 42.32238)))"
Cell 95,"MULTIPOLYGON (((-71.10734 42.32019, -71.09488 42.31799, -71.09153 42.32616, -71.10399 42.32836, -71.10734 42.32019)))"
Cell 96,"MULTIPOLYGON (((-71.09488 42.31799, -71.08242 42.31579, -71.07906 42.32396, -71.09153 42.32616, -71.09488 42.31799)))"
Cell 97,"MULTIPOLYGON (((-71.08242 42.31579, -71.06996 42.31359, -71.0666 42.32176, -71.07906 42.32396, -71.08242 42.31579)))"
Cell 98,"MULTIPOLYGON (((-71.06996 42.31359, -71.0575 42.31139, -71.05414 42.31956, -71.0666 42.32176, -71.06996 42.31359)))"
Cell 99,"MULTIPOLYGON (((-71.0575 42.31139, -71.04504 42.30919, -71.04168 42.31736, -71.05414 42.31956, -71.0575 42.31139)))"
