member_id,role,age_group,gender,politician,govt,research,business,fisheries,media
name_1,member,40-60,man,no,no,yes,no,no,no
name_2,member,60-80,man,no,yes,yes,no,no,no
name_3,member,60-80,man,no,yes,no,no,no,no
name_4,member,40-60,man,no,no,no,no,no,yes
name_5,member,,woman,no,no,yes,yes,no,no
name_6,member,20-40,man,no,yes,no,no,no,no
name_7,member,80-older,man,no,no,yes,no,no,no
name_8,member,40-60,man,no,no,yes,no,no,yes
name_9,member,60-80,man,no,no,yes,no,no,no
name_10,member,60-80,man,no,no,yes,no,no,no
name_11,member,40-60,man,no,no,yes,no,no,no
name_12,member,60-80,man,no,no,yes,no,no,no
name_13,member,60-80,man,no,no,yes,no,no,no
name_14,member,40-60,man,no,no,no,yes,no,no
name_15,member,60-80,man,no,no,no,yes,no,no
name_16,member,40-60,man,no,yes,no,no,no,no
name_17,member,,man,no,no,no,no,no,no
name_18,member,60-80,man,no,no,no,no,no,no
name_19,member,60-80,man,no,yes,no,no,no,no
name_20,member,60-80,man,no,no,yes,no,no,no
name_21,member,60-80,man,no,no,yes,no,no,no
name_22,member,60-80,woman,no,yes,no,no,no,no
name_23,member,40-60,woman,no,no,no,no,no,no
name_24,member,40-60,woman,no,no,no,yes,no,no
name_25,member,,woman,no,no,no,no,no,no
name_26,member,60-80,man,no,no,yes,no,no,no
name_27,member,,man,no,no,no,yes,no,no
name_28,member,60-80,man,no,no,no,no,no,yes
name_29,member,60-80,man,no,no,yes,no,no,no
name_30,member,40-60,man,no,no,no,no,no,yes
name_31,member,40-60,man,no,no,yes,no,no,no
name_32,member,40-60,man,no,no,yes,no,no,no
name_33,member,60-80,man,no,no,no,yes,no,no
name_34,member,,man,no,no,no,yes,yes,no
name_35,member,40-60,woman,,yes,no,no,no,no
name_36,member,40-60,woman,no,yes,no,no,no,no
name_37,member,40-60,woman,no,no,no,no,no,no
name_38,member,40-60,woman,no,no,no,yes,no,no
name_39,member,,man,no,yes,no,no,no,no
name_40,member,40-60,man,no,yes,no,no,no,no
name_41,member,,man,no,no,no,yes,no,no
name_42,member,20-40,man,no,no,no,no,no,no
name_43,member,40-60,man,no,no,no,no,no,no
name_44,member,40-60,man,no,no,yes,no,no,no
name_46,member,60-80,man,no,no,no,no,no,no
name_47,member,,man,no,yes,no,no,no,no
name_48,member,40-60,woman,no,no,no,yes,no,no
name_49,member,40-60,man,no,no,no,no,no,no
name_50,member,,man,no,no,no,no,no,no
name_51,member,40-60,man,no,no,no,yes,no,no
name_52,member,,man,no,no,no,yes,no,no
name_53,member,80-older,man,no,no,no,yes,yes,no
name_54,member,80-older,man,no,no,no,yes,yes,no
name_55,member,60-80,man,no,no,no,yes,yes,no
name_56,member,60-80,man,no,no,no,yes,no,no
name_57,member,60-80,man,no,no,no,yes,no,no
name_58,member,40-60,man,no,no,no,yes,no,no
name_59,member,,man,no,no,no,yes,no,no
name_60,member,40-60,man,no,no,no,yes,no,no
name_61,member,,man,no,no,no,no,no,no
name_62,member,40-60,man,no,yes,yes,no,no,no
name_63,member,20-40,woman,no,no,no,yes,no,yes
name_64,member,40-60,woman,no,no,no,no,no,no
name_65,member,40-60,man,no,no,yes,no,no,no
name_66,member,40-60,man,no,no,yes,no,no,no
name_67,observer,60-80,man,no,yes,no,no,no,no
name_68,observer,60-80,man,no,yes,no,no,no,no
name_69,observer,60-80,man,no,no,yes,yes,no,no
name_70,observer,60-80,man,no,no,yes,no,no,no
name_71,observer,40-60,man,no,yes,no,yes,no,no
name_72,member,40-60,man,no,no,no,yes,no,no
name_73,member,60-80,man,no,no,no,yes,no,no
name_74,member,60-80,man,no,no,no,no,no,no
name_75,member,60-80,woman,no,no,no,no,no,no
name_76,member,60-80,man,no,no,no,yes,yes,no
name_77,member,20-40,man,no,no,no,yes,no,no
name_78,member,,man,no,no,no,yes,yes,no
name_79,member,,man,no,no,no,yes,no,no
name_80,member,60-80,woman,no,yes,no,no,no,no
name_81,member,,man,,no,no,no,no,no
name_82,member,,woman,no,no,no,no,no,no
name_83,member,20-40,woman,no,no,no,yes,no,no
name_84,member,60-80,man,no,no,no,no,no,no
name_85,member,60-80,man,no,no,no,no,no,no
name_86,member,60-80,man,yes,no,no,no,no,no
name_87,member,,woman,no,no,no,no,no,no
name_88,member,,man,no,no,no,no,no,no
name_89,member,60-80,man,no,no,no,yes,yes,no
name_90,member,,man,no,no,no,no,yes,no
name_91,member,40-60,man,no,no,yes,no,no,no
name_92,member,,man,no,no,no,yes,no,no
name_93,observer,,man,no,yes,no,no,no,no
name_94,observer,,man,no,no,no,yes,no,no
name_95,observer,40-60,man,no,no,no,yes,no,no
name_96,member,40-60,woman,no,no,no,yes,yes,no
name_97,member,,man,no,no,no,yes,no,no
name_98,member,60-80,man,yes,no,no,no,no,no
name_99,member,40-60,man,no,no,no,yes,yes,no
name_100,member,,man,no,no,no,yes,yes,no
name_101,member,,man,,no,no,no,no,no
name_102,member,60-80,man,no,no,yes,no,no,no
name_103,member,60-80,man,no,yes,no,no,no,no
name_104,member,,man,no,no,no,yes,yes,no
name_105,member,,man,no,no,no,yes,no,no
name_106,member,40-60,man,no,no,no,yes,no,no
name_107,member,,man,no,no,no,yes,no,no
name_108,member,60-80,man,no,yes,no,no,no,no
name_109,member,60-80,man,no,yes,no,no,no,no
name_110,member,,man,no,no,no,no,no,yes
name_111,member,,man,no,no,no,yes,no,no
name_112,member,,man,no,no,no,yes,no,no
name_113,member,,man,no,no,no,no,no,no
name_114,member,60-80,man,no,no,no,no,no,no
name_115,member,60-80,man,no,no,no,no,no,no
name_116,member,,man,no,yes,no,no,no,no
name_117,member,,man,no,no,no,no,no,no
name_118,observer,,man,no,yes,no,no,no,no
name_119,observer,,man,no,yes,no,no,no,no
name_120,observer,,man,no,yes,no,yes,no,no
name_121,member,60-80,man,yes,no,no,no,no,no
name_122,member,60-80,man,no,yes,no,no,no,no
name_123,member,80-older,man,no,yes,yes,no,no,no
name_124,member,,man,no,yes,no,no,no,no
name_125,member,,man,no,yes,yes,no,no,no
name_126,member,40-60,man,no,yes,no,no,no,no
name_127,member,60-80,man,no,yes,no,no,no,no
name_128,member,,man,no,yes,no,no,no,no
name_129,member,60-80,man,no,no,no,no,no,no
name_130,member,,man,no,yes,no,no,no,no
name_131,member,,man,yes,yes,no,no,no,no
name_132,member,,man,no,yes,no,no,no,no
name_133,member,60-80,man,no,no,yes,no,no,no
name_134,member,60-80,man,no,no,no,no,no,no
name_135,member,40-60,man,no,no,yes,no,no,no
name_136,member,60-80,man,yes,no,no,no,no,no
name_137,member,40-60,man,no,no,no,yes,no,no
name_138,member,,man,no,no,no,yes,no,no
name_139,member,40-60,man,no,no,no,yes,yes,no
name_140,member,,man,no,no,no,yes,yes,no
name_141,member,60-80,man,no,no,no,yes,no,no
name_142,member,60-80,woman,no,no,no,yes,no,no
name_143,member,,man,no,yes,no,no,no,no
name_144,member,60-80,man,yes,no,no,no,no,no
name_145,member,,man,no,no,no,yes,no,no
name_146,member,60-80,woman,no,no,no,yes,no,no
name_147,member,40-60,man,no,no,no,yes,yes,no
name_148,member,,woman,no,no,no,yes,no,no
name_149,member,20-40,man,no,no,no,yes,no,no
name_150,member,,man,no,no,no,no,no,no
name_151,member,40-60,man,no,yes,no,no,no,no
name_152,member,60-80,man,no,yes,no,no,no,no
name_153,member,60-80,man,no,yes,no,no,no,no
name_154,member,60-80,man,no,no,no,yes,no,no
name_155,member,,man,no,yes,no,no,no,no
name_156,member,60-80,man,no,no,no,yes,no,no
name_157,member,60-80,man,no,no,no,yes,yes,no
name_158,member,,man,no,no,no,no,no,no
name_159,member,,man,no,no,no,yes,yes,no
name_160,member,80-older,man,no,no,no,yes,no,no
name_161,member,60-80,man,no,no,no,yes,yes,no
name_162,member,,man,no,no,no,yes,no,no
name_163,member,,man,no,no,no,yes,no,no
name_164,member,60-80,man,no,no,no,no,no,no
name_165,member,60-80,man,no,no,no,yes,no,no
name_166,member,60-80,man,no,no,no,yes,no,no
name_167,member,,man,no,no,no,yes,no,no
name_168,member,40-60,man,no,no,no,yes,no,no
name_169,member,60-80,man,no,no,yes,no,no,no
name_170,member,,woman,no,no,no,no,no,no
name_171,member,,woman,no,no,no,no,no,no
name_172,member,60-80,man,no,no,no,yes,no,no
name_173,member,40-60,man,no,no,no,yes,no,no
name_174,member,60-80,man,no,no,no,no,no,no
name_175,member,60-80,man,no,no,no,no,no,no
name_176,member,80-older,man,no,no,no,no,no,no
name_177,member,40-60,man,no,no,yes,no,no,no
name_178,member,60-80,woman,no,no,no,no,no,no
name_179,member,,man,no,no,no,no,no,no
name_180,member,40-60,man,no,no,no,yes,no,no
name_181,member,40-60,man,no,no,no,no,no,no
name_182,member,40-60,man,no,no,no,yes,no,no
name_183,member,60-80,man,no,no,no,yes,no,no
name_184,member,60-80,man,no,no,no,no,no,no
name_185,member,,man,no,no,no,yes,no,no
name_186,member,,woman,no,no,no,no,no,no
name_187,member,60-80,man,yes,yes,no,no,no,no
name_188,member,40-60,man,no,no,no,yes,no,no
name_189,member,,woman,no,no,no,no,no,no
name_190,member,,woman,no,no,no,no,no,no
name_191,member,,man,no,no,no,no,no,no
name_192,member,60-80,man,no,no,no,no,no,no
name_193,member,,man,no,no,no,no,no,no
name_194,member,40-60,woman,no,no,no,yes,no,no
name_195,member,60-80,woman,no,no,no,no,no,no
name_196,member,60-80,woman,no,no,no,no,no,no
name_197,member,,man,no,no,no,no,no,no
name_198,member,60-80,man,no,no,no,no,no,no
name_199,member,,man,no,no,no,no,no,no
name_200,member,60-80,man,no,no,yes,no,no,no
name_201,member,40-60,man,no,no,yes,no,no,no
name_202,member,40-60,man,no,no,yes,no,no,no
name_203,member,60-80,man,no,no,no,yes,no,no
name_204,member,60-80,man,no,no,no,yes,yes,no
name_205,member,60-80,man,no,no,no,yes,no,no
name_206,member,60-80,man,no,no,no,yes,no,no
name_207,member,60-80,man,no,no,no,yes,no,no
name_208,member,,man,no,no,no,yes,no,no
name_209,member,,man,no,no,no,yes,no,no
name_210,member,40-60,man,no,no,no,no,no,no
name_211,member,,man,no,no,no,yes,no,no
name_212,member,60-80,man,no,yes,no,no,no,no
name_213,member,,man,no,no,no,yes,no,no
name_214,member,40-60,man,no,no,no,no,no,no
name_215,member,,man,no,no,no,no,no,no
name_216,member,40-60,man,no,no,no,yes,no,no
name_217,member,,man,no,no,no,no,no,no
name_218,member,,man,no,no,no,no,no,no
name_219,member,60-80,man,no,no,no,no,no,no
name_220,member,,man,no,no,yes,no,no,no
name_221,member,60-80,man,no,no,no,yes,no,no
name_222,member,,man,no,no,no,no,no,no
name_223,member,,man,no,no,no,no,no,no
name_224,member,,man,no,no,no,no,no,no
name_225,member,80-older,man,no,no,no,no,no,no
name_226,member,,woman,no,no,no,no,no,no
name_227,member,80-older,man,no,no,yes,no,no,no
name_228,member,,man,no,no,no,no,no,no
name_229,member,20-40,man,no,no,no,no,no,no
name_230,member,,man,no,no,yes,no,no,no
name_231,member,40-60,man,yes,yes,no,yes,no,no
name_232,member,,man,no,no,no,yes,no,no
name_233,member,60-80,man,no,no,no,yes,no,no
name_234,member,60-80,man,no,no,no,no,no,no
name_235,member,40-60,man,no,no,no,yes,no,no
name_236,member,,man,no,no,no,yes,no,no
name_237,member,60-80,man,no,yes,no,no,no,no
name_238,member,,man,no,no,no,no,no,no
name_239,member,60-80,woman,no,no,no,yes,no,no
name_240,member,,woman,no,no,no,yes,yes,no
name_241,member,60-80,woman,no,no,no,yes,no,no
name_242,member,60-80,man,no,no,no,yes,no,no
name_243,member,,man,no,no,no,no,no,no
name_244,member,20-40,man,no,no,no,yes,no,no
name_245,member,40-60,man,no,no,no,yes,no,no
name_246,member,60-80,man,no,no,no,no,no,no
name_247,observer,40-60,man,no,yes,no,no,no,no
name_248,observer,60-80,man,no,yes,no,no,no,no
name_249,observer,,man,no,no,no,yes,no,no
name_250,observer,,man,no,yes,no,no,no,no
name_251,member,,man,no,no,no,yes,yes,no
name_252,member,,man,no,no,no,no,no,no
name_253,member,60-80,man,no,no,no,yes,no,no
name_254,member,40-60,man,no,no,yes,no,no,no
name_255,member,60-80,man,no,no,no,yes,no,no
name_256,member,,man,no,no,yes,no,yes,no
name_257,member,40-60,man,no,no,no,no,no,no
name_258,member,,man,no,no,no,no,no,no
name_259,member,60-80,man,no,no,no,no,no,no
name_260,member,80-older,man,no,no,no,no,no,no
name_261,member,,man,no,no,no,no,no,no
name_262,member,,man,no,no,no,no,no,no
name_263,member,,man,no,no,no,no,no,no
name_264,member,80-older,man,no,no,no,no,no,no
name_265,member,80-older,man,no,no,no,no,no,no
name_266,member,,man,no,no,no,no,no,no
name_267,member,60-80,man,no,no,no,no,no,no
name_268,member,40-60,man,no,no,no,yes,no,no
name_269,member,,man,no,no,no,no,no,no
name_270,member,40-60,man,no,no,no,yes,no,no
name_271,member,,man,no,no,no,yes,no,no
name_272,member,60-80,man,no,no,no,no,no,no
name_273,member,,man,no,no,no,yes,no,no
name_274,member,60-80,man,no,no,no,yes,no,no
name_275,member,60-80,man,no,no,no,no,no,no
name_276,member,60-80,woman,no,no,no,yes,yes,no
name_277,member,,man,no,no,no,yes,no,no
name_278,member,60-80,man,no,no,no,yes,yes,no
name_279,member,,man,no,no,no,yes,no,no
name_280,member,,man,no,no,no,no,no,no
name_281,member,60-80,man,yes,yes,no,no,no,no
name_282,member,60-80,man,yes,yes,no,no,no,no
name_283,member,60-80,man,no,no,yes,no,no,no
name_284,observer,,man,no,no,no,no,no,no
name_285,observer,60-80,man,no,no,no,yes,no,no
name_286,observer,60-80,man,no,no,no,no,no,no
name_287,member,,man,,,,,,
name_288,member,,man,,,,,,
name_289,member,,man,yes,yes,yes,no,no,no
name_290,member,,man,,no,no,yes,yes,no
name_291,member,,man,yes,yes,no,no,no,no
name_292,member,,man,,,,,,
name_293,member,,man,no,yes,no,no,no,no
name_294,member,,man,yes,yes,no,no,no,no
name_295,member,,man,yes,yes,no,no,no,no
name_296,member,40-60,man,no,no,no,no,no,no
name_297,member,,man,,,,,,
name_298,member,,man,,,,,,
name_299,member,,man,no,no,no,no,no,no
name_300,member,,man,yes,yes,no,no,no,no
name_301,member,,man,,,,,,
name_302,member,,man,,,,,,
name_303,member,,man,,,,,,
name_304,member,,man,,,,,,
name_305,member,,man,,,,,,
name_306,member,60-80,man,,no,no,no,yes,no
name_307,member,,man,,,,,,
name_308,member,,man,yes,yes,no,no,no,no
name_309,member,,man,,,,,,
name_310,member,40-60,man,no,no,no,no,no,no
name_311,member,,man,no,no,no,yes,yes,no
name_312,member,,man,no,no,no,no,no,no
name_313,member,,man,,,,,,
name_314,member,,man,no,no,no,no,no,no
name_315,member,,man,no,no,no,no,no,no
name_316,member,,man,,,,,,
name_317,member,,man,no,no,no,yes,no,no
name_318,member,60-80,woman,no,no,yes,no,no,no
name_319,member,80-older,man,no,yes,yes,no,no,no
name_320,member,60-80,man,no,no,yes,no,no,no
name_321,member,60-80,man,no,no,no,yes,no,no
name_322,member,,man,no,no,no,no,no,no
name_323,member,,man,no,yes,no,no,no,no
name_324,member,60-80,man,no,no,no,yes,yes,no
name_325,member,,man,no,no,no,no,no,no
name_326,member,,man,no,no,no,yes,no,no
name_327,member,,man,no,no,no,no,no,no
name_328,member,,woman,no,no,no,no,no,no
name_329,member,60-80,man,no,no,no,yes,no,no
name_330,member,60-80,woman,no,no,no,yes,no,no
name_331,member,60-80,man,no,no,no,no,no,no
name_332,member,60-80,man,yes,yes,no,no,no,no
name_333,member,60-80,man,yes,yes,no,no,no,no
name_334,member,60-80,man,yes,yes,no,no,no,no
name_335,observer,,man,no,yes,no,no,no,no
name_336,observer,,woman,no,yes,no,no,no,no
name_337,observer,60-80,man,no,yes,no,no,no,no
name_338,observer,60-80,man,no,no,no,yes,no,no
name_339,member,60-80,man,no,no,no,no,no,no
name_340,member,60-80,man,no,no,yes,no,no,no
name_341,member,40-60,woman,no,no,no,no,no,yes
name_342,member,60-80,man,no,no,yes,no,no,no
name_343,member,60-80,man,no,no,no,yes,no,no
name_344,member,60-80,man,no,no,no,yes,no,no
name_345,member,40-60,man,no,no,yes,no,no,no
name_346,member,60-80,man,no,no,yes,no,no,no
name_347,member,60-80,man,no,no,yes,no,no,no
name_348,member,60-80,man,no,no,yes,no,no,no
name_349,member,40-60,man,no,no,yes,no,no,no
name_350,member,60-80,man,no,no,yes,no,no,no
name_351,member,60-80,woman,no,no,yes,no,no,no
name_352,member,60-80,woman,no,no,no,no,no,no
name_353,member,40-60,man,no,no,yes,no,no,no
name_354,member,40-60,man,no,yes,yes,no,no,no
name_355,member,60-80,man,no,no,no,yes,no,no
name_356,member,,man,yes,yes,no,no,no,no
name_357,member,60-80,woman,no,no,no,no,no,no
name_358,member,,man,no,no,no,no,no,no
name_359,member,,man,no,no,no,no,no,no
name_360,member,,man,no,no,no,no,no,no
name_361,member,,man,yes,yes,no,no,no,no
name_362,member,,man,no,no,no,yes,no,no
name_363,member,60-80,man,yes,yes,no,no,no,no
name_364,member,,man,yes,yes,no,no,no,no
name_365,member,,man,no,no,no,yes,no,no
name_366,member,,man,no,yes,yes,no,no,no
name_367,member,,man,no,no,no,yes,no,no
name_368,member,60-80,man,no,no,yes,no,no,no
name_369,member,,man,no,no,yes,no,yes,no
name_370,member,80-older,man,no,no,yes,no,no,no
name_371,member,40-60,man,no,no,yes,no,no,no
name_372,member,60-80,man,no,no,yes,no,no,no
name_373,member,40-60,man,no,no,yes,no,no,no
name_374,member,80-older,man,no,no,yes,no,no,no
name_375,member,,man,no,yes,no,no,no,no
name_376,member,60-80,man,yes,yes,no,no,no,no
name_377,member,60-80,man,yes,yes,no,no,no,no
name_378,member,60-80,man,yes,yes,no,no,no,no
name_379,member,60-80,man,yes,yes,no,no,no,no
name_380,member,,man,no,yes,no,no,no,no
name_381,member,60-80,man,no,yes,no,no,no,no
name_382,member,,man,no,yes,no,no,no,no
name_383,member,40-60,man,yes,yes,no,no,no,no
name_384,member,60-80,man,no,yes,no,no,no,no
name_385,member,60-80,man,no,yes,no,no,no,no
name_386,member,40-60,man,no,yes,no,no,no,no
name_387,member,,woman,no,yes,no,no,no,no
name_388,member,,man,no,yes,no,no,no,no
name_389,member,,man,no,yes,yes,no,no,no
name_390,member,40-60,man,no,yes,no,no,no,no
name_391,member,40-60,woman,no,no,yes,no,no,no
name_392,member,60-80,man,no,no,yes,no,no,no
name_393,member,40-60,man,no,no,yes,no,yes,no
name_394,member,40-60,man,no,no,yes,no,no,no
name_395,member,40-60,man,no,no,yes,no,no,no
name_396,member,,man,no,yes,no,no,no,no
name_397,member,,man,no,yes,no,no,no,no
name_398,member,,man,no,yes,no,no,no,no
name_399,member,,man,no,yes,no,no,no,no
name_400,member,,man,no,no,no,no,no,no
name_401,member,60-80,man,no,no,no,no,no,no
name_402,member,60-80,man,yes,yes,no,no,no,no
name_403,member,40-60,woman,no,no,no,no,no,no
name_404,member,,man,no,no,no,no,no,no
name_405,member,60-80,man,no,no,no,yes,yes,no
name_406,member,,man,no,yes,no,no,no,no
name_407,member,40-60,man,no,no,no,yes,yes,no
name_408,member,60-80,man,no,no,no,yes,yes,no
name_409,member,40-60,man,no,no,no,yes,no,no
name_410,member,60-80,man,no,no,yes,yes,no,no
name_411,member,60-80,man,no,no,yes,no,no,no
name_412,member,40-60,man,no,no,yes,no,no,no
name_413,member,,man,no,no,no,yes,yes,no
name_414,member,60-80,man,no,no,no,yes,no,no
name_415,member,60-80,man,no,no,no,yes,yes,no
name_416,member,60-80,man,no,no,no,yes,yes,no
name_417,member,60-80,man,no,no,no,yes,no,no
name_418,member,60-80,man,no,no,no,yes,yes,no
name_419,member,,man,no,no,no,no,no,no
name_420,member,,man,no,no,no,no,no,no
name_421,member,,man,no,no,no,yes,no,no
name_422,member,,man,no,no,no,no,no,no
name_423,member,,man,no,no,no,no,no,no
name_424,member,60-80,man,no,no,yes,no,no,no
name_425,member,,man,no,no,yes,no,no,no
name_426,member,60-80,man,no,no,yes,no,no,no
name_427,member,,man,no,no,no,yes,no,no
name_428,member,,man,no,no,no,yes,no,no
name_429,member,60-80,man,no,no,no,yes,no,no
name_430,member,40-60,man,no,yes,no,no,no,no
name_431,member,,man,no,no,no,yes,no,no
name_432,member,60-80,man,no,yes,no,yes,no,no
name_433,member,60-80,man,no,yes,no,no,no,no
name_434,member,40-60,man,no,no,no,yes,no,no
name_435,member,,man,no,yes,no,no,no,no
name_436,member,60-80,man,no,no,yes,no,no,no
name_437,member,60-80,man,no,no,yes,no,no,no
name_438,member,,man,no,no,no,no,no,no
name_439,member,,man,no,no,no,yes,yes,no
name_440,member,60-80,man,no,no,no,yes,yes,no
name_441,member,60-80,man,no,no,no,yes,no,no
name_442,member,,man,no,no,no,yes,yes,no
name_443,member,80-older,man,yes,yes,no,no,no,no
name_444,member,,woman,no,no,no,no,no,no
name_445,advisor,60-80,man,no,no,yes,no,no,no
name_446,member,60-80,man,no,yes,no,no,no,no
name_447,member,40-60,man,no,no,yes,no,no,no
name_448,member,60-80,woman,no,no,no,no,no,no
name_449,member,60-80,man,no,no,no,no,no,no
name_450,member,60-80,man,no,no,yes,no,no,no
name_451,member,40-60,man,no,no,yes,no,no,no
name_452,member,60-80,man,no,no,yes,no,no,no
name_453,member,,man,no,no,yes,no,no,no
name_454,member,80-older,man,no,yes,no,yes,no,no
name_455,member,80-older,man,no,no,no,no,no,no
name_456,member,60-80,man,yes,yes,no,no,no,no
name_457,member,,woman,no,yes,no,no,no,no
name_458,member,,man,,no,no,no,no,no
name_459,member,,man,no,no,no,yes,no,no
name_460,member,,woman,,no,no,no,no,no
name_461,advisor,60-80,man,no,no,no,no,no,yes
name_462,advisor,60-80,man,no,no,yes,no,no,no
name_463,advisor,60-80,man,no,no,yes,no,no,no
name_464,member,60-80,man,yes,yes,no,no,no,no
name_465,member,,man,yes,yes,no,no,no,no
name_466,member,60-80,man,no,yes,no,no,no,no
name_467,member,40-60,man,no,yes,no,no,no,no
name_468,member,,man,no,yes,no,no,no,no
name_469,member,,man,no,yes,no,no,no,no
name_470,member,80-older,man,no,yes,no,no,no,no
name_471,member,,man,no,yes,no,no,no,no
name_472,member,,man,no,yes,no,no,no,no
name_473,member,,man,no,yes,no,no,no,no
name_474,member,,man,no,yes,no,no,no,no
name_475,member,,man,no,yes,no,no,no,no
name_476,member,,man,no,yes,no,no,no,no
name_477,member,,man,no,yes,no,no,no,no
name_478,member,,man,no,yes,no,no,no,no
name_479,member,60-80,man,no,no,no,no,no,no
name_480,member,,man,no,no,no,no,no,no
name_481,member,40-60,man,no,no,no,yes,no,no
name_482,member,,man,no,no,no,no,no,no
name_483,member,40-60,man,no,no,yes,no,no,no
name_484,member,40-60,man,no,no,no,no,no,no
name_485,member,,woman,,,,,,
name_486,member,40-60,man,no,no,no,yes,no,no
name_487,member,,man,yes,yes,no,yes,yes,no
name_488,member,,man,no,yes,no,no,no,no
name_489,member,40-60,woman,no,no,no,yes,no,no
name_490,member,20-40,man,no,no,no,yes,no,no
name_491,member,,woman,no,no,no,yes,no,no
name_492,advisor,40-60,man,no,no,no,no,no,no
name_493,member,,man,no,no,yes,no,no,no
name_494,member,,woman,no,yes,yes,no,no,no
name_495,member,,man,no,no,no,yes,no,no
name_496,member,,man,no,no,no,yes,no,no
name_497,member,,man,no,no,no,yes,no,no
name_498,member,60-80,man,no,no,no,yes,no,no
name_499,member,,man,no,no,no,no,no,no
name_500,member,,woman,no,no,no,no,no,no
name_501,member,,woman,no,yes,no,no,no,no
name_502,member,60-80,man,no,no,no,no,no,no
name_503,member,,woman,no,no,no,yes,no,no
name_504,member,60-80,man,no,no,yes,no,no,no
name_505,member,60-80,man,no,no,yes,no,no,no
name_506,member,60-80,man,no,no,yes,no,no,no
name_507,member,60-80,man,no,no,yes,no,no,no
name_508,member,40-60,man,no,no,yes,no,no,no
name_509,member,,man,no,no,no,yes,no,no
name_510,member,40-60,man,no,no,no,yes,no,no
name_511,member,40-60,man,no,no,no,yes,no,no
name_512,member,40-60,man,no,no,no,no,no,no
name_513,member,,man,no,no,no,yes,no,no
name_514,member,60-80,man,no,no,yes,no,no,no
name_515,member,60-80,man,yes,yes,no,no,no,no
name_516,member,60-80,man,yes,yes,no,no,no,no
name_517,member,40-60,man,yes,yes,no,no,no,no
name_518,member,,woman,no,no,yes,no,no,no
name_519,member,40-60,man,yes,yes,no,yes,no,no
name_520,member,,man,no,no,no,no,no,no
name_521,member,80-older,man,no,no,no,yes,no,no
name_522,member,,man,no,no,no,yes,no,no
name_523,member,,man,no,no,no,yes,no,no
name_524,member,,man,no,yes,yes,no,no,no
name_525,member,60-80,man,no,yes,no,no,no,no
name_526,member,,man,no,no,no,yes,no,no
name_527,member,,man,no,no,no,no,no,no
name_528,member,,man,no,no,no,no,no,no
name_529,member,,man,no,no,no,no,no,no
name_530,member,60-80,man,no,no,no,no,no,no
name_531,member,60-80,woman,no,no,no,no,no,no
name_532,member,40-60,woman,no,no,no,no,no,no
name_533,member,60-80,man,no,no,yes,no,no,no
name_534,member,60-80,man,no,no,yes,no,no,no
name_535,member,40-60,man,yes,yes,no,no,no,no
name_536,member,60-80,man,no,no,yes,no,no,no
name_537,member,60-80,man,no,no,yes,no,no,no
name_538,member,60-80,man,no,yes,yes,no,no,no
name_539,member,60-80,man,yes,yes,no,no,no,no
name_540,member,60-80,man,no,yes,yes,no,no,no
name_541,member,60-80,man,no,no,yes,no,no,no
name_542,member,40-60,woman,no,no,yes,no,no,no
name_543,member,60-80,man,yes,yes,no,no,no,no
name_544,member,60-80,man,no,no,yes,no,no,no
name_545,member,60-80,man,no,no,yes,yes,no,no
name_546,member,60-80,man,no,no,yes,no,no,no
name_547,member,60-80,man,no,no,yes,no,no,no
name_548,member,60-80,man,no,no,no,no,no,yes
name_549,member,60-80,man,no,no,yes,no,no,no
name_550,member,60-80,man,no,no,yes,yes,no,no
name_551,member,60-80,man,no,no,yes,yes,no,no
name_552,member,60-80,man,no,no,yes,no,no,no
name_553,member,60-80,woman,no,no,yes,no,no,yes
name_554,member,60-80,man,no,no,no,no,no,yes
name_555,member,60-80,man,yes,yes,no,no,no,no
name_556,member,60-80,man,no,no,yes,no,no,no
name_557,member,60-80,man,no,no,yes,no,no,yes
name_558,member,40-60,man,yes,yes,no,no,no,no
name_559,member,60-80,man,no,no,no,yes,no,no
name_560,member,60-80,man,no,no,no,no,no,yes
name_561,member,40-60,man,yes,yes,no,no,no,no
name_562,member,80-older,man,no,no,yes,no,no,no
name_563,member,40-60,man,no,no,yes,no,no,no
name_564,member,60-80,man,yes,yes,no,no,no,no
name_565,member,60-80,man,no,yes,yes,no,no,no
name_566,member,60-80,man,no,no,no,no,no,no
name_567,member,60-80,man,no,no,yes,no,no,no
name_568,member,60-80,man,no,yes,no,yes,no,no
name_569,member,40-60,man,no,no,yes,no,no,no
name_570,member,40-60,man,no,no,yes,yes,no,no
name_571,member,60-80,woman,no,no,yes,yes,no,no
name_572,member,60-80,man,no,no,no,yes,no,no
name_573,member,60-80,man,no,yes,yes,no,no,no
name_574,member,60-80,woman,no,no,yes,no,no,no
name_575,member,40-60,man,no,no,yes,no,no,no
name_576,member,60-80,man,no,no,yes,no,no,no
name_577,member,60-80,man,no,no,no,yes,no,no
name_578,member,40-60,man,no,no,yes,yes,no,no
name_579,member,60-80,man,no,no,yes,no,no,no
name_580,member,40-60,man,no,no,yes,no,no,no
name_581,member,60-80,man,no,no,yes,no,no,no
name_582,member,40-60,man,no,no,yes,no,no,no
name_583,member,60-80,man,no,no,yes,no,no,no
name_584,member,60-80,man,no,yes,no,no,no,no
name_585,member,40-60,man,no,yes,no,no,no,no
name_586,member,60-80,man,no,yes,no,no,no,no
name_587,member,60-80,man,no,yes,no,no,no,no
name_588,member,60-80,man,no,yes,no,no,no,no
name_589,member,,man,no,yes,no,no,no,no
name_590,member,60-80,man,no,yes,no,no,no,no
name_591,member,40-60,man,no,yes,no,no,no,no
name_592,member,60-80,man,no,no,yes,no,no,no
name_593,member,60-80,man,no,no,yes,no,yes,no
name_594,member,60-80,man,no,yes,yes,no,no,no
name_595,member,,man,no,yes,no,no,no,no
name_596,member,60-80,man,no,yes,no,no,no,no
name_597,member,60-80,man,no,yes,no,no,no,no
name_598,member,60-80,man,no,yes,no,no,no,no
name_599,member,60-80,man,no,yes,no,no,no,no
name_600,member,80-older,man,no,no,no,no,no,no
name_601,member,60-80,man,no,no,yes,no,no,no
name_602,member,,woman,no,no,yes,no,no,no
name_603,member,60-80,man,no,no,no,yes,no,no
name_604,member,40-60,man,no,no,yes,no,no,no
name_605,member,60-80,man,no,no,yes,no,no,no
name_606,member,40-60,man,no,no,no,yes,no,no
name_607,member,60-80,man,no,no,no,yes,no,no
name_608,member,60-80,man,no,no,no,yes,no,no
name_609,member,60-80,man,no,no,yes,yes,no,no
name_610,member,60-80,man,no,no,no,no,no,no
name_611,member,60-80,woman,no,no,yes,no,no,no
name_612,member,80-older,woman,no,no,no,no,no,no
name_613,member,60-80,man,no,no,no,yes,no,no
name_614,member,60-80,man,no,yes,yes,no,no,no
name_615,member,60-80,man,no,no,no,yes,yes,no
name_616,member,80-older,man,no,no,no,yes,no,no
name_617,member,80-older,man,no,yes,no,no,no,no
name_618,member,80-older,man,no,no,yes,no,no,no
name_619,member,60-80,woman,no,no,no,no,no,no
name_620,member,60-80,man,no,no,no,yes,no,no
name_621,member,80-older,man,no,no,no,yes,no,no
name_622,observer,60-80,man,yes,yes,no,yes,no,no
name_623,observer,60-80,man,yes,yes,no,yes,no,no
name_624,observer,40-60,man,yes,yes,no,no,no,no
name_625,observer,,man,no,yes,no,no,no,no
name_626,member,60-80,man,no,no,yes,no,no,no
name_627,member,60-80,man,no,no,yes,no,no,no
name_628,member,60-80,man,no,no,no,yes,no,no
name_629,member,60-80,man,no,no,no,yes,no,no
name_630,member,60-80,man,no,no,yes,no,no,no
name_631,member,,man,no,no,yes,no,no,no
name_632,member,60-80,man,no,no,no,yes,no,no
name_633,member,60-80,man,no,no,yes,yes,no,no
name_634,member,60-80,man,no,no,yes,no,no,no
name_635,member,60-80,man,no,yes,yes,yes,no,no
name_636,member,40-60,man,no,no,yes,no,no,no
name_637,member,60-80,man,no,no,yes,yes,no,no
name_638,member,,man,no,no,no,yes,no,no
name_639,member,40-60,man,no,no,no,no,no,no
name_640,member,60-80,man,no,no,no,yes,no,no
name_641,member,40-60,man,no,no,no,no,no,yes
name_642,member,40-60,man,no,no,yes,no,no,no
name_643,member,60-80,man,no,no,no,no,no,yes
name_644,member,40-60,woman,no,no,no,no,no,no
name_645,member,,man,no,yes,no,no,no,no
name_646,member,,man,no,yes,no,no,no,no
name_647,member,60-80,woman,no,yes,no,no,no,no
name_648,member,60-80,man,no,yes,no,no,no,no
name_649,member,60-80,man,no,yes,no,no,no,no
name_650,member,40-60,man,no,yes,no,no,no,no
name_651,member,,man,no,yes,no,no,no,no
name_652,member,40-60,woman,no,yes,no,yes,no,no
name_653,member,,woman,no,yes,no,no,no,no
name_654,member,,woman,no,yes,no,no,no,no
name_655,member,,woman,no,yes,no,yes,no,no
name_656,member,,woman,no,yes,no,no,no,no
name_657,member,,man,no,yes,no,no,no,no
