node,geoid,county,pop,social_capital,bonding,bridging,linking,svi,median_income,pop_age_65_plus,evacuation_more,evacuation_less
1,0104590828,01045,11497,0.2879808905123355,0.5556754373648825,0.042065233048292114,0.26620200112383197,0.5252583333333334,48930,0.1279464208054275,379.45,843.1
2,0104590936,01045,2120,0.2884115472553132,0.57677062046301,0.04112074930788354,0.24734327199504613,0.5859285714285715,50950,0.2278301886792453,,
3,0104591215,01045,5311,0.29481684610574965,0.5718323576689899,0.04074131644183998,0.27187686420641916,0.4848545454545454,70024,0,6322.45,9544.9
4,0104592376,01045,9674,0.28931254420417607,0.5648940676962441,0.043799228695160265,0.25924433622112397,0.5561153846153846,41992,0.1576390324581352,3752.2000000000003,14311.15
5,0104592466,01045,20675,0.289841091418926,0.5668201353632464,0.04088563831095412,0.26181750058257747,0.5846866666666667,43796,0.22258766626360338,159.75,482.15000000000003
6,0106190252,01061,2522,0.28836940523103394,0.5751204053796299,0.043106868799518194,0.24688094151395373,0.5905888888888889,66688,0.183187946074544,,
7,0106191305,01061,5617,0.29264926921078166,0.5891543039474041,0.042942074547413334,0.24585142913752772,0.696875,41031,0.19031511482998043,,
8,0106191530,01061,5449,0.28775112462264996,0.5799233472040672,0.04292818259922979,0.2404018440646529,0.68885,43139,0.2156358964947697,1120.7,4029.1000000000004
9,0106192835,01061,4448,0.2903267220431535,0.5908074437939113,0.04169288064359262,0.23847984169195668,0.5891571428571428,30906,0.20593525179856115,,
10,0106192952,01061,8381,0.29009142062469817,0.5775913050573279,0.04406302486129944,0.24861993195546717,0.5607285714285715,43892,0.1972318339100346,2753.2,9216.250000000002
11,0106790009,01067,4309,0.28291140633027073,0.5519741595603943,0.04241610247950788,0.25434395695091,0.63325,39073,0.25388721281039683,,
12,0106791485,01067,1696,0.290443235613729,0.5696970951864675,0.04718818160205205,0.25444443005266737,0.5862285714285714,44583,0.2034198113207547,844,788.2
13,0106791584,01067,8344,0.2869534455355164,0.5639447489601501,0.04566273362774195,0.25125285401865705,0.6096777777777778,61648,0.16982262703739215,20354.45,1969.7999999999997
14,0106792907,01067,2784,0.2807744045548652,0.5434610887925445,0.04386890238321965,0.25499322248883133,0.6656333333333333,39963,0.3336925287356322,,
15,0106990702,01069,1254,0.2899958069477249,0.5702530584475385,0.04814800487535322,0.25158635752028313,0.58906,33269,0.2583732057416268,1203.6,157.00000000000003
16,0106990747,01069,5591,0.29108329999051746,0.5744744076742252,0.04841707378596859,0.25035841851135854,0.55448,42846,0.18672867107851904,784.5,3943.55
17,0106990900,01069,88233,0.2842228689000567,0.5600607149247088,0.04690498986727866,0.24570290190818267,0.6327133333333333,48017,0.17333650674917547,15854.000000000002,128533.25
18,0106991368,01069,1904,0.2975373761203074,0.5907805230993823,0.04849985412969528,0.25333175113184453,0.559425,43333,0.25682773109243695,590,226.3
19,0106992070,01069,7720,0.29412523584702,0.5859595471009984,0.04741904017474276,0.2489971202653189,0.5261333333333333,50922,0.1167098445595855,2848.5,17323.45
20,1200191248,12001,181834,0.3061258542194574,0.5157761984334852,0.04401482150733359,0.3585865427175536,0.4807882352941176,42745,0.11716180692279772,68639.5,123679.8
21,1200191469,12001,6210,0.2970155151228691,0.5386464230365133,0.05539138152350068,0.2970087408085933,0.6421,46098,0.21739130434782608,1240.95,2644.4
22,1200191495,12001,40814,0.302608695348039,0.5471532728350601,0.04226727455671965,0.31840553865233734,0.4209227272727273,62530,0.18983682069877983,10895.300000000001,62106
23,1200192184,12001,2944,0.29840754893311355,0.5178299705034016,0.04807777134719667,0.3293149049487423,0.5814142857142857,49359,0.2061820652173913,1390.6,1592.8
24,1200192314,12001,25940,0.30385126633439735,0.5491103400851148,0.04375297500231056,0.3186904839157666,0.4081375,76144,0.15219737856592136,,
25,1200193536,12001,7701,0.30490173218521643,0.5370647580569443,0.04608403182415236,0.33155640667455266,0.5687090909090909,48547,0.17608102843786522,4366.65,10008.850000000002
26,1200392009,12003,13993,0.29235971960581053,0.5767692233463589,0.04181231464180535,0.25849762082926736,0.59649,66809,0.17194311441435003,7403.65,25630.800000000003
27,1200393068,12003,14218,0.2878681965443993,0.5662020603763621,0.039957927925323454,0.2574446013315124,0.7067571428571429,57530,0.10317906878604585,2525.95,7307.5
28,1200591989,12005,26672,0.2971879863366682,0.5821632503713108,0.04644103535156398,0.26295967328713,0.4698727272727273,69606,0.16301739652069586,2545.35,2788.4500000000003
29,1200592145,12005,4165,0.2944765514043987,0.5476585219689056,0.04610679411779882,0.2896643381264916,0.5419142857142857,66067,0.11596638655462185,596.5,1827.9
30,1200592626,12005,91167,0.29013655183436604,0.5526246847686741,0.04576780975416708,0.27201716098025686,0.5620742857142857,48048,0.16994087772988034,7370.5999999999995,83961.49999999999
31,1200592639,12005,41350,0.2900384655019568,0.5532037469525337,0.04762651869120563,0.269285130862131,0.44606842105263156,60744,0.18894800483675936,,
32,1200593172,12005,11157,0.2954576046269022,0.5750931014986413,0.04771037173394239,0.26356934064812276,0.4510888888888889,63262,0.17316482925517612,1396.3999999999999,6940.200000000001
33,1200593744,12005,7650,0.29847669640408125,0.5996944334254345,0.0431421336824442,0.25259352210436514,0.56285,44646,0.12797385620915033,3168.95,19009.45
34,1200790312,12007,1007,0.29722339411163823,0.5585123629370866,0.04297605468435154,0.29018176471347634,0.6678142857142857,44722,0.19563058589870905,277.3,670.4
35,1200791430,12007,6106,0.29798491997652893,0.5656246700673689,0.045383563394505666,0.2829465264677122,0.5849222222222222,58730,0.2374713396659024,731.75,786.1
36,1200791898,12007,5788,0.29538663899864526,0.5783466109612593,0.04101808612127242,0.26679521991340416,0.6591625,42435,0.12646855563234277,509.1,728.05
37,1200793237,12007,14416,0.295143874097615,0.5704110563820884,0.04052536523048945,0.27449520068026706,0.7201428571428572,40031,0.17258601553829078,4664,16476.55
38,1200990611,12009,24054,0.307229437622698,0.5760200199339949,0.06358813995654725,0.2820801529775518,0.3184,57419,0.3557828219838696,,
39,1200990624,12009,126819,0.29093214738605744,0.5444769996304046,0.06144830635251219,0.2668711361752555,0.4514970588235294,57145,0.21334342645818055,12369.849999999999,167606.30000000002
40,1200991573,12009,48178,0.3022672448902814,0.5729266371666313,0.06349269897258275,0.2703823985316301,0.3554,75106,0.2477894474656482,,
41,1200992028,12009,16396,0.2914142674991947,0.5491688209843104,0.060244208908569095,0.26482977260470464,0.44981875,45555,0.4074774335203708,2891.05,7263.95
42,1200992106,12009,130887,0.28908920143016614,0.5400849430468468,0.0634345552906502,0.2637481059530014,0.43601052631578946,55120,0.22987004056934607,4839.4000000000005,56339.55
43,1200992119,12009,7437,0.3125419814652696,0.6019016933996761,0.0608840165159627,0.2748402344801701,0.28532,75337,0.41212854645690467,1197.8,2683.8
44,1200992132,12009,44905,0.30224515085116327,0.5687514200609123,0.0635174625397256,0.27446656995285196,0.37211724137931035,69319,0.23652154548491258,624.85,2704.05
45,1200992587,12009,111592,0.28440077350111664,0.529751126877132,0.0634010414654555,0.2600501521607625,0.51742,51477,0.18380349845867086,37111.7,163635.3
46,1200993224,12009,0,0.3008621073261257,0.5684741687196022,0.06420805467549276,0.26990409858328224,0.45484166666666664,,,374.15000000000003,15070.8
47,1200993419,12009,67971,0.295706560826598,0.5576623697052021,0.06097371492004806,0.268483597854544,0.44356153846153845,51819,0.2517838489944241,20167,90544.19999999998
48,1200993588,12009,7268,0.28623934786243516,0.5386768877951807,0.06160235789113209,0.25843879790099267,0.4286761904761905,96047,0.21051183269124932,8068.000000000001,48367.34999999999
49,1201190637,12011,0,0.25706105785153216,0.4741223768812003,0.04524514212343259,0.25181565454996346,0.43335833333333335,,,14389.85,63487.75
50,1201190644,12011,233031,0.24973387792026516,0.4541346791992871,0.04502413971170309,0.2500428148498053,0.57558125,55771,0.15972982135424044,64796.9,414587.75
51,1201190754,12011,222598,0.2508727455981472,0.4575815659543161,0.04505438890455578,0.24998228193556976,0.3734821428571429,88551,0.11921490759126317,40997.15,218242.34999999998
52,1201190806,12011,199454,0.26320310907166766,0.4927375599355446,0.044704846035037306,0.25216692124442114,0.49648360655737706,68989,0.16701093986583374,70547.95,480123.7
53,1201191098,12011,309580,0.2682091575790035,0.5043481819418772,0.04517303253758677,0.2551062582575464,0.5929214285714286,53333,0.1758899153692099,35406.05,597758.4
54,1201191417,12011,52702,0.2527542754118142,0.4604232508226768,0.041258092987908175,0.25658148242485773,0.6596551724137931,39719,0.22001062578270275,,
55,1201191508,12011,194417,0.25148750962808347,0.45610346782461614,0.045109905534805435,0.25324915552482874,0.6379223880597015,53592,0.16360194838928693,68225.6,617565.1
56,1201192236,12011,314606,0.24769456123299613,0.44325289494062114,0.042267902059770913,0.25756288669859634,0.532219696969697,68223,0.1405504027259493,54367.95,398384.5
57,1201192756,12011,287264,0.2558055879131319,0.47222560259531615,0.045046322069102,0.2501448390749776,0.6159406976744186,54812,0.16960008911663138,11498.6,163169.4
58,1201192782,12011,112553,0.2648211550289411,0.4974810824894429,0.04516221584220907,0.2518201667551713,0.5683630434782608,48953,0.23277033930681545,10854.95,119989.45
59,1201390026,12013,2232,0.29171226879727974,0.5685409892380691,0.03837955550300874,0.26821626165076135,0.6973875,44917,0.17338709677419356,265.90000000000003,51.6
60,1201390169,12013,7810,0.28682007674771676,0.5533015867606093,0.030862943146857193,0.2762957003356839,0.6988,39043,0.1801536491677337,909.0500000000001,7482.75
61,1201393592,12013,4320,0.291467955507373,0.5745045336714087,0.03778083452790884,0.26211849832280126,0.6216,34877,0.2224537037037037,622.3000000000001,734.05
62,1201591352,12015,41748,0.31925071146306844,0.5938920429813849,0.0693319108165782,0.29452818059124225,0.31295555555555554,52576,0.4562134713040146,6566.9,45493.350000000006
63,1201592834,12015,96268,0.31238630845848636,0.5671051149551946,0.07306754980557328,0.2969862606146913,0.463328125,49083,0.3519237960693065,21201.55,133527.19999999998
64,1201592899,12015,43051,0.31099231483383794,0.5786041712676327,0.06841470454764281,0.2859580686862382,0.4340322580645161,56996,0.43692364869573297,15506.699999999999,45398.55
65,1201790715,12017,71468,0.3157014188960642,0.5827022460946877,0.07864546888897954,0.2857565417045252,0.5452304347826087,47532,0.3698438461968993,9669.000000000002,108164.55
66,1201791625,12017,73701,0.31217928689759367,0.5756568332621295,0.07810361439014692,0.2827774130405046,0.6063392857142857,40167,0.35588390930923597,12734.15,78902.6
67,1201991300,12019,15221,0.2901172430210525,0.5670066976939311,0.05138612013058091,0.2519589112386456,0.5088454545454545,56896,0.17436436502200905,11010.1,30158.7
68,1201991742,12019,18812,0.29918593280531564,0.5872578958038271,0.047899307518396,0.26240059509372377,0.5555571428571429,53073,0.1856793536040825,9819.8,44181.15
69,1201992197,12019,66626,0.28326724983308177,0.5517087382024692,0.04414645309395318,0.25394655820282286,0.5186368421052632,65825,0.11780686218593342,43174.35,188324.90000000002
70,1201992509,12019,95004,0.27552259602085893,0.522310379628676,0.04534105915761193,0.2589163492762889,0.48430454545454543,67628,0.1692139278346175,28610.2,173639.2
71,1201992678,12019,15742,0.29488344184662985,0.5849576031151689,0.045857932765809475,0.25383478965891126,0.5222625,76846,0.15696861898106976,10512.300000000001,31602.1
72,1202191027,12021,19555,0.2899020233871277,0.511036284457192,0.06424645062666437,0.2944233350775268,0.4254,60085,0.4319099974431092,,
73,1202191560,12021,65521,0.27228918411480496,0.4896032542237206,0.06453364428003239,0.2627306538406619,0.617565,67075,0.1901527754460402,16015.8,50957.950000000004
74,1202192048,12021,18171,0.31596818139300276,0.5732156267031436,0.06946276245997064,0.30522615501589395,0.30733333333333335,85081,0.5053106598426064,,
75,1202192301,12021,268206,0.2996708786702039,0.5414880655973635,0.06900565583886642,0.28851891457438184,0.3917808823529412,70061,0.32478766321409663,23711.749999999996,307963.10000000003
76,1202391183,12023,15925,0.28878674872882276,0.5673153563412968,0.040161632084749876,0.2588832577604215,0.5523272727272728,41643,0.1991208791208791,3938.4,17896
77,1202391820,12023,52704,0.27922880053683197,0.5450502209245687,0.04230846780374577,0.2503277128821814,0.7329823529411764,48031,0.17564131754705525,13625.5,70828.05
78,1202392366,12023,1339,0.2779775450858913,0.5320226346240208,0.045281363867512,0.25662863676614106,0.88046,41452,0.2710978342046303,1931.25,2633.6
79,1202790065,12027,24920,0.2694902967807997,0.5231184867395473,0.044051874279199606,0.24130052932365229,0.7434357142857143,31709,0.1796147672552167,9786.75,15222.05
80,1202790078,12027,11983,0.28207585647014966,0.5416973872296261,0.051869580842137046,0.2526606013386857,0.5761736842105263,39973,0.2942501877660018,3042.75,2203.2
81,1202990689,12029,12283,0.2949812767119488,0.5797235842874572,0.04894603702432723,0.25627420882406193,0.740825,38684,0.21981600586176014,2899.7999999999997,9405.550000000001
82,1202990702,12029,4306,0.30762130830204276,0.5946403327152711,0.056122410863452606,0.2721011813274046,0.6987875,41500,0.24918718067812354,1296.6000000000001,4345.8499999999995
83,1203190110,12031,7042,0.28445344061754646,0.5555502988425317,0.043786482337590936,0.25402354067251676,0.4955,58397,0.1261005396194263,2816.3,5525.3499999999995
84,1203191640,12031,59286,0.2955733387535928,0.5765736551158748,0.04411416034354608,0.26603220080135764,0.21940500000000002,76854,0.16044260027662519,3943.5499999999997,50590.55
85,1203191642,12031,461496,0.2741821737093664,0.5249720708996181,0.04306083213700146,0.25451361809147954,0.4526704761904762,62217,0.13984953282368645,62962.749999999985,834627.0500000002
86,1203191644,12031,84382,0.2888485096939071,0.5555276942931244,0.04443159963428774,0.26658623515430907,0.5481037037037036,60113,0.11957526486691475,16303.250000000002,177044.3
87,1203191646,12031,323980,0.2779677310574383,0.5359692735730458,0.04273864257783025,0.2551952770214389,0.649053125,44769,0.13399901228470892,51867.450000000004,563628.95
88,1203390390,12033,56592,0.2964822917609291,0.5654464053445023,0.04982271456614065,0.2741777553721443,0.3591761904761905,69966,0.18080294034492508,,
89,1203390507,12033,9331,0.30551220184243527,0.5903144147044493,0.05074628495291091,0.2754759058699455,0.3217333333333333,46490,0.18593934197835174,,
90,1203392457,12033,4098,0.3063794463610694,0.5979743081920569,0.04963070756840846,0.2715333233227429,0.27285,57139,0.24133723767691556,,
91,1203392691,12033,243470,0.2909692620133673,0.5498109074381423,0.04999238719728458,0.273104491404675,0.49805405405405406,47666,0.159990963979135,,
92,1203590338,12035,74216,0.2858947611056886,0.5438162748608808,0.05824787828921566,0.25562013016696944,0.47817727272727273,52575,0.2461598577126226,27469.100000000002,113477.4
93,1203591092,12035,35585,0.29518778790965694,0.5639937552079552,0.05611805609337775,0.2654515524276378,0.38395,58181,0.4117746241393846,2991.25,20065.25
94,1203790039,12037,4768,0.29137149723758127,0.5750687912571518,0.03555308293026292,0.26349261752532915,0.66642,52344,0.23615771812080538,8.900000000000002,43.64999999999999
95,1203790429,12037,3943,0.29392489114613374,0.5800328571923357,0.034896539931465215,0.2668452763146003,0.57736,47422,0.18792797362414404,63.400000000000006,149.4
96,1203790936,12037,3100,0.2970307162879297,0.560660752101677,0.03501667874282816,0.29541471801928393,0.670025,40915,0.2625806451612903,,
97,1203990520,12039,4816,0.28780880109640145,0.5319434565846091,0.045556000751603966,0.2859269459529914,0.8146166666666667,34356,0.19954318936877077,26.599999999999994,40.39999999999999
98,1203991313,12039,3181,0.2918434867123381,0.5339581152140994,0.047609121174525225,0.2939632237483897,0.8116,38393,0.16378497327884314,1296.25,2564.9
99,1203991456,12039,15034,0.2814053269258379,0.5172067252238046,0.0491141691822798,0.2778950863714294,0.6516545454545455,49694,0.19289610216841827,6536.7,24227.85
100,1203992912,12039,22914,0.29038066756338443,0.5325917836749625,0.05179112232337898,0.28675909669181165,0.74971,37845,0.15601815483983592,6557.7,16206.45
101,1204190130,12041,5894,0.28757629721637,0.5870695076033575,0.034099155497076546,0.24156022854867604,0.6312444444444445,39975,0.21428571428571427,1885.4999999999998,7164.250000000001
102,1204193432,12041,12059,0.2946991366194007,0.5791843784100494,0.04354231832960904,0.2613707131185437,0.6364538461538461,47303,0.19686541172568206,3206.8,13879.099999999999
103,1204392379,12043,3966,0.28042464830166286,0.5236065716079821,0.050519311529865475,0.267148061767141,0.5894857142857143,43500,0.44478063540090773,835.65,2712.7
104,1204393185,12043,9550,0.2767183364096601,0.5016021690341266,0.05152106095750187,0.2770317792373519,0.7780615384615385,39360,0.1962303664921466,9394.3,18900.149999999998
105,1204592863,12045,8761,0.30514043539521957,0.5717412694781498,0.04138427737518903,0.3022957593323199,0.573,52470,0.24654719780846934,1452.05,12938.449999999999
106,1204593640,12045,6815,0.30017850069038,0.5652561746559349,0.03782072056882474,0.29745860684638037,0.6196333333333334,38950,0.15568598679383713,1086.45,5236
107,1204791651,12047,8725,0.2752403557770795,0.5220274159077183,0.04447470759946024,0.2592189438240599,0.88825,43817,0.14303724928366762,14557.4,4403.2
108,1204791677,12047,4207,0.273551745473643,0.530488010633009,0.0381593035254245,0.2520079222624956,0.7446,32281,0.18492987877347278,368.80000000000007,1025.85
109,1204793653,12047,1394,0.27802836720308155,0.5287936904356999,0.04493264580648575,0.26035876536705904,0.9167,35200,0.29053084648493543,570.45,618.4
110,1204990247,12049,5137,0.2562859567250758,0.5114379767550684,0.03389281133383434,0.2235270820863246,0.7208625,42281,0.1886314969826747,2199.05,2569.25
111,1204993549,12049,14344,0.2509849046209894,0.5086190080279505,0.030847710886482194,0.21348799494853557,0.68526,38193,0.1399191299498048,751.6999999999999,2426.25
112,1204993783,12049,7650,0.2619762151992543,0.5114998575061523,0.03478324314173928,0.23964554494987128,0.7004875,38542,0.1711111111111111,6236.7,17500.350000000002
113,1205190598,12051,19389,0.2611162311889519,0.4769100316766373,0.05099085438100632,0.2554478075092119,0.8240777777777778,41705,0.12553509722007325,6210,15013.1
114,1205191781,12051,21343,0.2636949163672429,0.47530010977766757,0.05998542794143995,0.25579921138262113,0.7835285714285715,38998,0.13639132268190976,5110.25,4469.3
115,1205390325,12053,33528,0.28173371976425776,0.573020789078898,0.036109262019531296,0.23607110819434396,0.5677,42287,0.25581603435934147,10739.449999999999,34115.4
116,1205391475,12053,12227,0.2811647002354498,0.564442424779032,0.03550784605257524,0.24354382987474224,0.4914625,47349,0.41899075815817455,5270.45,10849.749999999998
117,1205392964,12053,6730,0.2778242911403978,0.5690659749212738,0.034275687147693384,0.23013121135222622,0.6341600000000001,48197,0.26448736998514116,5582.250000000001,14525.849999999999
118,1205393230,12053,133828,0.2723922132219633,0.5539890693377615,0.0304650515545985,0.2327225187735298,0.5256568181818182,50406,0.2669471261619392,19508,126089.75
119,1205590091,12055,35421,0.26822253299712423,0.5070188990840729,0.04029191041931934,0.25735678948798046,0.7414105263157895,43191,0.33073600406538495,8996.25,22644.45
120,1205591846,12055,24496,0.27975786937667035,0.5278077656999429,0.045815007594295916,0.26565083483577223,0.607765,41261,0.36218158066623124,4868.1,17209.75
121,1205593120,12055,43520,0.27696965947755453,0.5249952888292836,0.04134977360360016,0.2645639159997798,0.6522736842105263,38283,0.3635569852941177,7500.049999999999,41209.4
122,1205790286,12057,185201,0.26159683913138204,0.47861536797790777,0.04822027288031211,0.25795487653592625,0.5496448275862069,61455,0.1325478804110129,33747.450000000004,304517.25
123,1205791735,12057,140010,0.2711071336752732,0.503631242783438,0.04727053186303215,0.2624196263793495,0.337658,81088,0.14516105992429112,7542.199999999999,16490.15
124,1205792614,12057,54309,0.25359905725043747,0.45762427798446925,0.048195941951101995,0.25497695181574126,0.6108035714285714,51286,0.09854720212119539,16873.9,71957.55
125,1205792769,12057,90600,0.27216455178577476,0.517272505350068,0.047787539423465225,0.2514336105837911,0.6169422222222222,54349,0.14592715231788078,29242.3,80633.85
126,1205793003,12057,76916,0.2826172863576134,0.5275425392536951,0.05000547842197237,0.27030384139717273,0.4027176470588235,58483,0.33004836444952934,9898.75,19265.1
127,1205793367,12057,712951,0.2636615691338757,0.4824015297466735,0.04752059955206318,0.2610625781028903,0.5630391304347826,52293,0.1271616141922797,94985.6,1153566.2
128,1205793693,12057,162291,0.2702602859670632,0.5045737207025996,0.048357640430518274,0.2578494967680718,0.42399811320754716,80072,0.11516350259718654,44731.50000000001,234328.69999999998
129,1205990221,12059,9901,0.29127575270993633,0.5885883807467469,0.033774643232305904,0.2514642341507562,0.7421125,36657,0.18876881123118877,2001.6499999999999,10942.750000000002
130,1205991001,12059,3978,0.2830773112893058,0.5742615482726238,0.028285727776154856,0.24668465781913887,0.7784,36585,0.18753142282554047,939.9499999999999,1487.4500000000003
131,1205993596,12059,5553,0.2928023693717689,0.5746037315698757,0.04038079172978913,0.26342258481564196,0.7478714285714285,44235,0.22240230506032774,,
132,1206191066,12061,22397,0.29535367879506846,0.5688295001182189,0.04962122744245584,0.26761030882453063,0.48260000000000003,45049,0.225923114702862,8015,25089.75
133,1206193510,12061,131592,0.2982715093083262,0.5671344638724697,0.04919933163223463,0.2784807324202743,0.4122647058823529,56560,0.339116359657122,17831.050000000003,101270.14999999998
134,1206390013,12063,3926,0.29275306563079007,0.5885379945324456,0.041271009932212124,0.24845019242771246,0.621575,34107,0.2804381049414162,982.9000000000001,1891.85
135,1206390377,12063,1271,0.2853829453822283,0.5397988594912901,0.04658446429013646,0.26976551236525836,0.7932142857142858,32027,0.22265932336742722,0,4.399999999999999
136,1206390650,12063,3551,0.2909642832301717,0.5688352468286793,0.04539221524318812,0.25866538761864777,0.7197777777777777,42885,0.20585750492818924,595.35,1933.8500000000001
137,1206390728,12063,4717,0.2942039861313675,0.5721614785999776,0.04385783824759044,0.26659264154653456,0.7061142857142857,40470,0.2582149671401314,638.55,7960.05
138,1206391287,12063,6141,0.2864536869363732,0.5651420899170763,0.039003133072930934,0.25521583781911233,0.8068428571428571,46270,0.15518645171796125,1395.7500000000002,1338.7999999999997
139,1206391339,12063,4975,0.2956665775791237,0.555543106844251,0.04659441786272604,0.2848622080303941,0.7392166666666666,42324,0.16522613065326633,659.2499999999999,2470.55
140,1206392041,12063,3585,0.29114290980025836,0.5400225682568479,0.04662449458367967,0.28678166656024767,0.7981333333333334,43529,0.18354253835425383,276.2,1883.55
141,1206392067,12063,13759,0.28994555007094186,0.5617258073619289,0.04663737833095501,0.2614734645199417,0.749525,38625,0.19129297187295588,3201.05,29411.600000000002
142,1206393133,12063,6020,0.29747233136984214,0.5631622058878387,0.042177952651404865,0.2870768355702829,0.761,40546,0.1388704318936877,649.7,1974.5499999999997
143,1206592249,12065,9923,0.278193829115805,0.540237093682266,0.02818546184031643,0.26615893182483247,0.54372,44031,0.2181799858913635,1586.55,5855.8
144,1206593523,12065,4238,0.28429662328301003,0.5465656533589277,0.03639596721616654,0.2699282492739359,0.5513444444444444,50880,0.25578102878716374,709.1,1423.1999999999998
145,1206790767,12067,2574,0.28278938920631197,0.5666393510835823,0.03998245771739896,0.2417463588179546,0.7308285714285714,48029,0.08197358197358197,63.49999999999998,222.95000000000005
146,1206792093,12067,6063,0.2908926222826548,0.5815834094511181,0.042792858775437675,0.24830159862140852,0.6690125,51059,0.161141349167079,1040.7,3364.7500000000005
147,1206990585,12069,100206,0.2728080301845937,0.5015127410308196,0.0569968025599685,0.259914546962993,0.448735,66933,0.16853282238588507,36049.95,155477.30000000002
148,1206991014,12069,31180,0.30192838312055315,0.5585613660133631,0.06620069506826574,0.28102308828003053,0.5269611111111111,52140,0.24740218088518282,,
149,1206991235,12069,31813,0.3105405732873543,0.5967527440880734,0.061739360352488885,0.27312961542150055,0.4166625,44627,0.4157734259579417,6050.75,19044.800000000003
150,1206991365,12069,32524,0.28015193295045365,0.5181577544593756,0.06116045115540699,0.26113759323657837,0.5792857142857143,56998,0.20929160004919445,10227.85,18880.449999999997
151,1206991541,12069,16749,0.28920445742204526,0.5376755744290166,0.0605263930317858,0.26941140480533343,0.5691533333333333,54738,0.6166338288853066,6576.05,10923.1
152,1206991911,12069,26293,0.2999079712465827,0.5665114674276491,0.061910067982502606,0.27130237832959636,0.5514533333333334,40554,0.2866922755105922,10298.699999999999,20607.350000000002
153,1206991924,12069,24209,0.3057003865431377,0.5734618484563141,0.06608218020832016,0.27755713096477874,0.53152,46219,0.36763187244413237,14012.099999999999,32575.750000000004
154,1206992262,12069,30114,0.2869208508990663,0.5388865685320109,0.05587897853718983,0.26599700562799833,0.45573529411764707,58443,0.2204290363286179,15673.1,41931.85
155,1206993393,12069,25403,0.2917298812042517,0.5343078441570848,0.06266391049572077,0.27821788895994964,0.5467894736842105,48427,0.3081132149746093,13419,63898.85
156,1206993445,12069,27376,0.2965882267840099,0.568164638289809,0.06444425298154569,0.25715578908067505,0.528005,55800,0.21727060198714201,17699,55977.850000000006
157,1207190195,12071,668,0.3206520409342848,0.5935577402067963,0.07731651073963386,0.2910818718564242,0.20463333333333333,100658,0.34281437125748504,,
158,1207190234,12071,116644,0.297183015901018,0.564540107231066,0.06408720158802142,0.2629217388839665,0.31696052631578947,72709,0.3725266623229656,12685.15,38694.299999999996
159,1207190403,12071,197992,0.2912064968996568,0.5505567443378718,0.0635174659113465,0.2595452804497519,0.39725652173913045,60333,0.24688371247323124,31917.600000000002,270511.94999999995
160,1207190988,12071,9000,0.3138321850726431,0.600908363602768,0.06367961170046758,0.27690857991469375,0.23891333333333334,69977,0.5975555555555555,2660.55,7421
161,1207191131,12071,164510,0.2897200980480375,0.5489464398961231,0.06315827359525629,0.25705558065273304,0.43478055555555556,48758,0.29875387514436813,21430.850000000002,226101.59999999998
162,1207191144,12071,17122,0.28155009703009287,0.5258637427033483,0.06081791323764376,0.2579686351492864,0.5805473684210526,62634,0.26795935054316083,13353.9,43041.4
163,1207191937,12071,175925,0.2713145388180167,0.510107905695837,0.06287377100917022,0.24096193974904287,0.49529137931034484,57792,0.17924683814125336,35271.75,219676.85
164,1207192392,12071,39941,0.2931485980753249,0.5517994515947382,0.06467817658697762,0.26296816604425877,0.535796,45658,0.4005658346060439,5815.95,19075.55
165,1207192743,12071,8152,0.29899786604941164,0.5737076381366896,0.06327194318045591,0.26001401683108943,0.26321818181818185,49042,0.46258586849852795,,
166,1207193094,12071,7514,0.3110500755862304,0.6076846035901402,0.06366825064289516,0.2617973725256558,0.24611111111111111,107012,0.5573595954218792,,
167,1207390878,12073,39610,0.2878252546400361,0.5497229458044217,0.03499410989914612,0.27875870821654053,0.33214782608695653,81066,0.17273415804089876,6509.8,20695.8
168,1207392384,12073,52762,0.2877780028031119,0.5507962787633388,0.03799271932143839,0.2745450103245586,0.2843782608695652,90625,0.18422349418141845,9743.099999999999,32566.500000000004
169,1207392463,12073,24327,0.28316352956787755,0.5365559105209765,0.03911821397785279,0.27381646420480343,0.4386357142857143,63337,0.16339869281045752,27154.55,31736.65
170,1207393152,12073,16681,0.2828686157599998,0.5382375119257635,0.03670220926809663,0.27366612608613916,0.54212,71151,0.1478928121815239,784.85,1943.2
171,1207393190,12073,12462,0.2790929191479403,0.5281075646638946,0.039339661097371637,0.26983153168255464,0.6521312499999999,47505,0.13970470229497672,3267.2000000000003,7100.8499999999995
172,1207393295,12073,45874,0.27790752898875853,0.5179125631202042,0.0364040503288413,0.27940597351723007,0.54384,29089,0.07298251733007804,,
173,1207393302,12073,21764,0.28704405722955495,0.5388661542051673,0.03647140823429098,0.28579460924920663,0.37115,52901,0.1094467928689579,,
174,1207393315,12073,15954,0.2880646619603679,0.5481234771324743,0.036321651879103925,0.27974885686952544,0.36665714285714285,61130,0.18033095148552086,14418.3,38992
175,1207393328,12073,28019,0.27468581956918287,0.5113997202789112,0.036225904440834907,0.2764318339878024,0.55268,35260,0.05671151718476748,,
176,1207393335,12073,16134,0.2775394097964083,0.534049235682848,0.03639617317006078,0.2621728205363162,0.6807571428571428,39438,0.10350811949919425,19229.149999999998,42269.35
177,1207393354,12073,16183,0.27270240629863285,0.5126109752823385,0.03627289719032658,0.2692233464232334,0.69988,23786,0.04751900142124452,47335.4,13762.1
178,1207590468,12075,6434,0.30158395591146664,0.5729775538576545,0.06300685814524054,0.2687674557315049,0.63605,33095,0.27137084239975134,1957.2500000000005,6211.65
179,1207590533,12075,11636,0.3017836581751823,0.5865948832513536,0.05218420705611128,0.26657188421808203,0.7288222222222223,34191,0.2697662426950842,4132.8,22378.949999999997
180,1207593679,12075,22333,0.28876015491314855,0.5454177750258726,0.05207837986646213,0.2687843098471109,0.5917571428571429,41036,0.2171226436215466,5442.4,21298.75
181,1207790884,12077,2200,0.2866796623908161,0.5525044684522828,0.037423532986584844,0.27011098573358056,0.6666571428571428,39537,0.20227272727272727,561.1999999999999,452.00000000000006
182,1207793601,12077,6145,0.29122473586140224,0.5455731416911823,0.0388461124508559,0.2892549534421684,0.7576444444444445,35565,0.13588283157038242,780.2000000000002,4403.299999999999
183,1207991326,12079,3607,0.278710718290515,0.5525947297040485,0.03305739295775887,0.25048003220973764,0.66665,34143,0.20792902689215415,1587.6999999999998,5281.35
184,1207992015,12079,14853,0.2739498861181086,0.5444812589601343,0.0345064021792738,0.24286199721491764,0.74797,37828,0.19969029825624454,2432.6,8934.05
185,1208190273,12081,256278,0.28405719769661947,0.5379130183559155,0.06496947006166262,0.24928910467228022,0.48585,51760,0.2825525406004417,30901.6,377150.05
186,1208192290,12081,61950,0.28892067709744074,0.5633295244095133,0.05982651850226047,0.24360598838054837,0.26334,98193,0.25028248587570623,17209.300000000003,36671.49999999999
187,1208192600,12081,35023,0.28340337281484645,0.5279553900073715,0.06476938453316874,0.25748534390399913,0.5442,53004,0.24563858036147673,,
188,1208192652,12081,30962,0.2817770552868112,0.5417133081151903,0.05638169320273682,0.24723616454250646,0.4116708333333333,83630,0.23115431819649893,10416.6,15250.95
189,1208390156,12083,115047,0.28461455195827656,0.5604322121635248,0.06320862425293969,0.2302028194583652,0.4856875,49688,0.3795839961059393,25788.2,111385.49999999999
190,1208390871,12083,12831,0.29137870944491423,0.560328766690566,0.06809695174748844,0.2457104098966883,0.5354333333333333,42373,0.38360221338944744,5744.9,19278.5
191,1208390897,12083,18719,0.2931858014761402,0.5770363451096211,0.0662688516281451,0.23625220769065436,0.592675,38357,0.27175596987018535,5397.200000000001,17574.699999999993
192,1208391053,12083,30894,0.27471820001228436,0.5349160381235031,0.06390850665345824,0.2253300552598917,0.47968571428571427,45750,0.3940570984657215,5422.25,20280.5
193,1208391105,12083,18781,0.28348106896095887,0.552785665099417,0.06438689140285234,0.2332706503806073,0.645375,39987,0.16101379053298545,12304.65,38640.3
194,1208392483,12083,144642,0.26954219754570957,0.5338317356060136,0.06441441110723299,0.21038044592388203,0.6482666666666667,44301,0.20393799864493023,25190.5,213369.94999999998
195,1208392951,12083,12612,0.28115095179368643,0.5280598929989117,0.058815159019677286,0.2565778033624704,0.6385142857142857,45071,0.22700602600697747,,
196,1208591586,12085,21537,0.2743956414718294,0.5260343530134852,0.05072962074720418,0.24642295065479866,0.39177142857142855,57875,0.2218972001671542,11479.55,31354.85
197,1208592873,12085,66578,0.28481927177784094,0.5588136453682236,0.06530713027568318,0.23033703968961602,0.31437857142857145,60108,0.31968518129111717,6406.4000000000005,19036.9
198,1208593250,12085,70950,0.2824918423696823,0.5532585389279768,0.06094963567358579,0.2332673525074842,0.37367,64099,0.3186892177589852,11278.4,112867.15000000001
199,1208691040,12086,6651,0.2645596751384047,0.4825470815926286,0.03210914733067708,0.27902279649190853,0.6132615384615384,75556,0.148248383701699,,
200,1208691482,12086,358485,0.26484870966891433,0.49501793914098235,0.02763679602530771,0.2718913938404529,0.7638530864197531,43327,0.18203830006834318,64898.94999999999,450828.35000000003
201,1208691534,12086,121745,0.24773222239437456,0.45239860853220637,0.02874903531737137,0.26204902333354596,0.804795652173913,46636,0.08754363628896464,32587.749999999996,136095.90000000002
202,1208691705,12086,393027,0.2666351704864027,0.49546010416035485,0.026453297827573507,0.27799210947127967,0.5555836734693878,68292,0.15759985955163386,60505.950000000004,242601.05
203,1208691714,12086,161785,0.2618074635968976,0.48196161097457085,0.026513402751699045,0.27694737706442296,0.46357894736842103,85963,0.16357511512192108,82282.7,476428.8
204,1208691729,12086,12943,0.27553898366190194,0.5307199485061052,0.02674720220172345,0.26914980027787727,0.2947125,151190,0.16866259754307347,,
205,1208692158,12086,987620,0.25883601360508374,0.4731290069595378,0.027065745990174753,0.27631328786553877,0.6984281954887218,43650,0.16409043964277759,129390.55000000003,1658234.15
206,1208692171,12086,135887,0.2569539652002323,0.4605012559465726,0.027464069159517258,0.2828965704946069,0.4749704918032787,57094,0.18398375120504537,,
207,1208692175,12086,110345,0.254263866511119,0.4599594358637533,0.02957402723165264,0.2732581364379509,0.7731555555555556,45861,0.14777289410485295,,
208,1208692470,12086,149316,0.2715983056270066,0.5145719714927053,0.026785363306599256,0.27343758208171526,0.6950086956521739,55648,0.13302660130193683,11593.8,89372.55
209,1208692886,12086,170922,0.24496747840811015,0.4421431368713816,0.026447670183906976,0.26631162816904186,0.7353341463414634,54669,0.11979733445665275,42730.1,149459.2
210,1208693211,12086,90702,0.2764216504032231,0.5144357253269513,0.026523776097645415,0.2883054497850727,0.681215625,58364,0.2173160459526802,25024.100000000002,158046.3
211,1208790416,12087,19,0.28024190323409587,0.5103009897143521,0.04867189930180543,0.28175282068613006,0.5018785714285714,,0.42105263157894735,7270.5,23394.600000000002
212,1208791755,12087,33801,0.27719418220038117,0.5114948635295916,0.05409793643804002,0.2659897466335118,0.4134,69380,0.16484719387000385,47.24999999999999,411.7
213,1208791976,12087,12226,0.29006571109156154,0.5442912095611178,0.05416294226762218,0.27174298144594466,0.3528857142857143,82979,0.2692622280386062,197.25,14257.65
214,1208792210,12087,10308,0.27676568082997816,0.5148065028205028,0.054980711603362244,0.2605098280660695,0.3853125,58587,0.25097012029491655,,
215,1208793471,12087,19444,0.27697082568700016,0.524368260532806,0.04759835463244638,0.25894586189574814,0.4709,73400,0.27412055132688745,1426.25,557.85
216,1208990364,12089,27273,0.2999772647736437,0.5817009020813341,0.048141887109426997,0.27008900513017026,0.5179090909090909,62941,0.16122172111612218,10350.95,20948.5
217,1208991079,12089,23151,0.30830156369362677,0.5768646734180461,0.05562950974860733,0.2924105079142269,0.2443,71729,0.36538378471772276,,
218,1208993757,12089,32674,0.30744640496515424,0.5785025954174676,0.05451047005656202,0.2893261494214332,0.36947142857142856,76747,0.15388382199914305,13382.699999999999,68347.2
219,1209190104,12091,7700,0.29496566421705844,0.5748291099072178,0.051839033667708076,0.25822884907624954,0.4729888888888889,60481,0.19025974025974027,,
220,1209190676,12091,53526,0.2929192215168409,0.5734119439874313,0.05226759666325182,0.25307812389983964,0.5345545454545455,63073,0.11769980943840376,,
221,1209190962,12091,4943,0.285823383735146,0.5450368820347523,0.05190875416463234,0.26052451500605345,0.43396,48725,0.007889945377301234,,
222,1209191170,12091,97865,0.2765662667575005,0.5293678870458286,0.05173843838619988,0.2485924748404731,0.4107147058823529,59517,0.1784499054820416,,
223,1209191885,12091,1994,0.2985166129267819,0.5976604425307716,0.05236997482687246,0.24551942142270164,0.49344,51875,0.17352056168505517,,
224,1209192353,12091,37766,0.28526945291718886,0.5380443738485926,0.05197138401637589,0.26579260088659806,0.3353333333333333,83433,0.1702854419318964,,
225,1209392405,12093,9472,0.2668999069355791,0.5210213036917184,0.044052503942982234,0.23562591317203668,0.7241533333333333,41300,0.14083614864864866,,
226,1209392496,12093,31672,0.2685081937431171,0.5175620674568098,0.04813216482591877,0.2398303489466227,0.6859,41891,0.2147322556201061,8083.7,28401.8
227,1209590052,12095,103728,0.25906732310898806,0.4897887923189925,0.041920107683290735,0.2454930693246809,0.5115354838709677,62756,0.14780965602344592,50651.4,204699.7
228,1209590910,12095,47116,0.26310719224568146,0.4923176481109625,0.04259599964829252,0.25440792897778935,0.4065047619047619,83107,0.09627302827065116,16389,27170.800000000003
229,1209592522,12095,620753,0.2552362873271533,0.47406753455170825,0.04081298942481124,0.25082833800494053,0.5827430379746835,50493,0.11667281511325761,78863.35,1433515.45
230,1209593198,12095,218399,0.2513985593863133,0.4605312107218913,0.04438019636305359,0.24928427107399495,0.47847021276595747,81947,0.11170838694316367,23119.850000000002,1282624.05
231,1209593458,12095,253550,0.2507444070737282,0.4542527684420846,0.040073096220124824,0.25790735655897506,0.5233520833333334,62713,0.10794320646815224,92368.7,373230.60000000003
232,1209593705,12095,106200,0.25257302950807586,0.46888820823466154,0.04348567246594268,0.24534520782362343,0.604515625,54758,0.12328625235404897,8827.85,78804.45
233,1209791768,12097,176674,0.25000041122219185,0.4624853596544219,0.04154076765986346,0.24597510635229014,0.6097783783783783,48603,0.12494764368271506,28149.600000000002,1639332.25
234,1209793029,12097,166748,0.2585726611457782,0.48046855852717163,0.039138467439923955,0.2561109574702391,0.55449,55776,0.1345383452874997,73534.74999999999,362394.4000000001
235,1209793146,12097,8533,0.2817646985180125,0.5398947260445456,0.046937858312366444,0.2584615111971255,0.49957142857142856,64648,0.12996601429743349,3574.1000000000004,5219.7
236,1209990143,12099,37326,0.25833341740787075,0.4679382447627181,0.046940631663772873,0.2601213757971213,0.9033384615384615,25402,0.11616567540052511,9999.85,13182.399999999996
237,1209990208,12099,138198,0.2867029488904906,0.54084615588323,0.04298383230228242,0.2762788584859593,0.3192016393442623,80907,0.31771805670125475,20402.5,93324.8
238,1209990260,12099,336806,0.28173139983341633,0.5265465938670835,0.042636212082070794,0.2760113935510948,0.4367106796116505,58929,0.31628296408021234,53731.299999999996,279938.2
239,1209991274,12099,309,0.2623792554631329,0.48969709809701284,0.04464569375224963,0.25279497454013616,0.45710666666666666,16573,0,4487.3,384.09999999999997
240,1209991690,12099,95352,0.29388976262172506,0.5668289988781825,0.04598607553125743,0.2688542134557352,0.2063909090909091,84959,0.23351371759375786,21549.95,158151.8
241,1209991872,12099,231897,0.2551634216169383,0.46543160549044266,0.042630931468837154,0.25742772789153506,0.6458371428571429,47648,0.16079121334040544,19860.45,104552.8
242,1209992977,12099,109559,0.28772179455849684,0.547579554332118,0.042754986744320794,0.27283084259905155,0.4260116279069767,63098,0.22754862676731258,10000.5,65340.65
243,1209992990,12099,110537,0.27875755874523783,0.5213601193736705,0.04369992071775543,0.2712126361442875,0.3349191489361702,82624,0.21174810244533504,35507.65,149215.59999999998
244,1209993276,12099,213091,0.27695016739468664,0.5186748537200916,0.0426808466968554,0.26949480176711293,0.32056753246753245,83847,0.22784162634742902,55361.5,222271.55
245,1209993594,12099,30844,0.2818712724091858,0.5266451978486716,0.04625974738611452,0.2727088719927713,0.27712857142857145,90061,0.16658021008948257,16298.25,42775.100000000006
246,1209993614,12099,161108,0.26553422929461284,0.48559820886769633,0.04282364575906725,0.26818083325707504,0.6151263157894736,48747,0.18432355935149092,13911.3,93543.85
247,1210190481,12101,150797,0.2617506649568239,0.5270175228943846,0.03626312499800265,0.22197134697808452,0.34010408163265304,81908,0.1453543505507404,34503,197766.4
248,1210190741,12101,16098,0.25646779448639956,0.5258064669951079,0.03397849983940575,0.20961841662468497,0.6408090909090909,46292,0.18145111193937136,9754.6,18838.249999999996
249,1210191794,12101,5805,0.26963497708360334,0.5513971556451288,0.03440258832942093,0.2231051872762603,0.56098,47264,0.17881136950904392,2407.7999999999997,1985.45
250,1210192327,12101,176400,0.2677889490933145,0.5446498827740592,0.035891617301291555,0.2228253472045927,0.5043985507246377,49508,0.22945578231292518,37189.85,300146.8
251,1210192860,12101,118519,0.2695877595321794,0.5565540320812851,0.0327609766080697,0.21944826990718336,0.5975244897959183,43411,0.26259924569056436,26029.95,154926.1
252,1210193770,12101,56983,0.2699269415364856,0.546171436360722,0.0368388215399268,0.22677056670880816,0.5868029411764706,38867,0.36370496463857643,14921.800000000001,60378.6
253,1210390182,12103,67892,0.32675118716834367,0.5826471557106061,0.05073087810335572,0.3468755276910692,0.37000810810810814,61311,0.29071171861191303,,
254,1210390572,12103,337970,0.3106200399641678,0.5424064831096577,0.050704801654251536,0.33874883512859427,0.49928543689320387,50238,0.255280054442702,36976.7,574861.35
255,1210393036,12103,16321,0.3329734532683626,0.5952075977674449,0.050742426985801815,0.35297033505184106,0.33654,75636,0.37614116782059925,,
256,1210393042,12103,401921,0.3129547657732137,0.5462023232690215,0.05071804199339261,0.3419439320572268,0.510268,53844,0.20957103510391345,28483.899999999994,585908.3
257,1210393380,12103,140562,0.3036393311973266,0.5529610572043244,0.048136235534595194,0.3098207008530603,0.3546615384615385,60523,0.273409598611289,21093.600000000002,158893.25
258,1210590117,12105,69285,0.2710419499399715,0.5193447218760318,0.047758761992226346,0.2460223659516564,0.595945945945946,53045,0.16432128166269755,13190.300000000001,59234.29999999999
259,1210591209,12105,12783,0.2755653825618709,0.5263369208151365,0.04661034712866524,0.25374887974181104,0.7387666666666667,42207,0.22842838144410546,4303,6673.950000000001
260,1210591404,12105,157168,0.2646112153793018,0.49957250128596653,0.049468885358643064,0.2447922594932959,0.5996755102040816,52676,0.19254555634734807,43456.200000000004,359589.95
261,1210591833,12105,270444,0.27205815698330466,0.5198849354387015,0.050062084332063016,0.24622745117914943,0.5960730337078651,51873,0.19736063658280456,47931.049999999996,380493.2
262,1210591859,12105,44477,0.2750338784124942,0.5243342762053261,0.05052433409022853,0.2502430249419279,0.72692,44350,0.26800368729905344,16034.099999999999,37384.4
263,1210593718,12105,132061,0.2686754641392851,0.5107005627819337,0.05046890699039998,0.24485692264552164,0.6498454545454545,47532,0.21565034340191275,26038.650000000005,190759.6
264,1210790663,12107,15847,0.2825223172872518,0.5325750621620797,0.07016707456596406,0.2448248151337117,0.7287615384615385,34091,0.26566542563261186,4213.95,6255.6
265,1210790923,12107,8616,0.285359124520909,0.5419003953032906,0.06792416801659303,0.24625281024284346,0.7776727272727273,40958,0.2589368616527391,,
266,1210791612,12107,25300,0.297596105995986,0.5693503379717463,0.06217257062472378,0.26126540939148807,0.5911777777777778,40188,0.21391304347826087,7713.7,29807.3
267,1210792574,12107,23489,0.29485728183380716,0.556249540308091,0.0702514797387951,0.25807082545453536,0.7284818181818182,35828,0.20354208352846012,7785.549999999999,52540.90000000001
268,1210991222,12109,51785,0.28343105088010445,0.5678850663216507,0.05041664584596451,0.23199144047269807,0.22492352941176472,118943,0.12159891860577388,16446.2,54743.6
269,1210991443,12109,12905,0.2885474465397405,0.5643213967535775,0.05829792828112969,0.2430230145845144,0.5287533333333333,52400,0.21177838047268502,4645.55,7044.799999999998
270,1210992080,12109,18378,0.2895156246754339,0.5761616449698499,0.055416471302929836,0.2369687577535219,0.38206,54634,0.3142888235934269,4188.7,32198.6
271,1210992795,12109,30958,0.28967791249144637,0.5950735568769905,0.052279814754546496,0.22168036584280226,0.11186666666666667,111951,0.2337037276309839,703.6,2535.1
272,1210993016,12109,130648,0.2850777103005349,0.573524571646737,0.05454784835943155,0.22716071089543613,0.29118125,75882,0.20050823587043046,17117.05,197425.15
273,1211191157,12111,119190,0.27521487415416057,0.5193737244847418,0.0325205497024854,0.27375034827525446,0.63772,40744,0.23571608356405738,18782.75,90840.25
274,1211191547,12111,8937,0.2838819992766599,0.5424788849316694,0.036486025535367644,0.27268108736294266,0.5335583333333334,60000,0.5752489649770617,,
275,1211192866,12111,178691,0.27149763798233745,0.5177795972500115,0.03798336453851302,0.2587299521584877,0.5177709677419354,61908,0.2137936437761275,49949.45,264804.1
276,1211193620,12111,6129,0.27789838863375316,0.5310396784688671,0.041118223890302195,0.2615372635420901,0.6208642857142858,42758,0.4765867188774678,4306.4,4980.05
277,1211390020,12113,3167,0.3057247726711697,0.6000162736816381,0.05226454729230471,0.26489349703956633,0.4105833333333333,57837,0.20745184717398168,,
278,1211390085,12113,7273,0.2946490507766288,0.5764897512602251,0.051339515227403223,0.2561178858422581,0.30406666666666665,75053,0.15578165818781795,,
279,1211390097,12113,5450,0.29537162628937164,0.5795120578336516,0.05259615792974648,0.2540066631047168,0.4743222222222222,49423,0.19559633027522935,,
280,1211390162,12113,2289,0.30759278730465883,0.6035921955401946,0.05278367390393313,0.26640249246984876,0.4013,57000,0.17343818261249455,,
281,1211390903,12113,13864,0.29745672228628306,0.5767608547184052,0.05265488237787096,0.262954429762573,0.59445,54824,0.11187247547605308,,
282,1211390964,12113,0,0.2997482652344911,0.5815667720241798,0.05220816681145959,0.26546985686783386,0.4478,,,,
283,1211391376,12113,6546,0.28883841602008853,0.5536032519011528,0.05073905821098252,0.26217293794813035,0.3830111111111111,92267,0.24228536510846319,,
284,1211391436,12113,1668,0.30334510561690053,0.5890330080883082,0.052174731333330865,0.2688275774290626,0.4647,54773,0.19664268585131894,,
285,1211391500,12113,39082,0.2933726904218127,0.5643175861019994,0.05202080117450952,0.2637796839889291,0.37783,76689,0.13034133360626377,,
286,1211391664,12113,3062,0.3030837094918855,0.585245409219238,0.051590230525397705,0.27241548873102084,0.4603,55189,0.1884389288047028,,
287,1211392218,12113,25912,0.29869377414225373,0.5899423746984744,0.0522418530236932,0.25389709470459354,0.2839625,72045,0.17057733868477926,,
288,1211392223,12113,12063,0.2973224558067335,0.5795966380480769,0.05262147382133881,0.25974925555078465,0.5509999999999999,54375,0.15070877891071874,,
289,1211392269,12113,1191,,,,,,40972,0.24433249370277077,,
290,1211392309,12113,1150,0.29331898308068277,0.5689783916217073,0.05178685470005668,0.25919170292028443,0.3036857142857143,81389,0.23652173913043478,,
291,1211392561,12113,35725,0.29923821204132617,0.5822142958738421,0.05160969193370584,0.2638906483164305,0.4251357142857143,72902,0.15160251924422674,,
292,1211393127,12113,16284,0.29977314816455175,0.583990972445666,0.052673140593458206,0.262655331454531,0.53683,64513,0.1844141488577745,,
293,1211393659,12113,29,0.3036215981191669,0.5915718493354376,0.052739765185010515,0.2665531798370526,0.52725,,0,,
294,1211590975,12115,11974,0.30436411925328455,0.5961678765492011,0.038153895216093546,0.278770585994559,0.275725,52759,0.5022548855854351,5074.3,11038.05
295,1211591393,12115,30120,0.2933620495000635,0.5785999489217692,0.03405355252495131,0.26743264705347003,0.2927470588235294,65511,0.41188579017264276,10354.5,85076.54999999999
296,1211591599,12115,40510,0.3004031659876867,0.5862979870442585,0.04169508375210692,0.27321642716669475,0.3185076923076923,76157,0.5294248333744754,13317.150000000001,10870.349999999999
297,1211591963,12115,4708,0.3118135081778294,0.6153987717424361,0.04564302186616477,0.2743987309248872,0.18811666666666665,131528,0.7455395072217502,,
298,1211592431,12115,69377,0.302706779240185,0.5794291344088731,0.04979789001865276,0.2788933132930293,0.4017,57800,0.2657653112703057,12693.3,30355.5
299,1211593107,12115,192860,0.28677019787880587,0.5608074572396542,0.038744257037950695,0.26075887935881265,0.34841212121212123,61675,0.29255936949082234,16817.149999999998,134894.65
300,1211593484,12115,69947,0.2995527570420512,0.5897322508625955,0.0340512961766221,0.2748747240869359,0.242656,58544,0.47137118103707093,7600.85,16125.15
301,1211790455,12117,214042,0.2558150300418623,0.5001278812489656,0.03053952956619655,0.2367776793104247,0.3767457142857143,61352,0.165878659328543,42902.5,363358.44999999995
302,1211792548,12117,103052,0.2636376732011606,0.5136814394401743,0.03346540862088976,0.24376617154241764,0.2693740740740741,85066,0.13793036525249389,39640.1,144397.9
303,1211793081,12117,144308,0.2600213400088988,0.5113563933903311,0.032701955677737773,0.2360056709586275,0.4097159090909091,67225,0.1413088671452726,38620.65,333120.75
304,1211990344,12119,26659,0.29211116023408534,0.5618445374579435,0.05096610360780819,0.2635228396365043,0.61009,38801,0.23106643159908474,7526.45,24171.600000000002
305,1211993666,12119,98385,0.29494018456039706,0.5675753371708339,0.05802300796734946,0.2592222085430078,0.51966,60629,0.658210093001982,22337.749999999996,96025.45000000001
306,1212190299,12121,7531,0.28349210906138067,0.5662003446535457,0.03731385820948761,0.24696212432110853,0.6572666666666667,40599,0.18430487319081132,1782.95,3629.4
307,1212190858,12121,8403,0.27412047512184495,0.5425960819955067,0.03279181618587319,0.24697352718415497,0.7345111111111111,46233,0.2831131738664763,2839.4,8064.25
308,1212191950,12121,19665,0.27469221910034475,0.5342250121711618,0.0390091776531532,0.2508424674767193,0.8383454545454545,48474,0.1680142384947877,6894.700000000001,14560.749999999998
309,1212192002,12121,8447,0.2758167656237406,0.5441770203980398,0.03824585923476913,0.2450274172384128,0.7244,51239,0.23262696815437434,2125.5,5388.95
310,1212392704,12123,13699,0.28041571708991436,0.5531927776777206,0.042738536941752156,0.24531583665027032,0.7123,41935,0.21527118767793268,3892.8500000000004,8993.4
311,1212392717,12123,8171,0.29207490594056973,0.5707207033811268,0.053735820501216724,0.25176819393936567,0.7383875,37500,0.16583037571900625,3100.9,2369.2999999999997
312,1212591807,12125,7657,0.2864356252978298,0.5638949559036998,0.04121998895883434,0.25419193103095516,0.7398333333333333,37159,0.12184928823298942,1879.05,3996.1500000000005
313,1212592925,12125,3822,0.289613827585331,0.5719313633156732,0.038991147801038024,0.2579189716392818,0.7463142857142857,54741,0.16797488226059654,0,0.3999999999999986
314,1212593731,12125,3824,0.2888836490256647,0.5568537833296406,0.04356228726842823,0.26623487647892524,0.5999857142857143,49630,0.18697698744769875,1252.25,5425.6
315,1212790494,12127,43006,0.29300173999086315,0.5592073326600167,0.06412516681641107,0.25567272049616185,0.3788121212121212,70903,0.24610519462400596,14813.8,25356.9
316,1212790780,12127,42348,0.28405038329533056,0.531882081572233,0.06813297711120354,0.2521360912025551,0.6493615384615384,30372,0.17649003494852178,9878.75,62491.05
317,1212790793,12127,44606,0.2791041636416973,0.5276803550171546,0.06333170615614737,0.24630042975178992,0.4724055555555555,52817,0.23918306954221405,12921.25,35503.649999999994
318,1212790832,12127,70459,0.285148255769313,0.5325437215135043,0.06791236241711397,0.2549886833773208,0.5565545454545454,49643,0.2289558466625981,22303.05,79288.2
319,1212790845,12127,102203,0.26789897535438584,0.5027000038188498,0.05802886674362948,0.2429680555006783,0.5002636363636364,53143,0.1617565042122051,48602.35,187696.85
320,1212792340,12127,61729,0.30697557296944056,0.5922701016105514,0.06724343959544118,0.2614131777023292,0.3114208333333333,52821,0.3207892562652886,6853.5999999999995,127261
321,1212792418,12127,25275,0.2977752741439673,0.5609287388590536,0.06743758966562173,0.2649594939072267,0.4333611111111111,44487,0.3150544015825915,,
322,1212792535,12127,57028,0.29280326520297034,0.5553661851049958,0.06625047665192821,0.2567931338519871,0.4913689655172414,47732,0.2897699375745248,13514.350000000002,121034.44999999998
323,1212792730,12127,8118,0.287306044570918,0.5449128923207919,0.06714603769799701,0.24985920369396517,0.6205,49081,0.19031781226903177,3706,8258.85
324,1212792847,12127,70348,0.29853158668614876,0.5672879619044435,0.06809669193736977,0.2602101062166329,0.4159965517241379,44030,0.25122249388753054,7194.75,37014.2
325,1212793159,12127,11367,0.2991027882833018,0.5660500507282311,0.06818071827673589,0.2630775958449383,0.414675,61585,0.41031054807776896,9483.800000000001,58522.35
326,1212990949,12129,26921,0.2862074235635779,0.5546457675335439,0.03865214521402718,0.26532435794316284,0.5748555555555556,64896,0.13350172727610415,5481.700000000001,33006.299999999996
327,1212993627,12129,5400,0.2931773662249082,0.5777406651661033,0.03855909982023839,0.2632323336883829,0.5505714285714286,49284,0.2075925925925926,2328.75,8550.8
328,1213190819,12131,16278,0.297899196469176,0.5622298590971087,0.05236329390849073,0.27910443640192867,0.6278090909090909,37383,0.17483720358766433,,
329,1213191196,12131,11940,0.29348112595049725,0.5598975256993411,0.05257024831826437,0.26797560383388624,0.4810076923076923,53612,0.1663316582914573,,
330,1213192665,12131,10163,0.30012180357662305,0.5776637658530672,0.05093379579140419,0.27176784908539764,0.65485,45983,0.17071730788153106,,
331,1213192938,12131,2892,0.29332641469066345,0.5597328217907405,0.04852824903700079,0.27171817324424913,0.7506333333333334,41171,0.2289073305670816,,
332,1213193542,12131,26989,0.29466263890320443,0.5697708204993457,0.05379610609394264,0.2604209901163249,0.32586666666666664,81339,0.2253140168216681,,
333,1213390442,12133,3249,0.2938313026195943,0.5834793470804457,0.03949056161018248,0.2585239991681547,0.7191777777777778,34113,0.22591566635887966,1006.8000000000001,1350.6000000000001
334,1213390546,12133,7824,0.293238999452576,0.580493234261636,0.041419363047716574,0.2578044010483753,0.7444,38537,0.17216257668711657,3982.85,8608.05
335,1213393497,12133,13691,0.2980712528480344,0.5964561412035336,0.04569240824228325,0.2520652090982863,0.63939,37311,0.15973997516616756,2189.75,6792.750000000001
336,1300390180,13003,1433,0.2605081146168694,0.5260488854560426,0.036496901015173736,0.21897855737939195,0.8327875,39375,0.10816468946266573,250.34999999999997,393.75000000000006
337,1300392334,13003,4687,0.23962061199230167,0.48803859961484186,0.031000027191003976,0.1998232091710592,0.8756,39655,0.12801365478984425,11229.4,233.5
338,1300393378,13003,2119,0.2501921629816833,0.5066229967835879,0.0312839814311982,0.21266951073026386,0.772425,32157,0.1708352996696555,896.0999999999999,57.80000000000001
339,1300792010,13007,1143,0.27104629923033985,0.5418918602794185,0.029271193008375888,0.24197584440322525,0.6617777777777778,41063,0.3429571303587052,88.39999999999999,0
340,1300792160,13007,1989,0.27295379027340694,0.5348462807458279,0.02934591238747873,0.2546691776869143,0.7600777777777777,27266,0.17647058823529413,969.8999999999999,505
341,1301990054,13019,1634,0.2621345540768412,0.52493915224484,0.03184825287508759,0.22961625711059613,0.7283,40217,0.2441860465116279,,
342,1301991092,13019,4524,0.2745018358954699,0.5477168194575268,0.03757582770001855,0.2382128605288643,0.5959857142857142,38902,0.13992042440318303,305.05,0
343,1301992130,13019,9483,0.261305534864498,0.5340584725049001,0.030569551970126715,0.21928858011846714,0.7244,40865,0.2052093219445323,2165.6,8822.050000000001
344,1301992442,13019,3511,0.27036802964638285,0.5374301027537045,0.03296680153929915,0.24070718464614488,0.7257125,41406,0.10994018798063229,1264.1000000000001,2014.2499999999998
345,1302591500,13025,5489,0.28752663160373393,0.5777469161599165,0.03930721759261088,0.24552576105867452,0.6286428571428572,41158,0.17598834031699764,801.5500000000001,2134.95
346,1302592124,13025,6193,0.2902105957206999,0.5901762586172237,0.04355857127766476,0.23689695726721124,0.6158125,32080,0.1669626998223801,2365.2999999999997,8035.1
347,1302593306,13025,7074,0.29442914453960867,0.5893602821076146,0.04925094682445409,0.24467620468675724,0.56016,39881,0.14249363867684478,2067.2000000000003,3611.9499999999994
348,1302790222,13027,731,0.2674600253675276,0.5386946025850068,0.03432192760647892,0.22936354591109698,0.67605,25968,0.3433652530779754,,
349,1302790234,13027,1346,0.2579150256741025,0.523732417394079,0.0330112540799348,0.2170014055482937,0.733825,31359,0.2013372956909361,779.6,831.7499999999999
350,1302790948,13027,1517,0.2517889391617707,0.5076243500958703,0.031902646575632396,0.2158398208138093,0.7572666666666666,42460,0.15293342122610415,49.69999999999999,50.20000000000001
351,1302791086,13027,933,0.2530814402328309,0.4979616055740408,0.03598943757409573,0.22529327755035627,0.7916666666666666,32742,0.22936763129689175,0,5.600000000000001
352,1302792088,13027,4860,0.26675312317696886,0.5273082213504435,0.03600196883479451,0.23694917934566864,0.6877666666666666,57861,0.17983539094650206,5339.7,19491.1
353,1302792436,13027,6203,0.26138009406595475,0.5184489249573592,0.03573843464080876,0.2299529225996962,0.7472571428571428,33155,0.1776559729163308,1366.55,7307.1500000000005
354,1303991650,13039,12935,0.2946066487479892,0.5600863315890856,0.042483889213270946,0.2812497254416109,0.502375,47000,0.11596443757247778,3496,29610.4
355,1303992652,13039,32426,0.3007233724450953,0.5532773514753808,0.04467821951837352,0.30421454634153156,0.47817272727272725,60940,0.11632640473693949,4451,41174.899999999994
356,1303993408,13039,7870,0.2964361482779175,0.5654702286998321,0.04338744161729691,0.2804507745166233,0.56651,61496,0.18932655654383734,2411.05,10302.8
357,1304991194,13049,9788,0.2855561366114037,0.5687508887425958,0.04046909272790602,0.24744842836370926,0.60285,39746,0.1446669391091132,1610.55,8398.550000000001
358,1304992646,13049,3252,0.26734482671949983,0.539215639860902,0.03546450171898753,0.22735433857860984,0.6935,58333,0.16113161131611317,1043.05,1827.9500000000005
359,1306591158,13065,1465,0.2645563168610261,0.5304384410494097,0.03531233287284941,0.2279181766608191,0.74434,19297,0.16177474402730374,576.9999999999999,2469.6000000000004
360,1306591530,13065,5221,0.26256846430689296,0.5282587383283617,0.03682086550571873,0.2226257890865985,0.806475,28913,0.15361041945987358,447.65,1068.7
361,1307190258,13071,3347,0.25484980553976117,0.512328887911095,0.03439004672872257,0.21783048197946597,0.7411125000000001,50000,0.18822826411711982,1276.3,1754.35
362,1307190960,13071,2776,0.26155881478144466,0.5173049807623651,0.03833440684730305,0.22903705673466593,0.7038666666666666,39615,0.1797550432276657,1889.2,608.7
363,1307191254,13071,6996,0.2516377455251535,0.5102364857800215,0.03254958869482083,0.21212716210061827,0.7874666666666666,38786,0.15237278444825614,972.2499999999999,1606.5
364,1307192100,13071,26566,0.24598418133180058,0.4935533479131339,0.034729604772009696,0.20966959131025822,0.7917692307692308,32962,0.14740645938417526,8485.05,35282.35
365,1307192184,13071,5801,0.26036952962788446,0.5155645556262305,0.04142674109819535,0.22411729215922752,0.7054555555555555,38750,0.14238924323392518,7014.3499999999995,2405.7500000000005
366,1307590030,13075,15166,0.2704392954515661,0.5455540872342192,0.033920818975871805,0.2318429801446073,0.6774818181818182,42750,0.15528155083739945,2744.25,22884.3
367,1307591722,13075,2011,0.2569401259022176,0.5158535036326184,0.036149267428048006,0.21881760664598637,0.7100444444444445,39653,0.1859771258080557,546.1,1993.1499999999996
368,1308790156,13087,2616,0.2644644521252889,0.5212857302696058,0.03959901540764834,0.23250861069861267,0.6479,46731,0.1334097859327217,298.1,811.9499999999998
369,1308790192,13087,16214,0.2697975095545213,0.5402358252787247,0.03662247227891582,0.23253423110592336,0.7046166666666667,39451,0.14166769458492662,4025.9500000000003,18386.050000000003
370,1308790390,13087,2767,0.2751092990648344,0.5505501833889467,0.038371209511672416,0.2364065042938841,0.6153,44688,0.20021684134441634,1049.8,1378.8
371,1308790702,13087,1994,0.2691073968383363,0.5361521068516801,0.039631725239018485,0.2315383584243102,0.734875,44769,0.13640922768304914,1466.6000000000001,1837.2999999999997
372,1308791122,13087,1692,0.2641605995067886,0.5222727349656501,0.0398066442931334,0.23040241926158245,0.6781833333333334,43533,0.2565011820330969,1621.75,1766.3500000000001
373,1308792104,13087,1399,0.2772892457806061,0.5575232982166647,0.03689671480327399,0.23744772432187963,0.721225,38520,0.2580414581844174,15.55,1.3999999999999986
374,1309990294,13099,7334,0.26917758859350766,0.5498548658463749,0.024559481512126866,0.23311841842202125,0.7682666666666667,30826,0.16171257158440142,73764.9,417.4
375,1309990870,13099,1143,0.266827178053083,0.5399039493836214,0.02469735207208551,0.23588023270354214,0.8047875,33059,0.2659667541557305,10.8,3.3999999999999986
376,1309991584,13099,1835,0.26979427548158974,0.5481630199851845,0.030865755548277193,0.2303540509113076,0.63638,29728,0.2544959128065395,232.05,188
377,1310191008,13101,1486,0.25711595643624646,0.5162538591436413,0.026727489638681108,0.22836652052641698,0.6845,44479,0.20255720053835802,374.94999999999993,622.8000000000001
378,1310193318,13101,2495,0.2614052138977894,0.5218939986206106,0.02981392788624442,0.23250771518651336,0.62392,37813,0.13627254509018036,894.8499999999998,1731.65
379,1312790444,13127,34317,0.2834000665955796,0.525132611303618,0.061371548610819844,0.26369603987230095,0.6412230769230769,35292,0.15960019815251916,5246.45,14211.949999999999
380,1312791116,13127,22947,0.2900924146493175,0.5463303680393342,0.058514816920255994,0.26543205898836225,0.5916,59682,0.15897502941560987,8159.95,75344.5
381,1312791599,13127,883,0.28287387269683306,0.5299654572965828,0.057252859831125116,0.2614033009627912,0.47815,71238,0.549263873159683,2319.95,15217.85
382,1312792658,13127,16702,0.3043978986145236,0.5790799857356186,0.05805600426422881,0.2760577058437234,0.3423875,90365,0.347024308466052,370.25,602.35
383,1312792994,13127,9621,0.2876062721927052,0.5558020167255221,0.056656730006827395,0.250360069845766,0.67015,63117,0.1253507951356408,2454.55,8232.7
384,1313190498,13131,17260,0.2714366207433232,0.5367262290532017,0.043374515132116404,0.23420911804465142,0.7605625,41448,0.17636152954808806,2649.05,18551.85
385,1313190510,13131,1592,0.2670448573381309,0.5271387404511215,0.043855381408711,0.23014045015456006,0.70922,45769,0.19283919597989949,,
386,1313192216,13131,461,0.2801278129973827,0.5544249832800553,0.04247052135849893,0.24348793435359403,0.71558,59904,0.1648590021691974,,
387,1313192804,13131,535,0.26731185812304775,0.5399386779658877,0.038032627479577294,0.22396426892367827,0.753575,55682,0.27102803738317754,13,1.4000000000000021
388,1313192832,13131,1842,0.26943281411148157,0.5317315207423412,0.037156558502188006,0.23941036308991556,0.8247428571428571,47946,0.14006514657980457,529.6999999999999,456.55
389,1313193354,13131,3138,0.27722093943015524,0.5459887568958962,0.04669087835434222,0.23898318304022736,0.68585,46853,0.1835564053537285,563.05,861.9999999999999
390,1317391010,13173,2030,0.25854957113353866,0.5190117969158315,0.03043917835249431,0.2261977381322901,0.75132,36484,0.19064039408866995,1228.95,465.15000000000003
391,1317391680,13173,8350,0.2780627451359007,0.5434393461805553,0.03488559621702105,0.2558632930101256,0.6473571428571429,41532,0.12538922155688623,904.65,6019.15
392,1318590228,13185,14918,0.2788326573851262,0.538323946558484,0.03705647447521277,0.2611175511216817,0.51165,57203,0.07132323367743665,4727.549999999999,23648.050000000003
393,1318591392,13185,16987,0.28212507971621176,0.5473143483609926,0.038177210233820216,0.2608836805538224,0.44834,77991,0.13139459586742802,4857.1,12010.85
394,1318591686,13185,7795,0.2663029996836444,0.5269118419614287,0.03663399625990786,0.2353631608295966,0.7607,50781,0.19178960872354073,1705.55,13458.050000000001
395,1318592136,13185,3950,0.27316132658668385,0.5344585959757582,0.03567754588742378,0.24934783789686968,0.6385444444444445,56563,0.11822784810126583,329,765.2
396,1318593168,13185,71714,0.27474017031987674,0.5319895875871661,0.039039874667444144,0.25319104870502,0.6164851851851851,34051,0.11775943330451516,14189.550000000003,97282.34999999999
397,1319190882,13191,9524,0.2899872981100703,0.5471116593525165,0.04947420574491755,0.2733760292327768,0.5502428571428571,45635,0.2599748005039899,20539.7,1195.9
398,1319193078,13191,4650,0.2830074495592026,0.5431446876011227,0.04188873611642188,0.26398892496006326,0.7037222222222222,76842,0.25010752688172044,,
399,1320190246,13201,932,0.2721862397737882,0.5492464752203632,0.029659251113240432,0.23765299298776085,0.6671833333333334,36667,0.1459227467811159,1.2000000000000028,9.000000000000004
400,1320190744,13201,2508,0.27212234406018065,0.5506954140280494,0.028334944700523345,0.23733667345196924,0.727,40772,0.2492025518341308,341.9000000000001,3500.9999999999995
401,1320191950,13201,2347,0.27905671883444866,0.5634390210378647,0.03850537980230667,0.23522575566317458,0.6975888888888889,51824,0.2092032381763954,336.55,482
402,1320590186,13205,3599,0.2795490730027118,0.5313520423694381,0.035074649242928864,0.2722205273957683,0.7464111111111111,48659,0.15059738816337873,119.5,67.70000000000002
403,1320590366,13205,517,0.2733229483330016,0.5429379182948189,0.03125207424754548,0.2457788524566405,0.70575,32639,0.3230174081237911,179.6,3.6000000000000014
404,1320590522,13205,9418,0.2705473819598349,0.5290262117842303,0.02819022683393373,0.2544257072613408,0.85965,35096,0.1589509449989382,1528,17691.5
405,1320592340,13205,7359,0.26906872681919314,0.5304016260366291,0.033533061191332494,0.24327149322961777,0.8093666666666667,37341,0.15151515151515152,2093.55,9000.3
406,1320592664,13205,1351,0.27006309953231206,0.5273519906562932,0.03514806623412049,0.24768924170652254,0.7349857142857142,50134,0.19096965210954847,1.1999999999999993,0
407,1322990282,13229,14362,0.2908321222362507,0.5803278350926985,0.040963858733474974,0.25120467288257864,0.6207181818181818,39389,0.1683609525135775,7010.15,32662.15
408,1322990396,13229,1741,0.2788725533849089,0.5576842387945192,0.03409389293712999,0.24483952842307757,0.6839285714285714,52969,0.199310740953475,19,79.60000000000001
409,1322992322,13229,3147,0.28468075267560433,0.5752002650518041,0.03924577675619948,0.23959621621880944,0.6242,50045,0.1471242453129965,407.90000000000003,124.89999999999998
410,1325390966,13253,5857,0.28692663525183626,0.5739400276555233,0.04751215339924167,0.23932772470074362,0.6107,31108,0.236469182175175,1326.7,8002.85
411,1325392856,13253,2464,0.28098012707172515,0.5631838866232914,0.042290812323292584,0.2374656822685914,0.6377285714285714,44679,0.20900974025974026,198.85,227.65
412,1327590330,13275,2401,0.2534567711040249,0.5195652183110088,0.029619355524079596,0.21118573947698643,0.6838833333333333,41767,0.21116201582673885,351.34999999999997,745.1500000000001
413,1327590780,13275,2280,0.2594157353172417,0.5379382579334033,0.030351933644489352,0.20995701437383257,0.7199666666666666,41406,0.17719298245614035,668.6,1311.4
414,1327591974,13275,1425,0.2656628680543835,0.5366731964924653,0.03388924337623836,0.22642616429444679,0.76404,35391,0.12912280701754386,52.95,86.55
415,1327592256,13275,3999,0.26149610074752105,0.5297226576068457,0.035947294963405395,0.21881834967231212,0.7788909090909091,47699,0.1867966991747937,632.0499999999998,967.3000000000001
416,1327592328,13275,2316,0.2535855213673556,0.5198358232381224,0.030165638665323874,0.21075510219862056,0.6995375,43088,0.17918825561312607,210.99999999999994,648.2
417,1327593012,13275,32209,0.25928654846113836,0.5369031971319441,0.030912489737281324,0.21004395851418967,0.7541083333333334,43583,0.17370921171101245,6327.05,47798.19999999999
418,1327790420,13277,4356,0.2831205009376787,0.5488059716608336,0.04543306983683657,0.2551224613153659,0.6045,70197,0.15358126721763085,,
419,1327790660,13277,2083,0.28319523796821444,0.550634721559082,0.04908410371674909,0.2498668886288123,0.5775555555555555,73005,0.2669227076332213,,
420,1327791052,13277,3061,0.26579982250322637,0.5318333513625764,0.04434233825596422,0.2212237778911386,0.6560142857142857,40190,0.16824567134923227,,
421,1327792286,13277,2313,0.2653621841929481,0.5181842563806244,0.04600442984717989,0.23189786635104018,0.6378714285714285,36750,0.11586683960224817,13,0
422,1327793036,13277,26036,0.2708880845675114,0.5316413909572676,0.04986009630522218,0.2311627664400445,0.6062666666666666,41669,0.12985865724381626,,
423,1327793138,13277,2692,0.274706813310339,0.537215815350921,0.05098810221599519,0.23591652236410093,0.58822,53894,0.17459138187221396,,
424,1329990954,13299,1491,0.2795431436863839,0.5624622634056156,0.03870647177230193,0.23746069588123428,0.79535,51023,0.22132796780684105,,
425,1329991914,13299,926,0.2794305121497923,0.555328889753703,0.04037438500275119,0.24258826169292283,0.7395857142857143,,0.07019438444924406,89.45000000000002,0
426,1329993240,13299,8111,0.281899151443018,0.5558880354646987,0.04447915933770687,0.24533025952664855,0.7048875,49969,0.14091973862655652,3688.9500000000003,21343.749999999996
427,1329993294,13299,25065,0.2930602830613848,0.5772297292337065,0.04535748051215354,0.25659363943829444,0.6778166666666667,33551,0.17857570317175345,3066.6,16195.35
