id,ward_precinct,wkt
1,0101,POINT (-71.03489 42.36556)
2,0102,POINT (-71.03422 42.36925)
3,0103,POINT (-71.03963 42.36863)
4,0106,POINT (-71.03492 42.38096)
5,0104,POINT (-71.03753 42.37289)
6,0105,POINT (-71.03753 42.37289)
7,0107,POINT (-71.03492 42.38096)
8,0108,POINT (-71.03492 42.38096)
9,0110,POINT (-71.03492 42.38096)
10,0109,POINT (-71.03492 42.38096)
11,0112,POINT (-71.00466 42.38406)
12,0111,POINT (-71.02013 42.38383)
13,0113,POINT (-71.00417 42.38854)
14,0115,POINT (-71.04513 42.31909)
15,0114,POINT (-71.00837 42.39252)
16,0202,POINT (-71.05755 42.37662)
17,0201,POINT (-71.06632 42.3764)
18,0205,POINT (-71.06723 42.37908)
19,0204,POINT (-71.05755 42.37662)
20,0206,POINT (-71.06723 42.37908)
21,0203,POINT (-71.06632 42.3764)
22,0301,POINT (-71.05198 42.36244)
23,0304,POINT (-71.05749 42.3649)
24,0207,POINT (-71.06992 42.37977)
25,0302,POINT (-71.05441 42.36528)
26,0303,POINT (-71.05441 42.36528)
27,0307,POINT (-71.06884 42.34157)
28,0305,POINT (-71.06564 42.36563)
29,0401,POINT (-71.07342 42.34434)
30,0402,POINT (-71.0761 42.34679)
31,0403,POINT (-71.07342 42.34434)
32,0308,POINT (-71.06525 42.34866)
33,0404,POINT (-71.07938 42.34013)
34,0306,POINT (-71.05814 42.36011)
35,0405,POINT (-71.08448 42.34133)
36,0406,POINT (-71.08448 42.34133)
37,0407,POINT (-71.08448 42.34133)
38,0408,POINT (-71.08448 42.34133)
39,0409,POINT (-71.09415 42.3355)
40,0501,POINT (-71.07015 42.34605)
41,0410,POINT (-71.1009 42.33962)
42,0502,POINT (-71.09694 42.34465)
43,052A,POINT (-71.09754 42.34335)
44,0503,POINT (-71.06375 42.3583)
45,0506,POINT (-71.0724 42.3526)
46,0505,POINT (-71.07091 42.35785)
47,0507,POINT (-71.07866 42.34924)
48,0504,POINT (-71.065 42.36153)
49,0508,POINT (-71.07866 42.34924)
50,0509,POINT (-71.08639 42.34653)
51,0511,POINT (-71.07091 42.35785)
52,0601,POINT (-71.05233 42.33826)
53,0602,POINT (-71.05233 42.33826)
54,0603,POINT (-71.05233 42.33826)
55,0604,POINT (-71.04731 42.33501)
56,0605,POINT (-71.03871 42.33578)
57,0606,POINT (-71.03489 42.33355)
58,0607,POINT (-71.03871 42.33578)
59,0608,POINT (-71.03489 42.33355)
60,0609,POINT (-71.03489 42.33355)
61,0703,POINT (-71.04177 42.33084)
62,0510,POINT (-71.097 42.35034)
63,0701,POINT (-71.03851 42.3349)
64,0704,POINT (-71.05024 42.33373)
65,0702,POINT (-71.03851 42.3349)
66,0706,POINT (-71.05291 42.32879)
67,0705,POINT (-71.05302 42.33296)
68,0707,POINT (-71.05291 42.32879)
69,0708,POINT (-71.05887 42.32426)
70,0709,POINT (-71.05887 42.32426)
71,0801,POINT (-71.06884 42.34157)
72,0802,POINT (-71.06884 42.34157)
73,0803,POINT (-71.07853 42.3299)
74,0804,POINT (-71.07853 42.3299)
75,0710,POINT (-71.06691 42.31564)
76,0805,POINT (-71.07009 42.31933)
77,0807,POINT (-71.07009 42.31933)
78,0806,POINT (-71.07009 42.31933)
79,0902,POINT (-71.07621 42.33745)
80,0903,POINT (-71.07823 42.33676)
81,0901,POINT (-71.07355 42.34225)
82,0904,POINT (-71.08471 42.33277)
83,0905,POINT (-71.09016 42.32243)
84,1001,POINT (-71.09865 42.33397)
85,1002,POINT (-71.09865 42.33397)
86,1006,POINT (-71.10584 42.32178)
87,1005,POINT (-71.09814 42.33222)
88,1003,POINT (-71.09814 42.33222)
89,1004,POINT (-71.10912 42.33425)
90,1007,POINT (-71.10184 42.32392)
91,1101,POINT (-71.09555 42.32926)
92,1103,POINT (-71.08631 42.32095)
93,1008,POINT (-71.11081 42.32919)
94,1102,POINT (-71.09016 42.32243)
95,1105,POINT (-71.0972 42.31533)
96,1104,POINT (-71.1002 42.31909)
97,1106,POINT (-71.10366 42.31082)
98,1009,POINT (-71.11324 42.31855)
99,1107,POINT (-71.1096 42.30601)
100,1108,POINT (-71.1096 42.30601)
101,1201,POINT (-71.08375 42.32679)
102,1109,POINT (-71.11442 42.30736)
103,1110,POINT (-71.11442 42.30736)
104,1203,POINT (-71.08631 42.32095)
105,1204,POINT (-71.08375 42.32679)
106,1207,POINT (-71.08902 42.30807)
107,1206,POINT (-71.07878 42.31512)
108,1208,POINT (-71.08631 42.32095)
109,1209,POINT (-71.08631 42.32095)
110,1202,POINT (-71.08331 42.31877)
111,1205,POINT (-71.08331 42.31877)
112,1301,POINT (-71.07563 42.3182)
113,1303,POINT (-71.04513 42.31909)
114,1302,POINT (-71.07563 42.3182)
115,1306,POINT (-71.06134 42.31778)
116,1304,POINT (-71.07541 42.30906)
117,1309,POINT (-71.05981 42.31364)
118,1305,POINT (-71.06691 42.31564)
119,1307,POINT (-71.05787 42.3206)
120,1308,POINT (-71.05787 42.3206)
121,1402,POINT (-71.08057 42.29688)
122,1310,POINT (-71.05401 42.31228)
123,1401,POINT (-71.07541 42.30906)
124,1405,POINT (-71.08684 42.28212)
125,1407,POINT (-71.08052 42.29202)
126,1403,POINT (-71.07541 42.30906)
127,1404,POINT (-71.07541 42.30906)
128,1409,POINT (-71.08628 42.29412)
129,1406,POINT (-71.08538 42.3013)
130,1410,POINT (-71.08406 42.28982)
131,1412,POINT (-71.08611 42.28257)
132,1408,POINT (-71.09242 42.28228)
133,1413,POINT (-71.08611 42.28257)
134,1502,POINT (-71.06162 42.30778)
135,1411,POINT (-71.09242 42.28228)
136,1414,POINT (-71.09242 42.28228)
137,1501,POINT (-71.07541 42.30906)
138,1503,POINT (-71.06162 42.30778)
139,1504,POINT (-71.06507 42.30843)
140,1506,POINT (-71.05631 42.31006)
141,1507,POINT (-71.06354 42.29993)
142,1505,POINT (-71.07122 42.2997)
143,1509,POINT (-71.05945 42.30444)
144,1508,POINT (-71.06354 42.29993)
145,1601,POINT (-71.06222 42.29397)
146,1604,POINT (-71.06222 42.29397)
147,1605,POINT (-71.04923 42.29422)
148,1602,POINT (-71.05312 42.29665)
149,1603,POINT (-71.06431 42.29225)
150,1606,POINT (-71.06431 42.29225)
151,1610,POINT (-71.0493 42.29081)
152,1609,POINT (-71.05319 42.28655)
153,1608,POINT (-71.06326 42.28563)
154,1607,POINT (-71.0493 42.29081)
155,1611,POINT (-71.04766 42.28239)
156,1701,POINT (-71.07186 42.29588)
157,1612,POINT (-71.04766 42.28239)
158,1703,POINT (-71.07186 42.29588)
159,1702,POINT (-71.07122 42.2997)
160,1707,POINT (-71.09069 42.27664)
161,1704,POINT (-71.06957 42.28126)
162,1706,POINT (-71.07087 42.28765)
163,1705,POINT (-71.07087 42.28765)
164,1710,POINT (-71.09069 42.27664)
165,1709,POINT (-71.07095 42.28425)
166,1708,POINT (-71.07087 42.28765)
167,1712,POINT (-71.07767 42.2775)
168,1714,POINT (-71.06854 42.27361)
169,1713,POINT (-71.06854 42.27361)
170,1711,POINT (-71.06957 42.28126)
171,1802,POINT (-71.09069 42.27664)
172,1803,POINT (-71.10403 42.27578)
173,1801,POINT (-71.07946 42.27219)
174,1805,POINT (-71.09924 42.26517)
175,1804,POINT (-71.07946 42.27219)
176,1807,POINT (-71.11774 42.28541)
177,1808,POINT (-71.11708 42.26523)
178,1809,POINT (-71.12705 42.2748)
179,1810,POINT (-71.13533 42.27777)
180,1811,POINT (-71.13533 42.27777)
181,1806,POINT (-71.10462 42.2672)
182,1814,POINT (-71.11708 42.26523)
183,1812,POINT (-71.12108 42.25631)
184,1813,POINT (-71.1248 42.25169)
185,1816,POINT (-71.11004 42.25389)
186,1815,POINT (-71.11708 42.26523)
187,1818,POINT (-71.1248 42.25169)
188,1817,POINT (-71.12435 42.24324)
189,1819,POINT (-71.12108 42.25631)
190,1822,POINT (-71.12705 42.2748)
191,1823,POINT (-71.14443 42.25887)
192,1820,POINT (-71.13288 42.2339)
193,1821,POINT (-71.10462 42.2672)
194,1904,POINT (-71.10433 42.31824)
195,1901,POINT (-71.11324 42.31855)
196,1905,POINT (-71.11494 42.31522)
197,1902,POINT (-71.13149 42.30559)
198,1903,POINT (-71.11324 42.31855)
199,1906,POINT (-71.10938 42.31175)
200,1909,POINT (-71.11442 42.30736)
201,1908,POINT (-71.11442 42.30736)
202,1910,POINT (-71.12493 42.28364)
203,1907,POINT (-71.11771 42.29017)
204,1911,POINT (-71.12133 42.2938)
205,2001,POINT (-71.13158 42.28677)
206,1912,POINT (-71.11771 42.29017)
207,2002,POINT (-71.13158 42.28677)
208,1913,POINT (-71.12493 42.28364)
209,2003,POINT (-71.1561 42.26346)
210,2004,POINT (-71.13158 42.28677)
211,2005,POINT (-71.16153 42.27827)
212,2009,POINT (-71.14105 42.28123)
213,2006,POINT (-71.14845 42.28801)
214,2007,POINT (-71.14845 42.28801)
215,2008,POINT (-71.14839 42.28683)
216,2010,POINT (-71.15163 42.27724)
217,2012,POINT (-71.15837 42.283)
218,2011,POINT (-71.14934 42.28702)
219,2013,POINT (-71.15837 42.283)
220,2014,POINT (-71.15163 42.27724)
221,2015,POINT (-71.1561 42.26346)
222,2016,POINT (-71.1626 42.27189)
223,2019,POINT (-71.14845 42.28801)
224,2017,POINT (-71.15738 42.28355)
225,2020,POINT (-71.14845 42.28801)
226,2018,POINT (-71.15738 42.28355)
227,2101,POINT (-71.09754 42.34335)
228,2102,POINT (-71.10505 42.34928)
229,2104,POINT (-71.13745 42.35313)
230,2103,POINT (-71.13745 42.35313)
231,2105,POINT (-71.13745 42.35313)
232,2106,POINT (-71.13745 42.35313)
233,2109,POINT (-71.14636 42.35017)
234,2107,POINT (-71.13745 42.35313)
235,2108,POINT (-71.14636 42.35017)
236,2112,POINT (-71.14159 42.34258)
237,2110,POINT (-71.14355 42.34448)
238,2111,POINT (-71.14355 42.34448)
239,2114,POINT (-71.15474 42.34012)
240,2113,POINT (-71.15219 42.34221)
241,2115,POINT (-71.15474 42.34012)
242,2116,POINT (-71.15474 42.34012)
243,2201,POINT (-71.12809 42.36012)
244,2202,POINT (-71.12809 42.36012)
245,2204,POINT (-71.16714 42.35092)
246,2205,POINT (-71.12809 42.36012)
247,2203,POINT (-71.15343 42.34825)
248,2207,POINT (-71.16714 42.35092)
249,2206,POINT (-71.14636 42.35017)
250,2208,POINT (-71.1602 42.34546)
251,2211,POINT (-71.16076 42.35212)
252,2210,POINT (-71.16076 42.35212)
254,2209,POINT (-71.1602 42.34546)
255,2212,POINT (-71.16076 42.35212)
256,2213,POINT (-71.16714 42.35092)
