cbsa,metro_name
49660,"Youngstown-Warren-Boardman, OH-PA"
49660,"Youngstown-Warren-Boardman, OH"
49620,"York-Hanover, PA"
49180,"Winston-Salem, NC"
48620,"Wichita, KS"
48540,"Wheeling, WV-OH"
47940,"Waterloo-Cedar Falls, IA"
47664,"Warren-Troy-Farmington Hills, MI"
47380,"Waco, TX"
47260,"Virginia Beach-Norfolk-Newport News, VA-NC"
47260,Virginia Beach-Norfolk-Newport
46540,"Utica-Rome, NY"
46140,"Tulsa, OK"
45940,"Trenton, NJ"
45860,"Torrington, CT"
45820,"Topeka, KS"
45780,"Toledo, OH"
45460,"Terre Haute, IN"
45300,"Tampa-St. Petersburg-Clearwater, FL"
45300,Tampa-St. Petersburg-Clearwate
45104,"Tacoma-Lakewood, WA"
45060,"Syracuse, NY"
44700,"Stockton-Lodi, CA"
44220,"Springfield, OH"
44180,"Springfield, MO"
44140,"Springfield, MA"
44100,"Springfield, IL"
44060,"Spokane-Spokane Valley, WA"
43780,"South Bend-Mishawaka, IN-MI"
43580,"Sioux City, IA-NE-SD"
43340,"Shreveport-Bossier City, LA"
42660,"Seattle-Tacoma-Bellevue, WA"
42644,"Seattle-Bellevue-Everett, WA"
42540,"Scranton--Wilkes-Barre--Hazleton, PA"
42540,Scranton--Wilkes-Barre--Hazlet
42340,"Savannah, GA"
41945,San Jose-Sunnyvale-Santa Clara
41940,"San Jose-Sunnyvale-Santa Clara, CA"
41940,San Jose-Sunnyvale-Santa Clara
41884,"San Francisco-Redwood City-South San Francisco, CA"
41860,"San Francisco-Oakland-Hayward,"
41740,"San Diego-Carlsbad, CA"
41700,"San Antonio-New Braunfels, TX"
41620,"Salt Lake City, UT"
41180,"St. Louis, MO-IL"
41140,"St. Joseph, MO-KS"
40980,"Saginaw, MI"
40900,"Sacramento--Roseville--Arden-Arcade, CA"
40900,Sacramento--Roseville--Arden-A
40420,"Rockford, IL"
40380,"Rochester, NY"
40340,"Rochester, MN"
40220,"Roanoke, VA"
40060,"Richmond, VA"
39540,"Racine, WI"
39380,"Pueblo, CO"
39300,"Providence-Warwick, RI-MA"
39101,"Poughkeepsie-Newburgh, NY"
39100,0
39100,"Poughkeepsie-Newburgh, NY"
39020,"Portsmouth, OH"
38900,"Portland-Vancouver-Hillsboro, OR-WA"
38900,"Portland-Vancouver-Hillsboro,"
38300,"Pittsburgh, PA"
38060,"Phoenix-Mesa-Scottsdale, AZ"
37980,Philadelphia-Camden-Wilmington
37964,"Philadelphia, PA"
37900,"Peoria, IL"
36780,"Oshkosh-Neenah, WI"
36540,"Omaha-Council Bluffs, NE-IA"
36420,"Oklahoma City, OK"
36260,"Ogden-Clearfield, UT"
36084,"Oakland-Hayward-Berkeley, CA"
35620,"New York-Newark-Jersey City, N"
35614,"New York-Jersey City-White Plains, NY-NJ"
35380,"New Orleans-Metairie, LA"
35300,"New Haven-Milford, CT"
35260,"New Castle, PA"
35084,"Newark, NJ-PA"
34980,"Nashville-Davidson--Murfreesboro--Franklin, TN"
34980,Nashville-Davidson--Murfreesbo
34740,"Muskegon, MI"
34620,"Muncie, IN"
33880,"Montgomery, AL"
33874,"Montgomery County-Bucks County-Chester County, PA"
33860,"Montgomery, AL"
33681,"Mobile, AL"
33660,"Mobile, AL"
33460,"Minneapolis-St. Paul-Bloomington, MN-WI"
33460,Minneapolis-St. Paul-Bloomingt
33340,"Milwaukee-Waukesha-West Allis, WI"
33340,"Milwaukee-Waukesha-West Allis,"
33124,"Miami-Miami Beach-Kendall, FL"
33100,Miami-Fort Lauderdale-West Pal
32820,"Memphis, TN-MS-AR"
31700,"Manchester-Nashua, NH"
31540,"Madison, WI"
31420,"Macon-Bibb County, GA"
31420,"Macon, GA"
31340,"Lynchburg, VA"
31140,"Louisville/Jefferson County, KY-IN"
31140,"Louisville/Jefferson County, K"
31100,"Los Angeles-Long Beach, CA"
31084,"Los Angeles-Long Beach-Glendale, CA"
30780,"Little Rock-North Little Rock-Conway, AR"
30780,Little Rock-North Little Rock-
30700,"Lincoln, NE"
30620,"Lima, OH"
30460,"Lexington-Fayette, KY"
29620,"Lansing-East Lansing, MI"
29540,"Lancaster, PA"
29404,"Lake County-Kenosha County, IL-WI"
28940,"Knoxville, TN"
28140,"Kansas City, MO-KS"
28020,"Kalamazoo-Portage, MI"
27799,"Johnstown, PA"
27798,"Johnstown, PA"
27797,"Johnstown, PA"
27794,"Johnstown, PA"
27792,"Johnstown, PA"
27788,"Johnstown, PA"
27786,"Johnstown, PA"
27785,"Johnstown, PA"
27784,"Johnstown, PA"
27783,"Johnstown, PA"
27782,"Johnstown, PA"
27781,"Johnstown, PA"
27780,"Johnstown, PA"
27260,"Jacksonville, FL"
27140,"Jackson, MS"
27100,"Jackson, MI"
26900,"Indianapolis-Carmel-Anderson, IN"
26900,"Indianapolis-Carmel-Anderson,"
26580,"Huntington-Ashland, WV-KY-OH"
26420,"Houston-The Woodlands-Sugar Land, TX"
26420,Houston-The Woodlands-Sugar La
25540,"Hartford-West Hartford-East Hartford, CT"
25540,Hartford-West Hartford-East Ha
25420,"Harrisburg-Carlisle, PA"
24660,"Greensboro-High Point, NC"
24340,"Grand Rapids-Wyoming, MI"
23844,"Gary, IN"
23420,"Fresno, CA"
23419,"Fresno, CA"
23104,"Fort Worth-Arlington, TX"
23060,"Fort Wayne, IN"
22420,"Flint, MI"
21780,"Evansville, IN-KY"
21500,"Erie, PA"
21340,"El Paso, TX"
21300,"Elmira, NY"
20994,"Elgin, IL"
20524,"Dutchess County-Putnam County, NY"
20500,"Durham-Chapel Hill, NC"
20260,"Duluth, MN-WI"
20220,"Dubuque, IA"
19820,"Detroit-Warren-Dearborn, MI"
19804,"Detroit-Dearborn-Livonia, MI"
19780,"Des Moines-West Des Moines, IA"
19740,"Denver-Aurora-Lakewood, CO"
19500,"Decatur, IL"
19380,"Dayton, OH"
19340,"Davenport-Moline-Rock Island, IA-IL"
19340,"Davenport-Moline-Rock Island,"
19124,"Dallas-Plano-Irving, TX"
19100,"Dallas-Fort Worth-Arlington, T"
18180,"Concord, NH"
18140,"Columbus, OH"
17980,"Columbus, GA-AL"
17900,"Columbia, SC"
17460,"Cleveland-Elyria, OH"
17140,"Cincinnati, OH-KY-IN"
16980,"Chicago-Naperville-Elgin, IL-I"
16974,"Chicago-Naperville-Arlington Heights, IL"
16860,"Chattanooga, TN-GA"
16740,"Charlotte-Concord-Gastonia, NC-SC"
16740,"Charlotte-Concord-Gastonia, NC"
16620,"Charleston, WV"
15940,"Canton-Massillon, OH"
15804,"Camden, NJ"
15764,"Cambridge-Newton-Framingham, MA"
15380,"Buffalo-Cheektowaga-Niagara Falls, NY"
15380,Buffalo-Cheektowaga-Niagara Fa
14860,"Bridgeport-Stamford-Norwalk, CT"
14860,"Bridgeport-Stamford-Norwalk, C"
14460,"Boston-Cambridge-Newton, MA-NH"
14454,"Boston, MA"
13820,"Birmingham-Hoover, AL"
13780,"Binghamton, NY"
13140,"Beaumont-Port Arthur, TX"
13020,"Bay City, MI"
12980,"Battle Creek, MI"
12580,"Baltimore-Columbia-Towson, MD"
12420,"Austin-Round Rock, TX"
12260,"Augusta-Richmond County, GA-SC"
12100,"Atlantic City-Hammonton, NJ"
12060,"Atlanta-Sandy Springs-Roswell, GA"
12060,"Atlanta-Sandy Springs-Roswell,"
11700,"Asheville, NC"
11100,"Amarillo, TX"
11020,"Altoona, PA"
10900,"Allentown-Bethlehem-Easton, PA-NJ"
10900,"Allentown-Bethlehem-Easton, PA"
10580,"Albany-Schenectady-Troy, NY"
10420,"Akron, OH"
0,0
