id,origin,month,day,hour,temp,wind_speed
w001,EWR,1,1,11,41,14.96014
w002,EWR,1,1,22,28.94,18.41248
w003,JFK,1,3,1,28.94,16.11092
w004,LGA,1,3,2,28.94,14.96014
w005,EWR,1,3,4,26.06,5.7539
w006,LGA,1,3,22,33.98,14.96014
w007,JFK,1,4,15,37.04,20.714039999999997
w008,LGA,1,5,1,35.06,13.809359999999998
w009,LGA,1,6,12,42.98,10.35702
w010,JFK,1,6,23,42.98,12.65858
w011,JFK,1,9,9,44.96,4.60312
w012,EWR,1,14,11,57.92,11.5078
w013,LGA,1,17,14,42.98,13.809359999999998
w014,EWR,1,18,9,28.94,16.11092
w015,EWR,1,26,7,17.06,6.904679999999999
w016,EWR,1,28,6,30.02,0
w017,LGA,1,29,21,37.94,8.05546
w018,JFK,1,30,23,51.08,31.07106
w019,LGA,2,4,4,26.06,24.166379999999997
w020,JFK,2,4,12,32,18.41248
w021,EWR,2,5,8,28.04,9.20624
w022,LGA,2,6,3,30.2,4.60312
w023,EWR,2,6,14,41,16.11092
w024,EWR,2,7,10,30.02,10.35702
w025,EWR,2,9,5,30.2,16.11092
w026,JFK,2,9,12,30.02,28.769499999999997
w027,LGA,2,11,18,42.8,4.60312
w028,EWR,2,13,6,30.02,3.4523399999999995
w029,LGA,2,13,23,35.6,11.5078
w030,LGA,2,15,4,37.94,8.05546
w031,EWR,2,18,14,37.04,13.809359999999998
w032,JFK,2,21,7,26.96,17.261699999999998
w033,EWR,2,21,12,35.06,19.56326
w034,JFK,2,22,2,26.96,13.809359999999998
w035,EWR,2,23,20,37.94,13.809359999999998
w036,LGA,2,24,7,37.94,13.809359999999998
w037,LGA,2,25,16,42.98,5.7539
w038,JFK,3,1,12,44.06,10.35702
w039,JFK,3,4,23,33.08,21.86482
w040,JFK,3,7,4,35.96,26.46794
w041,JFK,3,10,7,33.08,3.4523399999999995
w042,JFK,3,12,0,46.94,13.809359999999998
w043,JFK,3,13,5,39.02,10.35702
w044,EWR,3,13,12,50,11.5078
w045,LGA,3,16,18,33.8,8.05546
w046,EWR,3,17,2,33.08,5.7539
w047,LGA,3,17,10,33.08,14.96014
w048,EWR,3,19,14,42.08,9.20624
w049,LGA,3,23,15,44.06,19.56326
w050,EWR,3,26,18,48.02,9.20624
w051,JFK,3,27,15,51.08,20.714039999999997
w052,LGA,3,28,8,41,8.05546
w053,LGA,3,29,7,42.08,16.11092
w054,EWR,3,29,17,51.08,13.809359999999998
w055,JFK,3,30,9,50,8.05546
w056,JFK,3,30,15,53.96,11.5078
w057,JFK,3,31,9,48.02,5.7539
w058,LGA,3,31,20,46.4,17.261699999999998
w059,JFK,4,2,16,44.06,19.56326
w060,JFK,4,3,6,33.98,17.261699999999998
w061,LGA,4,4,20,44.96,10.35702
w062,LGA,4,6,0,42.08,20.714039999999997
w063,LGA,4,10,8,55.94,8.05546
w064,LGA,4,11,20,51.08,14.96014
w065,LGA,4,14,0,50,0
w066,EWR,4,16,4,48.92,4.60312
w067,JFK,4,16,5,48.02,8.05546
w068,JFK,4,16,17,55.04,26.46794
w069,LGA,4,17,3,62.6,9.20624
w070,LGA,4,17,20,60.98,5.7539
w071,EWR,4,18,3,53.06,6.904679999999999
w072,JFK,4,19,19,57.02,28.769499999999997
w073,JFK,4,26,5,48.02,0
w074,JFK,4,28,10,59,11.5078
w075,LGA,5,2,1,53.06,0
w076,LGA,5,4,21,50,9.20624
w077,LGA,5,7,13,64.94,11.5078
w078,JFK,5,7,16,66.92,11.5078
w079,EWR,5,7,20,62.96,5.7539
w080,LGA,5,7,22,64.04,6.904679999999999
w081,JFK,5,8,15,60.98,9.20624
w082,LGA,5,9,2,57.2,6.904679999999999
w083,EWR,5,9,10,57.2,6.904679999999999
w084,JFK,5,9,15,66.02,12.65858
w085,JFK,5,10,22,57.92,6.904679999999999
w086,JFK,5,11,7,60.08,18.41248
w087,EWR,5,13,12,55.94,18.41248
w088,EWR,5,15,9,62.06,11.5078
w089,JFK,5,16,13,73.04,11.5078
w090,EWR,5,18,15,60.98,5.7539
w091,LGA,5,19,9,57.92,9.20624
w092,EWR,5,22,2,73.04,9.20624
w093,EWR,5,24,19,48.92,16.11092
w094,LGA,5,26,9,57.02,19.56326
w095,EWR,5,27,19,69.98,12.65858
w096,EWR,5,28,1,60.98,4.60312
w097,EWR,5,28,8,66.02,3.4523399999999995
w098,LGA,5,29,15,80.06,10.35702
w099,LGA,5,31,16,87.98,11.5078
w100,EWR,5,31,22,82.04,10.35702
w101,EWR,6,5,4,55.04,5.7539
w102,EWR,6,6,1,60.98,3.4523399999999995
w103,EWR,6,6,9,66.92,4.60312
w104,EWR,6,6,14,68,12.65858
w105,EWR,6,7,13,64.04,10.35702
w106,JFK,6,9,13,75.02,14.96014
w107,EWR,6,11,7,71.96,11.5078
w108,EWR,6,12,10,73.04,13.809359999999998
w109,JFK,6,13,15,64.04,17.261699999999998
w110,EWR,6,14,10,60.98,11.5078
w111,LGA,6,14,18,71.06,14.96014
w112,LGA,6,16,7,69.98,5.7539
w113,LGA,6,17,20,80.06,8.05546
w114,LGA,6,18,21,66.92,13.809359999999998
w115,JFK,6,24,16,78.08,10.35702
w116,EWR,6,26,20,78.98,8.05546
w117,LGA,6,29,14,82.04,18.41248
w118,EWR,7,1,7,75.92,5.7539
w119,LGA,7,1,8,75.92,8.05546
w120,EWR,7,4,17,87.98,16.11092
w121,LGA,7,5,1,78.98,9.20624
w122,LGA,7,5,2,78.98,13.809359999999998
w123,EWR,7,6,20,89.06,6.904679999999999
w124,JFK,7,7,19,84.92,11.5078
w125,LGA,7,8,15,89.06,8.05546
w126,JFK,7,8,18,80.06,17.261699999999998
w127,LGA,7,9,8,80.96,0
w128,JFK,7,11,11,82.04,11.5078
w129,EWR,7,11,17,86,9.20624
w130,JFK,7,11,17,82.04,5.7539
w131,JFK,7,13,0,69.98,12.65858
w132,EWR,7,13,16,78.98,3.4523399999999995
w133,EWR,7,15,0,80.96,8.05546
w134,JFK,7,17,2,82.04,4.60312
w135,EWR,7,19,8,89.06,9.20624
w136,EWR,7,20,14,93.92,16.11092
w137,EWR,7,20,23,80.06,4.60312
w138,LGA,7,21,7,78.98,11.5078
w139,LGA,7,22,7,75.2,10.35702
w140,LGA,7,30,6,71.06,5.7539
w141,EWR,7,31,13,80.96,3.4523399999999995
w142,JFK,8,3,21,73.94,11.5078
w143,JFK,8,4,3,69.98,8.05546
w144,JFK,8,9,18,78.08,10.35702
w145,LGA,8,12,1,73.04,4.60312
w146,EWR,8,13,9,73.4,3.4523399999999995
w147,EWR,8,14,5,62.06,10.35702
w148,LGA,8,14,12,69.98,17.261699999999998
w149,LGA,8,17,16,78.98,6.904679999999999
w150,JFK,8,24,9,71.06,10.35702
w151,LGA,8,25,8,71.96,5.7539
w152,EWR,8,27,4,71.96,10.35702
w153,EWR,8,31,11,80.06,10.35702
w154,EWR,9,4,12,78.98,10.35702
w155,LGA,9,5,20,69.08,10.35702
w156,LGA,9,8,20,69.98,12.65858
w157,EWR,9,13,8,69.98,10.35702
w158,EWR,9,17,17,64.94,6.904679999999999
w159,JFK,9,20,17,69.08,11.5078
w160,LGA,9,20,22,66.02,10.35702
w161,JFK,9,21,5,59,4.60312
w162,JFK,9,23,0,55.04,11.5078
w163,EWR,9,23,22,55.04,9.20624
w164,EWR,9,24,23,59,5.7539
w165,JFK,9,25,10,64.94,6.904679999999999
w166,JFK,9,25,17,66.92,8.05546
w167,LGA,9,25,20,66.92,5.7539
w168,LGA,9,27,1,60.08,0
w169,EWR,9,28,2,57.92,8.05546
w170,JFK,9,29,5,55.94,5.7539
w171,LGA,9,29,8,60.98,4.60312
w172,EWR,10,2,8,68,8.05546
w173,EWR,10,3,15,80.06,3.4523399999999995
w174,LGA,10,4,13,84.92,11.5078
w175,EWR,10,5,12,71.96,5.7539
w176,LGA,10,6,4,64.94,6.904679999999999
w177,EWR,10,8,11,64.04,11.5078
w178,JFK,10,10,2,57.02,12.65858
w179,EWR,10,11,9,62.96,12.65858
w180,LGA,10,12,14,71.96,24.166379999999997
w181,LGA,10,15,15,68,8.05546
w182,JFK,10,15,16,64.04,12.65858
w183,JFK,10,16,14,64.94,4.60312
w184,EWR,10,16,17,64.04,6.904679999999999
w185,JFK,10,17,15,68,10.35702
w186,EWR,10,18,18,62.96,13.809359999999998
w187,LGA,10,21,5,53.96,0
w188,EWR,10,22,21,53.96,8.05546
w189,JFK,10,24,5,42.08,11.5078
w190,JFK,10,24,13,55.04,19.56326
w191,JFK,10,27,8,49.82,11.5078
w192,EWR,10,27,16,57.92,12.65858
w193,EWR,10,31,20,64.94,12.65858
w194,LGA,11,3,16,46.04,18.41248
w195,LGA,11,4,14,44.96,6.904679999999999
w196,JFK,11,4,21,39.92,5.7539
w197,EWR,11,5,17,51.98,5.7539
w198,JFK,11,5,17,51.08,4.60312
w199,LGA,11,7,19,48.02,20.714039999999997
w200,LGA,11,7,22,46.04,9.20624
w201,LGA,11,8,4,44.06,13.809359999999998
w202,JFK,11,9,23,48.92,14.96014
w203,JFK,11,10,8,48.92,14.96014
w204,LGA,11,10,18,51.08,23.0156
w205,LGA,11,11,7,44.06,8.05546
w206,LGA,11,11,9,46.04,9.20624
w207,LGA,11,11,18,51.98,14.96014
w208,EWR,11,12,1,50,8.05546
w209,LGA,11,12,19,35.06,17.261699999999998
w210,LGA,11,13,14,39.02,13.809359999999998
w211,EWR,11,14,0,32,6.904679999999999
w212,EWR,11,14,2,30.92,10.35702
w213,EWR,11,15,23,42.98,6.904679999999999
w214,JFK,11,16,5,46.94,4.60312
w215,EWR,11,16,10,55.04,4.60312
w216,LGA,11,17,21,57.02,9.20624
w217,LGA,11,19,20,39.92,14.96014
w218,EWR,11,22,17,55.94,6.904679999999999
w219,JFK,11,23,22,33.98,24.166379999999997
w220,JFK,11,23,23,32,17.261699999999998
w221,LGA,11,24,7,24.98,23.0156
w222,EWR,11,25,12,35.06,5.7539
w223,LGA,11,26,16,37.94,9.20624
w224,EWR,11,28,8,30.92,13.809359999999998
w225,LGA,12,2,17,42.98,6.904679999999999
w226,JFK,12,2,22,39.92,6.904679999999999
w227,LGA,12,6,3,53.6,8.05546
w228,EWR,12,8,8,30.02,6.904679999999999
w229,LGA,12,8,16,30.92,11.5078
w230,LGA,12,10,21,32,18.41248
w231,JFK,12,13,10,32,21.86482
w232,EWR,12,13,14,35.06,18.41248
w233,EWR,12,15,12,37.94,13.809359999999998
w234,JFK,12,18,20,33.98,14.96014
w235,JFK,12,20,17,42.98,6.904679999999999
w236,JFK,12,21,7,46.04,4.60312
w237,JFK,12,24,14,39.92,13.809359999999998
w238,JFK,12,26,9,35.06,0
w239,JFK,12,26,20,35.96,10.35702
w240,LGA,12,28,13,53.06,13.809359999999998
