from,to,weight
A32002,A32012,244
A32002,A32017,224
A32002,B32010,64
A32002,D32016,30
A32004,A32017,56
A32004,B32002,64
A32004,B32010,32
A32004,B32012,168
A32004,D32016,60
A32004,D32024,48
A32012,A32017,200
A32012,B32000,32
A32012,B32010,56
A32012,C32008,40
A32012,D32016,30
A32012,M32006,34
A32017,B32000,40
A32017,B32010,72
A32017,B32012,32
B32000,B32005,36
B32000,B32010,48
B32000,B32016,76
B32000,B32056,48
B32000,C32008,40
B32000,D32005,52
B32000,D32016,144
B32000,D32019,42
B32000,D32024,232
B32000,D32042,84
B32000,M32006,48
B32002,B32005,72
B32002,C32007,30
B32004,B32008,40
B32004,B32056,56
B32004,C32007,42
B32004,D32000,44
B32004,D32004,48
B32004,D32005,56
B32004,D32006,76
B32004,D32010,100
B32004,D32019,108
B32004,D32024,120
B32004,D32042,96
B32005,B32010,40
B32005,B32012,76
B32005,B32016,72
B32005,C32007,132
B32005,C32008,80
B32005,D32005,56
B32005,D32016,96
B32005,D32019,54
B32005,D32024,64
B32005,D32042,36
B32005,M32006,60
B32008,B32056,40
B32008,D32000,60
B32008,D32004,36
B32008,D32005,36
B32008,D32006,84
B32008,D32010,84
B32008,D32016,72
B32008,D32019,36
B32008,D32024,104
B32010,B32016,40
B32010,B32056,32
B32010,C32008,56
B32010,D32016,54
B32010,D32019,30
B32010,D32024,72
B32010,D32042,40
B32012,C32007,30
B32012,C32008,36
B32012,D32016,36
B32016,B32056,36
B32016,D32016,144
B32016,D32024,64
B32016,M32006,102
B32056,C32008,48
B32056,D32000,44
B32056,D32005,48
B32056,D32010,52
B32056,D32016,60
B32056,D32019,66
B32056,D32024,112
B32056,D32042,52
C32007,D32000,48
C32007,D32005,36
C32007,D32019,63
C32007,D32024,204
C32007,D32042,36
C32008,D32005,40
C32008,D32010,48
C32008,D32016,72
C32008,D32019,78
C32008,D32024,208
C32008,D32042,96
D32000,D32006,48
D32000,D32010,64
D32000,D32016,90
D32000,D32019,48
D32000,D32024,56
D32004,D32006,72
D32004,D32010,84
D32004,D32019,42
D32004,D32024,32
D32004,D32042,80
D32005,D32010,40
D32005,D32016,54
D32005,D32024,32
D32005,D32042,88
D32006,D32010,128
D32006,D32024,56
D32006,D32042,60
D32010,D32016,48
D32010,D32019,108
D32010,D32024,80
D32016,D32019,36
D32016,D32024,360
D32016,D32042,114
D32016,M32006,57
D32019,D32042,126
D32024,D32042,280
