committee_id,member_id,weight,committee_romaji
committee_1,name_1,1,3.11 Shinsai Densho- Kenkyu-kai
committee_1,name_10,1,3.11 Shinsai Densho- Kenkyu-kai
committee_1,name_11,1,3.11 Shinsai Densho- Kenkyu-kai
committee_1,name_12,1,3.11 Shinsai Densho- Kenkyu-kai
committee_1,name_13,1,3.11 Shinsai Densho- Kenkyu-kai
committee_1,name_2,1,3.11 Shinsai Densho- Kenkyu-kai
committee_1,name_3,1,3.11 Shinsai Densho- Kenkyu-kai
committee_1,name_4,1,3.11 Shinsai Densho- Kenkyu-kai
committee_1,name_5,1,3.11 Shinsai Densho- Kenkyu-kai
committee_1,name_6,1,3.11 Shinsai Densho- Kenkyu-kai
committee_1,name_7,1,3.11 Shinsai Densho- Kenkyu-kai
committee_1,name_8,1,3.11 Shinsai Densho- Kenkyu-kai
committee_1,name_9,1,3.11 Shinsai Densho- Kenkyu-kai
committee_32,name_1,1,(Naikakufu Chu-o- Bo-sai Kaigi To-hokuchiho- Taiheiyo-oki Jishin wo Kyo-kun to shita Jishin Tsunami Taisaku ni kansuru Senmon Cho-sakai
committee_32,name_533,1,(Naikakufu Chu-o- Bo-sai Kaigi To-hokuchiho- Taiheiyo-oki Jishin wo Kyo-kun to shita Jishin Tsunami Taisaku ni kansuru Senmon Cho-sakai
committee_32,name_534,1,(Naikakufu Chu-o- Bo-sai Kaigi To-hokuchiho- Taiheiyo-oki Jishin wo Kyo-kun to shita Jishin Tsunami Taisaku ni kansuru Senmon Cho-sakai
committee_32,name_535,1,(Naikakufu Chu-o- Bo-sai Kaigi To-hokuchiho- Taiheiyo-oki Jishin wo Kyo-kun to shita Jishin Tsunami Taisaku ni kansuru Senmon Cho-sakai
committee_32,name_536,1,(Naikakufu Chu-o- Bo-sai Kaigi To-hokuchiho- Taiheiyo-oki Jishin wo Kyo-kun to shita Jishin Tsunami Taisaku ni kansuru Senmon Cho-sakai
committee_32,name_537,1,(Naikakufu Chu-o- Bo-sai Kaigi To-hokuchiho- Taiheiyo-oki Jishin wo Kyo-kun to shita Jishin Tsunami Taisaku ni kansuru Senmon Cho-sakai
committee_32,name_538,1,(Naikakufu Chu-o- Bo-sai Kaigi To-hokuchiho- Taiheiyo-oki Jishin wo Kyo-kun to shita Jishin Tsunami Taisaku ni kansuru Senmon Cho-sakai
committee_32,name_539,1,(Naikakufu Chu-o- Bo-sai Kaigi To-hokuchiho- Taiheiyo-oki Jishin wo Kyo-kun to shita Jishin Tsunami Taisaku ni kansuru Senmon Cho-sakai
committee_32,name_540,1,(Naikakufu Chu-o- Bo-sai Kaigi To-hokuchiho- Taiheiyo-oki Jishin wo Kyo-kun to shita Jishin Tsunami Taisaku ni kansuru Senmon Cho-sakai
committee_32,name_541,1,(Naikakufu Chu-o- Bo-sai Kaigi To-hokuchiho- Taiheiyo-oki Jishin wo Kyo-kun to shita Jishin Tsunami Taisaku ni kansuru Senmon Cho-sakai
committee_32,name_542,1,(Naikakufu Chu-o- Bo-sai Kaigi To-hokuchiho- Taiheiyo-oki Jishin wo Kyo-kun to shita Jishin Tsunami Taisaku ni kansuru Senmon Cho-sakai
committee_32,name_543,1,(Naikakufu Chu-o- Bo-sai Kaigi To-hokuchiho- Taiheiyo-oki Jishin wo Kyo-kun to shita Jishin Tsunami Taisaku ni kansuru Senmon Cho-sakai
committee_32,name_544,1,(Naikakufu Chu-o- Bo-sai Kaigi To-hokuchiho- Taiheiyo-oki Jishin wo Kyo-kun to shita Jishin Tsunami Taisaku ni kansuru Senmon Cho-sakai
committee_32,name_545,1,(Naikakufu Chu-o- Bo-sai Kaigi To-hokuchiho- Taiheiyo-oki Jishin wo Kyo-kun to shita Jishin Tsunami Taisaku ni kansuru Senmon Cho-sakai
committee_32,name_546,1,(Naikakufu Chu-o- Bo-sai Kaigi To-hokuchiho- Taiheiyo-oki Jishin wo Kyo-kun to shita Jishin Tsunami Taisaku ni kansuru Senmon Cho-sakai
committee_32,name_547,1,(Naikakufu Chu-o- Bo-sai Kaigi To-hokuchiho- Taiheiyo-oki Jishin wo Kyo-kun to shita Jishin Tsunami Taisaku ni kansuru Senmon Cho-sakai
committee_32,name_548,1,(Naikakufu Chu-o- Bo-sai Kaigi To-hokuchiho- Taiheiyo-oki Jishin wo Kyo-kun to shita Jishin Tsunami Taisaku ni kansuru Senmon Cho-sakai
committee_33,name_504,1,Higashinihon Shinsai Fukko Ko-so- Kaigi
committee_33,name_533,1,Higashinihon Shinsai Fukko Ko-so- Kaigi
committee_33,name_549,1,Higashinihon Shinsai Fukko Ko-so- Kaigi
committee_33,name_550,1,Higashinihon Shinsai Fukko Ko-so- Kaigi
committee_33,name_551,1,Higashinihon Shinsai Fukko Ko-so- Kaigi
committee_33,name_552,1,Higashinihon Shinsai Fukko Ko-so- Kaigi
committee_33,name_553,1,Higashinihon Shinsai Fukko Ko-so- Kaigi
committee_33,name_554,1,Higashinihon Shinsai Fukko Ko-so- Kaigi
committee_33,name_555,1,Higashinihon Shinsai Fukko Ko-so- Kaigi
committee_33,name_556,1,Higashinihon Shinsai Fukko Ko-so- Kaigi
committee_33,name_557,1,Higashinihon Shinsai Fukko Ko-so- Kaigi
committee_33,name_558,1,Higashinihon Shinsai Fukko Ko-so- Kaigi
committee_33,name_559,1,Higashinihon Shinsai Fukko Ko-so- Kaigi
committee_33,name_560,1,Higashinihon Shinsai Fukko Ko-so- Kaigi
committee_33,name_561,1,Higashinihon Shinsai Fukko Ko-so- Kaigi
committee_33,name_562,1,Higashinihon Shinsai Fukko Ko-so- Kaigi
committee_34,name_1,1,Higashinihon Daishinsai Fukko Ko-so- Kaigi Kento- Bukai
committee_34,name_450,1,Higashinihon Daishinsai Fukko Ko-so- Kaigi Kento- Bukai
committee_34,name_507,1,Higashinihon Daishinsai Fukko Ko-so- Kaigi Kento- Bukai
committee_34,name_563,1,Higashinihon Daishinsai Fukko Ko-so- Kaigi Kento- Bukai
committee_34,name_564,1,Higashinihon Daishinsai Fukko Ko-so- Kaigi Kento- Bukai
committee_34,name_565,1,Higashinihon Daishinsai Fukko Ko-so- Kaigi Kento- Bukai
committee_34,name_566,1,Higashinihon Daishinsai Fukko Ko-so- Kaigi Kento- Bukai
committee_34,name_567,1,Higashinihon Daishinsai Fukko Ko-so- Kaigi Kento- Bukai
committee_34,name_568,1,Higashinihon Daishinsai Fukko Ko-so- Kaigi Kento- Bukai
committee_34,name_569,1,Higashinihon Daishinsai Fukko Ko-so- Kaigi Kento- Bukai
committee_34,name_570,1,Higashinihon Daishinsai Fukko Ko-so- Kaigi Kento- Bukai
committee_34,name_571,1,Higashinihon Daishinsai Fukko Ko-so- Kaigi Kento- Bukai
committee_34,name_572,1,Higashinihon Daishinsai Fukko Ko-so- Kaigi Kento- Bukai
committee_34,name_573,1,Higashinihon Daishinsai Fukko Ko-so- Kaigi Kento- Bukai
committee_34,name_574,1,Higashinihon Daishinsai Fukko Ko-so- Kaigi Kento- Bukai
committee_34,name_575,1,Higashinihon Daishinsai Fukko Ko-so- Kaigi Kento- Bukai
committee_34,name_576,1,Higashinihon Daishinsai Fukko Ko-so- Kaigi Kento- Bukai
committee_34,name_577,1,Higashinihon Daishinsai Fukko Ko-so- Kaigi Kento- Bukai
committee_34,name_578,1,Higashinihon Daishinsai Fukko Ko-so- Kaigi Kento- Bukai
committee_35,name_1,1,Kokudo Ko-tsu-sho- Kaigan ni okeru Tsunami Taisaku Kento- Iinkai
committee_35,name_398,1,Kokudo Ko-tsu-sho- Kaigan ni okeru Tsunami Taisaku Kento- Iinkai
committee_35,name_536,1,Kokudo Ko-tsu-sho- Kaigan ni okeru Tsunami Taisaku Kento- Iinkai
committee_35,name_540,1,Kokudo Ko-tsu-sho- Kaigan ni okeru Tsunami Taisaku Kento- Iinkai
committee_35,name_579,1,Kokudo Ko-tsu-sho- Kaigan ni okeru Tsunami Taisaku Kento- Iinkai
committee_35,name_580,1,Kokudo Ko-tsu-sho- Kaigan ni okeru Tsunami Taisaku Kento- Iinkai
committee_35,name_581,1,Kokudo Ko-tsu-sho- Kaigan ni okeru Tsunami Taisaku Kento- Iinkai
committee_35,name_582,1,Kokudo Ko-tsu-sho- Kaigan ni okeru Tsunami Taisaku Kento- Iinkai
committee_35,name_583,1,Kokudo Ko-tsu-sho- Kaigan ni okeru Tsunami Taisaku Kento- Iinkai
committee_35,name_584,1,Kokudo Ko-tsu-sho- Kaigan ni okeru Tsunami Taisaku Kento- Iinkai
committee_35,name_585,1,Kokudo Ko-tsu-sho- Kaigan ni okeru Tsunami Taisaku Kento- Iinkai
committee_35,name_586,1,Kokudo Ko-tsu-sho- Kaigan ni okeru Tsunami Taisaku Kento- Iinkai
committee_35,name_587,1,Kokudo Ko-tsu-sho- Kaigan ni okeru Tsunami Taisaku Kento- Iinkai
committee_35,name_588,1,Kokudo Ko-tsu-sho- Kaigan ni okeru Tsunami Taisaku Kento- Iinkai
committee_35,name_589,1,Kokudo Ko-tsu-sho- Kaigan ni okeru Tsunami Taisaku Kento- Iinkai
committee_35,name_590,1,Kokudo Ko-tsu-sho- Kaigan ni okeru Tsunami Taisaku Kento- Iinkai
committee_35,name_591,1,Kokudo Ko-tsu-sho- Kaigan ni okeru Tsunami Taisaku Kento- Iinkai
committee_35,name_592,1,Kokudo Ko-tsu-sho- Kaigan ni okeru Tsunami Taisaku Kento- Iinkai
committee_35,name_593,1,Kokudo Ko-tsu-sho- Kaigan ni okeru Tsunami Taisaku Kento- Iinkai
committee_35,name_594,1,Kokudo Ko-tsu-sho- Kaigan ni okeru Tsunami Taisaku Kento- Iinkai
committee_35,name_595,1,Kokudo Ko-tsu-sho- Kaigan ni okeru Tsunami Taisaku Kento- Iinkai
committee_35,name_596,1,Kokudo Ko-tsu-sho- Kaigan ni okeru Tsunami Taisaku Kento- Iinkai
committee_35,name_597,1,Kokudo Ko-tsu-sho- Kaigan ni okeru Tsunami Taisaku Kento- Iinkai
committee_35,name_598,1,Kokudo Ko-tsu-sho- Kaigan ni okeru Tsunami Taisaku Kento- Iinkai
committee_35,name_599,1,Kokudo Ko-tsu-sho- Kaigan ni okeru Tsunami Taisaku Kento- Iinkai
