id,union_sq,city_hall,borough_hall,williamsburg,lic
1,10.77,4.52,2.86,12.12,18.87
2,11.08,4.83,2.28,12.29,19.05
3,10.79,4.54,2.54,11.99,18.74
4,10.99,5.06,1.87,12.13,18.94
5,11.63,5.38,2.16,12.85,19.6
6,11.55,5.3,2,12.69,19.5
7,12.26,6.01,1.52,13.22,20.2
8,12.43,6.18,1.86,13.85,20.6
9,12.12,5.86,2.22,13.53,20.29
10,12.17,6,1.73,13.07,20.12
11,12.02,5.85,1.57,12.92,19.97
12,12.77,6.52,1.65,13.73,20.72
13,11.56,5.88,1.08,11.87,19.5
14,12.4,6.46,1.05,13.12,20.35
15,12.94,6.68,2.15,14.3,21.11
16,12.83,6.58,1.57,13.71,20.78
17,13.23,7.37,1.49,13.64,21.18
18,12.3,6.74,0.24,12.61,20.25
19,12.84,7.28,0.78,13.15,20.78
20,12.63,7.33,1.07,12.35,20.19
21,11.03,6.18,2.15,11.09,18.93
22,9.84,4.49,3.24,11.04,17.79
23,9.41,4.88,3.16,10.53,17.28
24,10.26,5.98,4.49,10.73,18.13
25,10.32,5.57,3.27,10.3,18.14
26,11.23,6.53,4.51,9.94,17.79
27,10.84,6.09,3.14,9.62,17.47
28,12.3,7.55,3.25,9.82,17.67
29,12.9,8.15,3.74,9.5,17.35
30,14.6,9.85,5.09,9.17,17.01
31,14.96,10.21,4.64,10.3,18.15
32,14.33,9.58,4.82,9.67,17.51
33,13.57,8.82,4.88,8.46,16.31
34,12.97,8.22,4.36,8.45,16.29
35,13.18,8.43,4.06,9.44,17.29
36,13.67,8.92,4.16,9.39,17.24
37,13.97,9.22,5.29,8.09,15.93
38,14.64,10.59,6.66,8.02,15.14
39,14.63,10.16,6.22,8.01,15.45
40,14.36,9.61,5.67,7.87,15.71
41,15.37,11.06,6.4,8.74,16.01
42,15.44,11.8,7.13,8.82,15.94
43,16.05,11.63,6.91,9.42,16.55
44,15.34,10.86,6.15,8.71,16.5
45,15.18,10.7,5.95,8.55,16.4
46,15.26,10.51,5.75,8.75,16.6
47,15.06,10.31,5.55,8.83,16.68
48,12.27,7.52,4.35,8.62,16.47
49,13.16,8.41,5.24,7.84,15.68
50,15.81,12.6,7.93,9.11,16.01
51,15.74,12.54,7.87,9.04,15.95
52,16.08,13.14,8.48,9.29,15.79
53,16.77,13.83,8.35,9.98,16.84
54,16.07,13.57,8.9,9.1,15.46
55,16.8,14.63,9.93,9.16,15.39
56,17.41,15.23,9.75,9.76,16
57,15.23,13.39,9.96,7.59,13.82
58,16.02,13.89,9.59,8.38,14.61
59,15.77,13.64,9.71,8.12,14.36
60,15.78,14.19,10.37,7.97,13.71
61,15.21,13.62,10.19,7.4,13.42
62,16.4,14.49,9.82,8.59,14.61
63,16.3,14.42,10.12,8.49,14.51
64,17.34,15.74,11.05,9.39,14.97
65,17.74,16.13,10.66,9.79,15.37
66,17.68,15.75,9.92,9.87,15.89
67,17.15,14.97,9.49,9.51,15.74
68,17.09,15.16,10.47,9.27,15.29
69,18.33,16.92,11.08,10.38,15.38
70,18.73,17.21,11.22,10.77,15.77
71,18.14,16.96,12.04,10.18,15.18
72,18.53,17.35,12.04,10.58,15.58
73,17.74,16.13,10.66,9.79,15.37
74,17.15,15.75,11.08,9.2,14.2
75,17.15,15.75,11.08,9.19,14.19
76,17.35,15.94,11.28,9.39,14.39
77,16.22,15.04,11.32,8.27,13.27
78,17.14,15.74,11.08,9.19,14.19
79,17.3,16.12,12.23,9.35,14.35
80,17.82,16.64,12.47,9.87,14.87
81,18.18,17.01,12.44,10.23,15.23
82,18.78,17.6,12.28,10.82,15.82
83,18.38,17.2,12.24,10.43,15.43
84,18.38,17.2,12.24,10.43,15.43
85,18.88,17.7,12.37,10.92,15.92
86,19.37,18.19,12.62,11.42,16.42
87,16.4,15.22,11.95,8.45,13.17
88,16.83,15.65,11.89,8.88,13.88
89,17.67,16.49,12.53,9.72,14.17
90,17.41,16.23,12.98,9.46,13.74
91,18.39,17.21,13.03,10.44,14.92
92,18.01,16.83,12.65,10.06,15.06
93,18.36,17.19,13.76,10.41,14.47
94,17.99,16.81,13.56,10.03,14.09
95,17.66,16.48,13.9,9.03,13.01
96,15.81,14.7,14.45,5.57,8.11
97,15.61,14.5,14.25,5.57,8.82
98,16.2,15.09,14.58,6.16,10.13
99,15.97,14.86,14.31,6.55,10.52
100,15.99,14.88,14.33,6.12,10.1
101,15.98,14.86,13.65,7.35,11.32
102,17,15.82,13.21,9,12.97
103,15.81,14.63,12.01,7.85,12.12
104,16.66,15.48,12.57,8.71,12.7
105,16.32,15.14,11.89,8.37,13.09
106,14.25,13.07,10.65,6.29,12.12
107,15.58,14.41,11.52,7.63,12.39
108,15.61,14.44,11.67,7.66,12.16
109,15.08,13.9,11.28,7.12,12.06
110,15.3,14.19,13.64,5.89,9.86
111,14.73,13.61,13.07,5.44,9.64
112,14.38,13.27,12.72,5.09,9.73
113,15.01,13.9,13.65,4.85,7.95
114,15.36,14.25,13.95,5.32,8.99
115,14.7,13.6,13.3,4.66,8.99
116,15.38,14.28,14.41,4.68,6.81
117,15.27,14.17,13.97,4.71,7.57
118,14.71,13.6,13.35,4.67,8.58
119,14.21,13.1,12.8,4.16,8.95
120,13.92,12.81,12.56,3.88,9.01
121,14.14,13.03,12.57,4.56,9.65
122,13.78,12.66,12,5.02,10.11
123,13.8,12.69,12.23,4.23,9.84
124,14.34,13.23,12.08,5.77,10.42
125,14.33,13.2,11.73,6.08,10.72
126,14.66,13.48,11.61,6.55,11.19
127,14.92,13.62,10.26,7.11,13.17
128,14.14,12.96,10.12,6.19,12.42
129,14.14,12.96,10.1,6.39,12.63
130,14.15,12.97,10.87,6.18,11.79
131,13.71,12.58,11.11,5.47,11.07
132,13.62,12.51,11.37,5.08,10.69
133,13.41,12.29,11.84,3.88,10.12
134,13.62,12.51,11.84,4.87,10.48
135,12.89,11.77,11.37,3.78,10.14
136,12.51,11.4,11.09,3.68,10.27
137,14.32,13.22,13.26,3.76,8.05
138,13.85,12.76,12.89,3.16,8.21
139,13.58,12.49,12.86,2.79,7.88
140,13.36,12.26,12.39,2.8,8.8
141,12.84,11.74,11.87,2.28,9.42
142,12.48,11.37,11.14,3.14,10.29
143,11.93,10.82,10.59,3.65,10.8
144,11.51,10.41,10.54,3.63,10.88
145,11.13,10.03,10.16,3.73,11.06
146,11.64,10.54,10.67,3.05,10.38
147,12.14,11.03,10.8,3.49,10.64
148,11.48,10.3,9.7,4.36,11.51
149,11.31,10.13,9.28,4.42,11.75
150,13.02,11.91,10.75,4.82,11.06
151,12.7,11.57,10.48,5.01,11.25
152,12.98,11.8,10.42,5.19,11.43
153,12.21,11.03,10.07,4.9,11.55
154,12,10.87,10.28,4.31,10.94
155,12.42,11.29,10.49,4.73,11.14
156,12.38,11.27,10.62,4.5,10.9
157,13.39,12.21,9.8,6.05,12.28
158,13.01,11.83,9.91,5.7,11.96
159,12.39,11.21,9.74,5.08,11.72
160,13.57,12.3,8.94,6.6,13.37
161,13.56,11.82,8.46,6.76,13.62
162,13.15,11.97,9.01,6.18,12.95
163,13.16,11.99,9.55,5.89,12.56
164,12.66,11.48,9.01,5.69,12.45
165,12.33,11.15,9.34,5.39,12.4
166,12.55,11.37,8.86,5.75,12.92
167,12.18,10.99,8.94,5.38,12.76
168,11.67,10.49,8.93,4.78,12.11
169,13.26,11.5,8.14,6.46,13.32
170,13.77,11.11,7.75,7.15,14.13
171,12.76,11.44,8.08,6.14,13.98
172,12.89,11.71,8.38,6.18,13.79
173,11.96,10.78,7.97,5.26,13.11
174,11.3,10.12,7.94,4.68,12.52
175,11.45,10.26,8.28,4.74,12.59
176,11.69,10.51,8.45,4.89,12.27
177,12.12,10.94,8.19,5.32,12.7
178,12.27,11.09,8.26,5.57,13.41
179,11.19,10.01,8.75,4.46,12.28
180,11.15,9.97,8.81,4.35,11.73
181,10.52,9.34,8.84,3.79,11.64
182,10.53,9.35,9.29,3.8,11.62
183,9.88,8.7,9.63,3.14,10.99
184,10.52,9.44,10.41,2.45,10.3
185,11.15,10.05,10.43,2.99,10.37
186,11.15,10.06,10.43,2.99,10.37
187,10.65,9.56,9.93,3.3,10.68
188,12.45,11.36,11.73,1.66,9.04
189,11.62,10.52,10.9,2.18,9.56
190,12.22,11.12,11.95,1.32,9.12
191,11.42,10.34,11.69,0.99,8.84
192,12.13,11.05,12.39,0.91,8
193,12.71,11.63,12.97,1.49,7.44
194,14.07,12.99,14.34,2.86,6.48
195,14.57,13.49,14.84,3.36,5.9
196,14.67,13.59,14.87,3.46,5.74
197,13.98,12.9,13.86,2.87,7.08
198,14.77,13.94,15.29,3.81,5.53
199,14.04,15.01,16.35,4.87,4.8
200,14.41,14.63,15.97,4.49,5.18
201,14.54,13.44,13.97,3.64,6.7
202,14.2,13.12,14.08,3.09,6.94
203,15.35,14.59,15.47,4.57,6.11
204,15.67,14.57,15.1,4.77,6.64
205,15.46,14.36,14.49,4.57,6.51
206,15.14,14.06,14.93,4.03,6.01
207,14.6,14.65,15.94,4.52,5.36
208,15.06,14.27,15.14,4.24,5.83
209,14.54,13.9,15.19,3.77,5.3
210,12.53,16.27,17.62,6.14,3.29
211,13.57,15.3,16.65,5.17,4.33
212,13.67,15.16,16.5,5.02,4.43
213,14.04,14.82,16.16,4.68,4.8
214,16.66,15.57,15.43,5.97,8.03
215,16.41,15.31,15.27,5.71,7.77
216,16.06,14.95,14.72,5.56,7.69
217,16.15,15.06,15.18,5.46,7.52
218,17.18,16.13,16.36,6.33,7.94
219,16.93,15.87,16.27,6.07,7.69
220,14.34,11.12,7.19,7.72,14.84
221,14.7,11.54,7.61,8,14.87
222,15,12.1,8.17,8.2,14.7
223,7.18,4.24,7.05,7.33,13.9
224,8.16,4.96,6.73,7.18,14.19
225,7.35,4.98,7.94,6.54,13.38
226,8.05,4.91,7.24,6.83,14.09
227,8.19,5.7,7.71,6.12,13.96
228,8.45,6.32,8.14,5.57,13.42
229,7.02,3.67,6.51,8,14.57
230,7.58,3.78,5.84,8.29,15.08
231,6.92,3.73,6.85,7.58,14
232,7.11,3.84,6.68,7.55,14.12
233,7.85,4.13,6.19,7.98,14.76
234,8.11,4.61,6.28,7.6,14.8
235,8.84,1.67,7.67,12.57,18.19
236,9.29,2.12,7.55,12.64,18.51
237,6.35,2.16,6.88,9.51,15.15
238,6.74,2.16,6.59,9.42,15.51
239,6.93,2.35,6.43,9.58,15.69
240,6.81,2.22,6.3,9.46,15.56
241,7.13,3.08,5.68,9.2,15.39
242,6.64,2.78,5.46,8.61,14.74
243,9.91,2.75,8,13.12,19.05
244,7.61,6.37,8.83,5.06,12.9
245,6.28,6.48,9.44,6.39,12.32
246,6.75,6.3,9.26,6.21,12.78
247,6.46,5.14,8.1,6.2,12.49
248,6.91,5.59,8.55,5.95,12.94
249,7.21,5.83,8.79,5.58,13.25
250,9.34,2.48,8.64,13.48,19.09
251,10.26,3.4,9.39,14.4,20.01
252,7.13,3.95,7.06,7.79,14.22
253,7.32,4.48,7.55,6.95,13.37
254,5.73,4.84,8.03,6.92,13.16
255,6.12,5.4,8.59,6.61,12.81
256,7.93,0.75,6.7,11.39,17.26
257,7.93,0.93,6.36,11.05,16.92
258,8.19,1.86,5.41,10.63,17.04
259,8.35,1.32,7.52,12.22,17.83
260,8.4,1.23,6.88,11.76,17.62
261,8.63,1.62,6.61,11.69,17.62
262,5.56,2.81,6.7,8.91,14.18
263,5.36,3.71,7.38,8.51,13.32
264,5.87,2.92,6.59,8.54,13.84
265,6.2,3.69,7.01,8.36,13.77
266,6.3,3.22,6.53,8.3,13.87
267,5.81,3.98,7.29,7.98,13.38
268,5.28,4.44,7.76,7.5,12.85
269,5.31,4.56,7.88,7.53,12.89
270,4.89,4.26,7.93,8.03,12.78
271,4.43,3.93,7.86,8.31,13.03
272,5.09,3.94,7.61,8.23,13.02
273,4.81,4.14,7.8,7.99,12.75
274,6.25,7.91,10.21,6.16,11.51
275,5.72,7.37,10.33,7.13,11.67
276,6.34,7.26,10.2,6.15,12.12
277,7.27,1.5,7.74,12.16,17.07
278,7.75,0.98,7.46,12,17.55
279,5.36,6.55,9.58,7.37,11.69
280,5.56,6.18,9.37,7.37,12.26
281,5.74,6.01,8.97,6.88,11.78
282,6.15,6.42,9.38,6.6,12.18
283,5.24,6.42,9.38,7.06,11.28
284,4.71,9.15,12.11,8.52,10.12
285,7.61,1.53,5.6,10.51,16.46
286,7.18,2.6,6.06,9.67,15.86
287,7.69,2.06,5.28,9.74,16.36
288,5.67,7.56,10.52,7.31,11.48
289,5.38,7.48,10.44,8.12,11.2
290,4.66,7.76,10.72,8.11,10.39
291,4.2,7.51,10.7,8.47,11.1
292,6.53,1.62,6.27,9.71,15.38
293,3.65,8.87,12.06,9.73,10.22
294,3.72,8.95,12.14,9.81,10.3
295,4.34,8.11,11.07,8.36,10.01
296,4.18,8.58,11.54,8.23,9.74
297,4.31,5.61,8.92,8.44,11.89
298,4.65,5.25,8.56,8.21,12.22
299,4.83,6.14,9.33,7.92,12.24
300,5.18,5.77,8.96,7.68,12.58
301,4.85,6.15,9.34,7.93,12.25
302,4.25,5.66,8.98,8.47,11.82
303,5.61,1.81,7.86,10.52,15.15
304,3.5,7.2,10.39,9.17,10.76
305,3.83,6.85,10.04,8.82,11.14
306,4,6.65,9.84,8.9,11.31
307,4.06,6.49,9.68,8.74,11.51
308,4.22,6.31,9.5,8.56,11.71
309,4.55,7.13,10.32,8.38,11.44
310,4.09,7.68,10.87,8.64,10.89
311,6.17,2.41,8.51,11.51,15.98
312,5.88,3.11,9.21,11.69,16.1
313,6.48,1.78,7.89,11.51,16.29
314,2.84,8.15,11.34,10.01,9.84
315,3.66,8.22,11.41,9.09,10.35
316,2.61,7.45,10.83,10.14,9.72
317,2.83,8.13,11.32,9.99,9.83
318,4.16,4.85,8.51,8.61,12.02
319,4.17,4.86,8.52,8.62,12.03
320,3.8,4.66,8.59,8.96,12.34
321,3.86,5.8,9.18,8.87,11.38
322,3.3,5.23,9.16,9.28,11.83
323,5.64,4.92,10.99,12.44,15.9
324,4.73,5.02,11.02,12.15,14.99
325,5.14,4.15,10.15,11.51,15.36
326,2.09,6.22,10.66,10.34,11.14
327,2.26,6.04,10.49,10.16,11.32
328,2.98,5.95,9.88,9.77,11.38
329,3.71,6.01,9.39,9.08,11.2
330,2.86,6.16,10.09,9.98,11.23
331,2.78,6.36,10.29,9.9,11.05
332,2.45,6.71,10.64,10.24,10.68
333,6.33,4.23,10.34,12.43,16.55
334,7.02,3.43,9.54,12.72,17.17
335,6.79,2.7,8.8,12.29,16.87
336,7.48,2.58,8.69,12.7,17.5
337,4.29,3.62,8.16,8.73,13.41
338,5.31,3.09,7.48,9.63,14.41
339,5.34,2.91,7.65,9.8,14.58
340,5.18,2.73,7.84,9.98,14.72
341,5.18,2.52,7.96,10.12,14.72
342,4.16,3.26,8.49,9.09,13.7
343,1.4,6.04,10.89,10.82,10.77
344,0.91,6.69,11.58,11.62,10.8
345,3.53,4.26,9.49,10,13.08
346,3.94,4.23,8.51,9.02,13.06
347,3.56,3.77,9.33,9.84,13.1
348,4.32,9.4,12.36,9.66,8.94
349,4.01,9.1,12.06,9.35,9.01
350,2.83,8.47,11.66,10.32,9.73
351,2.44,8.61,11.99,11.29,8.51
352,4.16,10,12.96,9.83,7.96
353,4.1,10.26,13.32,10.2,8.32
354,2.82,8.98,12.36,11.35,8.17
355,4.77,2.87,8.67,10.11,14.31
356,4.49,4.46,10.37,10.95,14.72
357,5.08,3.43,9.25,10.81,14.92
358,1.75,8.34,12.92,12.44,9.08
359,1.57,8.15,12.39,11.89,8.98
360,1.11,7.69,12.27,12.1,9.51
361,1.21,7.79,12.03,11.53,9.36
362,1.61,8.01,11.9,11.2,9.17
363,2.02,8.43,12.32,11.62,8.85
364,3.97,4.45,10.11,10.62,13.77
365,4.7,4.43,10.44,11.15,14.92
366,4.3,4.81,10.82,11.37,14.53
367,0.76,7.93,12.82,12.86,9.94
368,0.58,7.6,12.49,12.31,10.11
369,0.94,7.52,12.1,11.92,9.73
370,0.93,7.96,12.84,12.67,9.72
371,1.54,8.53,13.11,12.29,8.92
372,0.85,8.02,12.91,12.95,10.39
373,1.31,8.48,13.37,13.41,10.85
374,2.51,9.04,14.57,14.61,11.42
375,2.22,8.31,14.02,14.06,12.15
376,2.22,8.31,14.02,14.06,12.15
377,2.65,5.42,10.7,10.81,12.46
378,2.66,5.84,11.12,11.24,12.88
379,3.77,5,10.66,11.12,13.62
380,2.65,5.47,9.86,9.97,11.89
381,2.73,4.55,9.97,10.2,12.27
382,2.52,9.69,14.58,13.92,8.68
383,2.17,9.35,14.23,13.7,9.11
384,1.6,8.78,13.66,13.58,9.91
385,1.44,6.05,10.97,11.01,11.04
386,1.93,5.82,11.03,11.15,11.73
387,2.82,9.99,14.88,14.63,9.15
388,1.97,7.15,12.22,12.26,12.25
389,1.89,6.52,11.74,11.85,12.16
390,2.09,6.05,11.26,11.38,11.96
391,1.73,6.25,11.29,11.33,11.62
392,1.89,6.41,11.45,11.49,11.79
393,4.27,10.44,13.74,10.6,7.24
394,3.48,9.65,13.02,10.67,8.49
395,4.45,10.48,13.44,10.31,7.58
396,1.06,7.31,12.21,12.25,11.34
397,1.28,7.21,12.12,12.16,11.56
398,0.74,6.79,11.7,11.74,10.92
399,5.63,11.82,15.2,12.99,6.74
400,4.85,11.03,14.41,11.32,6.32
401,2.2,7.88,13.68,13.72,12.48
402,2.56,7.49,13.4,13.44,12.85
403,2.6,6.83,12.54,12.58,12.87
404,2.42,6.65,12.36,12.4,12.7
405,2.47,6.49,12.29,12.41,12.74
406,2.48,9.07,13.65,12.52,8.32
407,2.09,8.68,13.26,12.43,8.71
408,2.45,8.85,12.9,11.75,8.42
409,2.64,9.05,13.1,11.95,8.26
410,2.84,9.24,13.29,12.09,8.07
411,3.78,9.96,13.34,11.68,7.24
412,2.89,6.03,11.68,11.79,13.12
413,3.3,5.65,11.66,11.92,13.57
414,3.59,5.43,11.44,11.78,13.85
415,3.38,5.57,11.22,11.53,13.6
416,3.4,5.59,11.24,11.55,13.62
417,3.64,10.23,14.81,13.56,7.2
418,3.97,10.38,14.43,12.85,6.89
419,3.08,9.66,14.25,12.99,7.76
420,2.89,9.48,14.06,12.81,7.95
421,2.89,9.48,14.06,12.81,7.95
422,3.91,10.32,13.96,12.18,7.1
423,3.72,10.13,13.77,11.99,6.91
424,3.82,10.22,13.86,12.08,7.01
425,4.56,10.75,14.13,12.35,6.44
426,3.99,6.1,12.11,12.67,14.26
427,4.04,5.37,11.38,12.16,14.31
428,4.23,5.8,11.81,12.59,14.5
429,4.37,5.77,11.78,12.73,14.64
430,2.24,9.42,14.3,13.65,8.41
431,2.04,9.21,13.94,12.82,8.62
432,1.56,8.73,13.46,12.63,8.92
433,2.41,8.99,13.58,12.44,8.25
434,2.8,9.38,13.97,12.72,7.86
435,2.8,9.98,14.71,13.46,7.85
436,4.58,6.23,12.29,13.48,14.87
437,1.97,8.06,13.77,13.81,12.25
438,2.35,7.65,13.51,13.55,12.63
439,2.72,7.28,13.25,13.29,13
440,2.93,7.18,13.19,13.28,13.21
441,3.07,6.59,12.6,12.81,13.35
442,3.99,11.17,16.05,14.42,6.73
443,3.58,10.75,15.64,14.81,7.12
444,3.2,10.38,15.11,13.86,7.5
445,3.76,10.35,14.93,13.68,6.94
446,3.74,10.92,15.65,14.4,6.91
447,3.96,11.13,15.86,14.44,6.75
448,4.73,11.32,15.91,13.68,5.99
449,3.86,6.98,12.99,13.55,14.15
450,4.06,6.55,12.55,13.39,14.34
451,3.93,6.25,12.25,13.09,14.22
452,3.43,6.67,12.67,13,13.71
453,3.93,7.17,13.18,13.74,14.21
454,3.22,7.04,13.05,13.35,13.5
455,3.95,11.13,16.01,15.18,7.49
456,3.2,10.38,15.27,14.61,8.24
457,3.2,10.38,15.26,14.61,8.24
458,4.92,6.95,13.01,14.52,15.2
459,4.35,7.23,13.29,14.43,14.63
460,4.37,7.16,13.22,14.18,14.65
461,4.23,11.41,16.29,16.05,8.66
462,3.21,10.38,15.27,15.02,8.91
463,3.22,8.02,14.03,14.15,13.5
464,3.38,8.13,14.14,14.44,13.66
465,3.48,8.24,14.25,14.55,13.76
466,3.95,7.51,13.51,14.07,14.24
467,3.25,7.61,13.62,13.91,13.54
468,5.4,11.99,16.45,13.04,5.34
469,5.16,11.75,16.21,13.08,5.38
470,5.33,11.77,15.81,12.89,5.2
471,4.75,11.34,15.87,13.32,5.63
472,5.3,11.72,15.67,12.94,5.25
473,5.6,12.09,15.95,12.58,4.88
474,6.03,12.51,16.38,12.37,4.66
475,4.42,8.7,14.76,15.49,14.7
476,4.86,7.84,13.9,15.15,15.14
477,4.42,8.11,14.17,15.06,14.7
478,3.73,8.05,14.08,14.64,14.01
479,5.28,12.45,17.18,13.34,5.63
480,4.92,11.51,16.09,13.5,5.8
481,4.72,11.89,16.62,13.78,6.08
482,4.16,11.33,16.22,14.22,6.53
483,2.19,8.63,14.25,14.29,11.72
484,2.85,8.91,14.91,14.95,12.37
485,3.03,8.75,14.75,14.87,12.56
486,2.63,8.34,14.35,14.47,12.91
487,2.83,8.55,14.56,14.67,12.76
488,2.84,8.55,14.56,14.68,12.76
489,4.16,11.33,16.22,14.22,6.53
490,4.16,9.43,15.46,15.89,13.66
491,3.47,8.82,14.82,14.99,13.39
492,4.29,9.25,15.28,15.7,13.84
493,6.08,12.28,15.66,12.31,4.62
494,3.78,9.57,15.57,15.75,12.68
495,3.78,9.57,15.57,15.75,12.68
496,4.04,9.93,15.93,16.02,12.33
497,4.04,9.92,15.93,16.02,12.32
498,3.11,9.27,15.17,15.21,12.01
499,5.82,12.41,16.88,12.74,5.03
500,6.19,12.67,16.54,12.16,4.45
501,6.03,12.51,16.38,12.37,4.66
502,6.68,13.17,16.99,12.09,4.36
503,6.74,13.23,17.05,12.15,4.42
504,4.57,9.98,16.01,16.44,13.14
505,4.43,9.79,15.82,16.25,13.31
506,4.43,9.79,15.82,16.25,13.31
507,4.69,10.15,16.18,16.6,12.95
508,4.84,10.35,16.38,16.81,12.78
509,4.59,10.71,16.65,16.4,11.54
510,3.68,10.03,15.74,15.5,11.28
511,3.68,10.03,15.74,15.5,11.28
512,3.01,9.73,15.07,14.83,10.62
513,4.57,10.69,16.63,16.39,11.52
514,4.98,10.54,16.56,16.79,12.56
515,5.64,11.17,17.22,17.45,13.2
516,5.19,10.74,16.77,17,12.36
517,5.25,10.94,16.97,17.06,12.18
518,6.57,12.29,18.34,18.38,12.79
519,5.5,10.98,17.04,17.46,13.42
520,4.31,10.97,16.37,16.12,10.31
521,4.97,11.26,17.03,16.78,10.96
522,4.96,11.26,17.02,16.78,10.96
523,5.68,11.51,17.54,17.49,11.61
524,5.76,11.69,17.72,17.58,11.43
525,4.5,11.4,16.57,16.32,9.23
526,8.85,2.61,9.04,13.61,18.86
527,9.07,2.94,9.41,13.96,19.07
528,9.88,3.02,9.32,14.02,19.63
529,10.13,3.28,9.57,14.27,19.89
530,10.04,3.18,9.45,14.18,19.79
531,10.65,3.8,10.07,14.79,20.41
