origin,dest,origin_state,dest_state,flow
01045,01045,AL,AL,5865.45
01045,01067,AL,AL,118.1
01045,01069,AL,AL,1581.3
01061,01061,AL,AL,1661.1
01061,01069,AL,AL,811.75
01067,01045,AL,AL,59.4
01067,01067,AL,AL,16250.45
01067,01069,AL,AL,538.1
01069,01045,AL,AL,1607.1
01069,01061,AL,AL,886.65
01069,01067,AL,AL,4232.4
01069,01069,AL,AL,6455.35
01069,12005,AL,FL,114.65
01069,12059,AL,FL,69.6
01069,12063,AL,FL,265.45
01069,12133,AL,FL,53.5
01069,13087,AL,GA,3.4
01069,13253,AL,GA,35
12001,12001,FL,FL,60883.4
12001,12007,FL,FL,558.9
12001,12017,FL,FL,86.75
12001,12019,FL,FL,548.25
12001,12023,FL,FL,1484.15
12001,12029,FL,FL,88.8
12001,12031,FL,FL,974.65
12001,12041,FL,FL,666
12001,12057,FL,FL,547.55
12001,12075,FL,FL,642.7
12001,12083,FL,FL,1913.25
12001,12095,FL,FL,870.2
12001,12097,FL,FL,109.6
12001,12107,FL,FL,658.25
12001,12109,FL,FL,25.8
12001,12119,FL,FL,7
12001,12121,FL,FL,40.15
12001,12125,FL,FL,251
12003,12003,FL,FL,6125.3
12003,12019,FL,FL,205.8
12003,12023,FL,FL,164.15
12003,12031,FL,FL,1145.05
12003,13049,FL,GA,17.5
12005,01069,FL,AL,141.75
12005,12005,FL,FL,7740.8
12005,12013,FL,FL,147.35
12005,12045,FL,FL,387.5
12005,12059,FL,FL,38.1
12005,12063,FL,FL,98.2
12005,12073,FL,FL,35.2
12005,12133,FL,FL,266
12007,12001,FL,FL,440.45
12007,12007,FL,FL,2475.2
12007,12019,FL,FL,373
12007,12031,FL,FL,78.2
12007,12125,FL,FL,201.8
12009,12009,FL,FL,67735.7
12009,12061,FL,FL,1416.55
12009,12095,FL,FL,2782.95
12009,12097,FL,FL,966.8
12009,12105,FL,FL,5.85
12009,12111,FL,FL,32
12009,12117,FL,FL,16.9
12009,12127,FL,FL,81.8
12011,12011,FL,FL,250511.8
12011,12021,FL,FL,51.8
12011,12057,FL,FL,1.6
12011,12086,FL,FL,22954.25
12011,12095,FL,FL,571.7
12011,12097,FL,FL,489.3
12011,12099,FL,FL,16712.55
12011,12111,FL,FL,665.65
12013,12005,FL,FL,163.8
12013,12013,FL,FL,843.7
12013,12063,FL,FL,201.35
12013,12077,FL,FL,97
12015,12015,FL,FL,20094.55
12015,12021,FL,FL,48.05
12015,12027,FL,FL,1014.55
12015,12057,FL,FL,139.6
12015,12071,FL,FL,3690.25
12015,12081,FL,FL,499.2
12015,12103,FL,FL,1.2
12015,12115,FL,FL,4593.7
12017,12001,FL,FL,50.8
12017,12017,FL,FL,13127.05
12017,12053,FL,FL,1236.2
12017,12057,FL,FL,65.9
12017,12075,FL,FL,355
12017,12083,FL,FL,1449.5
12017,12101,FL,FL,41.6
12017,12103,FL,FL,1.8
12017,12119,FL,FL,530
12019,12001,FL,FL,413.4
12019,12003,FL,FL,230.65
12019,12007,FL,FL,456.9
12019,12019,FL,FL,76256.3
12019,12031,FL,FL,5119.5
12019,12095,FL,FL,9.6
12019,12097,FL,FL,1.4
12019,12107,FL,FL,624.15
12019,12109,FL,FL,1485.45
12021,12011,FL,FL,144.1
12021,12015,FL,FL,70.1
12021,12021,FL,FL,25140.8
12021,12043,FL,FL,354.9
12021,12051,FL,FL,438.75
12021,12057,FL,FL,66.35
12021,12071,FL,FL,3991.9
12021,12086,FL,FL,268.3
12021,12087,FL,FL,579.2
12023,12001,FL,FL,1279
12023,12003,FL,FL,101
12023,12023,FL,FL,11401.1
12023,12031,FL,FL,18.8
12023,12041,FL,FL,6
12023,12047,FL,FL,279.85
12023,12067,FL,FL,33.6
12023,12097,FL,FL,82
12023,12121,FL,FL,1143.8
12023,12125,FL,FL,64.5
12023,13185,FL,GA,13.8
12027,12015,FL,FL,888.6
12027,12027,FL,FL,7537.6
12027,12049,FL,FL,208.5
12027,12081,FL,FL,327.15
12027,12115,FL,FL,149.5
12029,12001,FL,FL,100.9
12029,12029,FL,FL,2202.55
12029,12041,FL,FL,122.8
12029,12075,FL,FL,410.6
12031,12001,FL,FL,1167.6
12031,12003,FL,FL,1117.95
12031,12007,FL,FL,58.3
12031,12019,FL,FL,5100.5
12031,12023,FL,FL,43.2
12031,12031,FL,FL,93328.6
12031,12035,FL,FL,197.4
12031,12089,FL,FL,2781.75
12031,12095,FL,FL,515.2
12031,12097,FL,FL,45.35
12031,12107,FL,FL,95.4
12031,12109,FL,FL,3578.95
12031,12127,FL,FL,61.25
12031,13039,FL,GA,893.65
12031,13049,FL,GA,59.25
12031,13127,FL,GA,95.95
12031,13185,FL,GA,6.8
12035,12031,FL,FL,180.85
12035,12035,FL,FL,20717.1
12035,12095,FL,FL,107.9
12035,12097,FL,FL,12.2
12035,12107,FL,FL,445.75
12035,12109,FL,FL,624.5
12035,12127,FL,FL,2804.8
12037,12037,FL,FL,63.4
12039,12039,FL,FL,5401.2
12039,12073,FL,FL,3218.9
12039,13087,FL,GA,166.25
12041,12001,FL,FL,593.6
12041,12023,FL,FL,1
12041,12041,FL,FL,2229.65
12041,12075,FL,FL,614.4
12043,12021,FL,FL,198.5
12043,12043,FL,FL,3675.2
12043,12051,FL,FL,1872.95
12043,12071,FL,FL,1133.35
12043,12093,FL,FL,308.2
12045,12005,FL,FL,346.5
12045,12037,FL,FL,8.9
12045,12045,FL,FL,1613.7
12047,12023,FL,FL,356.55
12047,12047,FL,FL,14359.5
12047,12121,FL,FL,207.3
12049,12027,FL,FL,88.8
12049,12049,FL,FL,5556.7
12049,12055,FL,FL,523.5
12049,12081,FL,FL,35.4
12049,12105,FL,FL,266.3
12051,12021,FL,FL,416.1
12051,12043,FL,FL,1629.7
12051,12051,FL,FL,4196.85
12051,12071,FL,FL,161.6
12051,12099,FL,FL,1185.85
12053,12017,FL,FL,1379.4
12053,12053,FL,FL,20836
12053,12057,FL,FL,828.3
12053,12097,FL,FL,3.2
12053,12101,FL,FL,4104.75
12053,12103,FL,FL,574.15
12053,12119,FL,FL,280.8
12055,12049,FL,FL,543.8
12055,12055,FL,FL,15127.55
12055,12095,FL,FL,4
12055,12105,FL,FL,1019.15
12057,12001,FL,FL,465.6
12057,12015,FL,FL,113.85
12057,12017,FL,FL,37.15
12057,12021,FL,FL,13.6
12057,12031,FL,FL,2
12057,12053,FL,FL,1127.05
12057,12057,FL,FL,131764.9
12057,12069,FL,FL,3.6
12057,12071,FL,FL,180.6
12057,12081,FL,FL,5260.65
12057,12083,FL,FL,75.6
12057,12086,FL,FL,102.4
12057,12095,FL,FL,2723.55
12057,12097,FL,FL,1401.25
12057,12101,FL,FL,9523.8
12057,12103,FL,FL,8949.1
12057,12105,FL,FL,6476
12057,12115,FL,FL,1161.65
12057,12117,FL,FL,112.3
12057,12127,FL,FL,7
12059,01069,FL,AL,75
12059,12005,FL,FL,60.9
12059,12059,FL,FL,1239.2
12059,12063,FL,FL,115.5
12059,12133,FL,FL,489.05
12061,12009,FL,FL,1720.9
12061,12061,FL,FL,18712.1
12061,12085,FL,FL,78.8
12061,12095,FL,FL,54.25
12061,12097,FL,FL,8.2
12061,12099,FL,FL,0.8
12061,12111,FL,FL,1342.8
12063,01069,FL,AL,300.85
12063,12005,FL,FL,42.05
12063,12013,FL,FL,138.7
12063,12059,FL,FL,82.9
12063,12063,FL,FL,4162.15
12063,12133,FL,FL,406.15
12063,13087,FL,GA,16
12065,12065,FL,FL,1304.5
12065,12073,FL,FL,468.35
12067,12023,FL,FL,29.1
12067,12067,FL,FL,906
12067,12121,FL,FL,84.4
12069,12017,FL,FL,3.2
12069,12057,FL,FL,49.5
12069,12069,FL,FL,78422.15
12069,12083,FL,FL,489.35
12069,12095,FL,FL,7179.05
12069,12097,FL,FL,1035.45
12069,12105,FL,FL,805.6
12069,12117,FL,FL,1654.7
12069,12119,FL,FL,4075.05
12069,12127,FL,FL,369.1
12071,12011,FL,FL,12.4
12071,12015,FL,FL,3599.9
12071,12021,FL,FL,4468.05
12071,12043,FL,FL,689.4
12071,12051,FL,FL,210.65
12071,12057,FL,FL,200.9
12071,12071,FL,FL,79565.65
12071,12081,FL,FL,0.5
12071,12086,FL,FL,280.9
12071,12087,FL,FL,63.4
12071,12115,FL,FL,27.4
12073,12039,FL,FL,3605.85
12073,12065,FL,FL,503.4
12073,12073,FL,FL,61398.95
12073,12097,FL,FL,0.2
12073,12123,FL,FL,84.7
12073,12129,FL,FL,1630.15
12073,13087,FL,GA,59.55
12073,13131,FL,GA,62.3
12073,13275,FL,GA,312.5
12075,12001,FL,FL,356.1
12075,12017,FL,FL,302.15
12075,12029,FL,FL,525.95
12075,12041,FL,FL,664.2
12075,12075,FL,FL,5828.5
12075,12083,FL,FL,676.95
12077,12013,FL,FL,118
12077,12077,FL,FL,1126.4
12079,12079,FL,FL,2707.3
12079,13185,FL,GA,0.6
12081,12015,FL,FL,364.2
12081,12027,FL,FL,603.5
12081,12049,FL,FL,3.2
12081,12057,FL,FL,4967.9
12081,12081,FL,FL,28348.45
12081,12095,FL,FL,162.8
12081,12097,FL,FL,119.35
12081,12103,FL,FL,1056.45
12081,12105,FL,FL,25.8
12081,12115,FL,FL,4404.7
12083,12001,FL,FL,1783.9
12083,12017,FL,FL,1694.8
12083,12057,FL,FL,206.8
12083,12069,FL,FL,579.1
12083,12075,FL,FL,867.5
12083,12083,FL,FL,52420.5
12083,12095,FL,FL,574.5
12083,12097,FL,FL,97.3
12083,12107,FL,FL,9
12083,12119,FL,FL,1580.05
12083,12127,FL,FL,14.6
12085,12011,FL,FL,2.2
12085,12061,FL,FL,148.5
12085,12085,FL,FL,15190.55
12085,12093,FL,FL,154.75
12085,12099,FL,FL,2536.4
12085,12111,FL,FL,2427.2
12086,12009,FL,FL,1
12086,12011,FL,FL,23208.2
12086,12021,FL,FL,289.6
12086,12057,FL,FL,250
12086,12071,FL,FL,381.4
12086,12086,FL,FL,314589.3
12086,12087,FL,FL,2549.75
12086,12095,FL,FL,510.3
12086,12097,FL,FL,465.3
12086,12099,FL,FL,4223.45
12086,12105,FL,FL,20
12086,12111,FL,FL,387.95
12087,12021,FL,FL,384.15
12087,12071,FL,FL,39.6
12087,12086,FL,FL,2656.55
12087,12087,FL,FL,2621.35
12089,12031,FL,FL,2996.6
12089,12089,FL,FL,15866.45
12089,13039,FL,GA,732.05
12089,13049,FL,GA,124.6
12093,12043,FL,FL,367.75
12093,12085,FL,FL,303.6
12093,12093,FL,FL,5852
12093,12099,FL,FL,18.8
12093,12111,FL,FL,577.3
12095,12001,FL,FL,766.8
12095,12009,FL,FL,2607.25
12095,12011,FL,FL,828.55
12095,12019,FL,FL,12.8
12095,12031,FL,FL,437.35
12095,12035,FL,FL,66.55
12095,12053,FL,FL,1
12095,12057,FL,FL,2205.35
12095,12061,FL,FL,12.8
12095,12069,FL,FL,7831.1
12095,12071,FL,FL,3.8
12095,12081,FL,FL,80.8
12095,12083,FL,FL,351.05
12095,12086,FL,FL,510.65
12095,12095,FL,FL,165729.3
12095,12097,FL,FL,6952.3
12095,12099,FL,FL,130.2
12095,12101,FL,FL,111.4
12095,12103,FL,FL,821.25
12095,12105,FL,FL,3491.05
12095,12109,FL,FL,40.1
12095,12111,FL,FL,132.8
12095,12115,FL,FL,2.6
12095,12117,FL,FL,7986.15
12095,12119,FL,FL,780.75
12095,12127,FL,FL,3172
12097,12001,FL,FL,61.6
12097,12009,FL,FL,1140.45
12097,12011,FL,FL,521.2
12097,12019,FL,FL,4.2
12097,12021,FL,FL,24.4
12097,12023,FL,FL,18.55
12097,12031,FL,FL,183.25
12097,12035,FL,FL,1
12097,12053,FL,FL,2.4
12097,12057,FL,FL,1371.25
12097,12061,FL,FL,1
12097,12069,FL,FL,874.05
12097,12071,FL,FL,33.2
12097,12073,FL,FL,2.8
12097,12081,FL,FL,145.6
12097,12083,FL,FL,182.85
12097,12086,FL,FL,515
12097,12095,FL,FL,5655
12097,12097,FL,FL,69120.7
12097,12099,FL,FL,122.6
12097,12101,FL,FL,233.6
12097,12103,FL,FL,636.7
12097,12105,FL,FL,1727.65
12097,12109,FL,FL,9.2
12097,12111,FL,FL,110.2
12097,12115,FL,FL,23.2
12097,12117,FL,FL,1778.45
12097,12119,FL,FL,64.8
12097,12127,FL,FL,412.65
12097,13027,FL,GA,10.8
12097,13075,FL,GA,14.8
12097,13127,FL,GA,12
12097,13185,FL,GA,46.8
12099,12011,FL,FL,16896.4
12099,12051,FL,FL,1058.6
12099,12085,FL,FL,2620.35
12099,12086,FL,FL,4148.65
12099,12095,FL,FL,11.2
12099,12097,FL,FL,150.3
12099,12099,FL,FL,158322.25
12099,12111,FL,FL,2393.05
12101,12017,FL,FL,55.05
12101,12053,FL,FL,3676.6
12101,12057,FL,FL,8553.8
12101,12095,FL,FL,137.8
12101,12097,FL,FL,269.95
12101,12101,FL,FL,71600.15
12101,12103,FL,FL,4200.15
12101,12105,FL,FL,914.7
12103,12001,FL,FL,2
12103,12017,FL,FL,5
12103,12053,FL,FL,535.05
12103,12057,FL,FL,8840.2
12103,12081,FL,FL,1014.3
12103,12095,FL,FL,760.2
12103,12097,FL,FL,479
12103,12101,FL,FL,4045.8
12103,12103,FL,FL,44603.15
12103,12105,FL,FL,760.5
12103,12115,FL,FL,466.25
12105,12049,FL,FL,403.15
12105,12055,FL,FL,965.8
12105,12057,FL,FL,6516
12105,12069,FL,FL,750.75
12105,12081,FL,FL,35.4
12105,12086,FL,FL,1.4
12105,12095,FL,FL,3370.35
12105,12097,FL,FL,1230.7
12105,12101,FL,FL,1107.15
12105,12103,FL,FL,859.25
12105,12105,FL,FL,101969.35
12105,12117,FL,FL,302.15
12107,12001,FL,FL,360.45
12107,12019,FL,FL,601.4
12107,12031,FL,FL,66.1
12107,12035,FL,FL,355.65
12107,12083,FL,FL,19.45
12107,12107,FL,FL,13595
12107,12109,FL,FL,491.25
12107,12127,FL,FL,63.85
12109,12001,FL,FL,14
12109,12019,FL,FL,1634.25
12109,12031,FL,FL,3411.2
12109,12035,FL,FL,596.8
12109,12095,FL,FL,100.95
12109,12097,FL,FL,3.8
12109,12107,FL,FL,578
12109,12109,FL,FL,26391.75
12109,12117,FL,FL,4
12109,12127,FL,FL,75.5
12111,12009,FL,FL,13.15
12111,12011,FL,FL,586.4
12111,12061,FL,FL,1259.6
12111,12085,FL,FL,2779
12111,12086,FL,FL,272
12111,12093,FL,FL,501.3
12111,12095,FL,FL,115.4
12111,12097,FL,FL,91.25
12111,12099,FL,FL,1943.4
12111,12111,FL,FL,52019.25
12115,12015,FL,FL,4833.5
12115,12027,FL,FL,133.6
12115,12057,FL,FL,1148.6
12115,12071,FL,FL,104.5
12115,12081,FL,FL,3919.3
12115,12095,FL,FL,0.8
12115,12097,FL,FL,27
12115,12103,FL,FL,480.3
12115,12115,FL,FL,30313.45
12117,12009,FL,FL,14.6
12117,12057,FL,FL,251.7
12117,12069,FL,FL,2142.8
12117,12095,FL,FL,7952.2
12117,12097,FL,FL,2140.85
12117,12105,FL,FL,313.15
12117,12109,FL,FL,7.4
12117,12117,FL,FL,83755.55
12117,12127,FL,FL,3642.9
12119,12001,FL,FL,5.5
12119,12017,FL,FL,717.85
12119,12053,FL,FL,314.85
12119,12069,FL,FL,4179.5
12119,12083,FL,FL,1539.55
12119,12095,FL,FL,1108.15
12119,12097,FL,FL,131.15
12119,12119,FL,FL,13672.65
12121,12001,FL,FL,38.4
12121,12023,FL,FL,904.85
12121,12047,FL,FL,255
12121,12067,FL,FL,51.1
12121,12121,FL,FL,8406.55
12123,12073,FL,FL,64.85
12123,12123,FL,FL,4926
12125,12001,FL,FL,354.7
12125,12007,FL,FL,225
12125,12023,FL,FL,22.2
12125,12125,FL,FL,1537.4
12127,12009,FL,FL,106.9
12127,12031,FL,FL,121.2
12127,12035,FL,FL,2609.45
12127,12057,FL,FL,3
12127,12069,FL,FL,353.45
12127,12083,FL,FL,0.4
12127,12095,FL,FL,3140.35
12127,12097,FL,FL,557.95
12127,12105,FL,FL,5
12127,12107,FL,FL,64.5
12127,12109,FL,FL,40.35
12127,12117,FL,FL,3343.1
12127,12127,FL,FL,100291.15
12129,12073,FL,FL,1270.15
12129,12129,FL,FL,3465.7
12133,01069,FL,AL,94.5
12133,12005,FL,FL,339.05
12133,12059,FL,FL,607
12133,12063,FL,FL,332.55
12133,12133,FL,FL,3313.95
13003,13003,GA,GA,12207.45
13003,13185,GA,GA,6.6
13007,13007,GA,GA,1032.8
13007,13205,GA,GA,9.5
13019,13019,GA,GA,2097.65
13019,13075,GA,GA,238.4
13019,13185,GA,GA,393.05
13025,13025,GA,GA,4367.5
13025,13127,GA,GA,335.65
13025,13229,GA,GA,59.75
13025,13299,GA,GA,23.2
13027,12097,GA,FL,40
13027,13027,GA,GA,2444.65
13027,13071,GA,GA,90.7
13027,13075,GA,GA,81.85
13027,13173,GA,GA,6.2
13027,13185,GA,GA,1957.05
13027,13275,GA,GA,186.75
13039,12031,GA,FL,708.4
13039,12089,GA,FL,712.3
13039,12097,GA,FL,0.25
13039,13039,GA,GA,4343.9
13039,13049,GA,GA,187.2
13039,13127,GA,GA,420.65
13049,12031,GA,FL,92.8
13049,12089,GA,FL,4.3
13049,13039,GA,GA,92.75
13049,13049,GA,GA,1755.5
13065,13065,GA,GA,627.8
13065,13185,GA,GA,60.4
13071,13027,GA,GA,98.7
13071,13071,GA,GA,12380.55
13071,13075,GA,GA,85.7
13071,13185,GA,GA,326.6
13071,13275,GA,GA,472.45
13075,13019,GA,GA,184.7
13075,13027,GA,GA,169.8
13075,13071,GA,GA,72.7
13075,13075,GA,GA,919
13075,13185,GA,GA,561
13087,12039,GA,FL,157.15
13087,12063,GA,FL,33.2
13087,12073,GA,FL,71.35
13087,13087,GA,GA,4511.2
13087,13131,GA,GA,37.55
13087,13201,GA,GA,61.3
13087,13253,GA,GA,341.4
13087,13275,GA,GA,56.65
13099,01069,GA,AL,183.75
13099,13099,GA,GA,73589.95
13099,13201,GA,GA,2
13099,13253,GA,GA,115.55
13101,13101,GA,GA,841.7
13101,13185,GA,GA,154.6
13127,12031,GA,FL,67.1
13127,12097,GA,FL,5
13127,13025,GA,GA,268.75
13127,13039,GA,GA,548.15
13127,13127,GA,GA,7418.2
13127,13191,GA,GA,3252.75
13127,13229,GA,GA,29
13131,12073,GA,FL,47.8
13131,13087,GA,GA,30.6
13131,13131,GA,GA,2014.25
13131,13275,GA,GA,374.25
13173,13027,GA,GA,4
13173,13173,GA,GA,1024.35
13173,13185,GA,GA,466.85
13185,12023,GA,FL,3.4
13185,12031,GA,FL,0.6
13185,12047,GA,FL,11.2
13185,12079,GA,FL,35.8
13185,12097,GA,FL,56.35
13185,13003,GA,GA,6.8
13185,13019,GA,GA,411.1
13185,13027,GA,GA,1951.7
13185,13065,GA,GA,12.2
13185,13071,GA,GA,228.15
13185,13075,GA,GA,595.3
13185,13101,GA,GA,273.5
13185,13173,GA,GA,479.85
13185,13185,GA,GA,13690.05
13185,13275,GA,GA,161.8
13191,13127,GA,GA,459.75
13191,13191,GA,GA,16827.2
13201,13087,GA,GA,77.3
13201,13201,GA,GA,235.7
13201,13253,GA,GA,116.65
13205,13007,GA,GA,16
13205,13131,GA,GA,3.9
13205,13205,GA,GA,2067.55
13205,13275,GA,GA,245.85
13229,12031,GA,FL,0.8
13229,13025,GA,GA,38.4
13229,13127,GA,GA,9.4
13229,13229,GA,GA,4788.15
13229,13299,GA,GA,1292
13253,01069,GA,AL,22
13253,13087,GA,GA,364.2
13253,13099,GA,GA,54.7
13253,13201,GA,GA,97.45
13253,13253,GA,GA,201.35
13275,12065,GA,FL,19.4
13275,12073,GA,FL,434.4
13275,13027,GA,GA,212.35
13275,13071,GA,GA,586.4
13275,13087,GA,GA,51.5
13275,13131,GA,GA,523.55
13275,13185,GA,GA,158
13275,13205,GA,GA,320.7
13275,13275,GA,GA,2504.75
13277,13071,GA,GA,13
13299,13025,GA,GA,33.8
13299,13229,GA,GA,968.05
13299,13299,GA,GA,3657.3
