id,month,day,carrier,origin,dest,dep_delay,arr_delay,air_time,distance
f0001,1,1,UA,EWR,SJU,1,-31,188,1608
f0002,1,1,UA,EWR,RSW,-2,-10,157,1068
f0003,1,1,UA,EWR,AUS,-3,7,248,1504
f0004,1,1,UA,EWR,MCO,-4,-28,136,937
f0005,1,2,UA,EWR,DEN,-2,9,251,1605
f0006,1,2,AA,LGA,DFW,-4,-9,228,1389
f0007,1,2,DL,LGA,MCO,-2,16,150,950
f0008,1,2,EV,LGA,IAD,0,-8,52,229
f0009,1,2,DL,LGA,MSP,7,-4,159,1020
f0010,1,2,UA,EWR,DEN,1,-9,243,1605
f0011,1,2,B6,EWR,BOS,14,4,38,200
f0012,1,2,MQ,LGA,RDU,28,22,85,431
f0013,1,2,9E,JFK,ORD,7,32,143,740
f0014,1,3,EV,EWR,IND,5,33,129,645
f0015,1,3,DL,JFK,FLL,-1,15,172,1069
f0016,1,3,UA,LGA,IAH,-3,5,241,1416
f0017,1,3,AA,JFK,FLL,0,2,172,1069
f0018,1,4,AA,JFK,MIA,-2,20,165,1089
f0019,1,4,B6,JFK,LGB,3,-39,311,2465
f0020,1,4,EV,EWR,BUF,10,18,65,282
f0021,1,4,FL,LGA,ATL,-6,-9,122,762
f0022,1,4,B6,JFK,BUF,5,5,58,301
f0023,1,4,UA,LGA,ORD,5,-10,117,733
f0024,1,4,DL,EWR,SLC,-4,-32,262,1969
f0025,1,4,DL,JFK,FLL,7,-12,151,1069
f0026,1,5,B6,JFK,SFO,0,9,371,2586
f0027,1,5,US,LGA,CLT,-4,-15,85,544
f0028,1,5,UA,EWR,SEA,29,-3,327,2402
f0029,1,5,B6,JFK,MSY,-5,17,194,1182
f0030,1,5,B6,JFK,ORD,0,-6,136,740
f0031,1,5,B6,JFK,MCO,1,1,142,944
f0032,1,5,US,JFK,CLT,3,20,95,541
f0033,1,5,B6,JFK,PSE,15,18,201,1617
f0034,1,6,MQ,EWR,ORD,11,2,118,719
f0035,1,6,DL,LGA,SRQ,-7,-1,177,1047
f0036,1,6,9E,JFK,PHL,-5,-21,27,94
f0037,1,6,EV,EWR,MCI,1,-1,171,1092
f0038,1,6,UA,EWR,FLL,5,18,180,1065
f0039,1,6,EV,EWR,CLT,5,17,98,529
f0040,1,6,9E,JFK,ORF,-4,-24,57,290
f0041,1,6,EV,EWR,OMA,-1,25,163,1134
f0042,1,6,9E,JFK,IAD,-9,9,51,228
f0043,1,6,B6,LGA,MCO,1,19,158,950
f0044,1,6,B6,JFK,SYR,-3,-7,44,209
f0045,1,7,DL,JFK,SEA,-5,-8,347,2422
f0046,1,7,EV,EWR,GSO,35,26,73,445
f0047,1,8,MQ,LGA,CLT,-5,6,85,544
f0048,1,8,UA,EWR,SEA,0,-11,348,2402
f0049,1,8,UA,EWR,SEA,10,28,365,2402
f0050,1,8,UA,EWR,MIA,0,-11,164,1085
f0051,1,8,AA,JFK,LAX,-5,24,376,2475
f0052,1,9,US,LGA,CLT,-3,-9,92,544
f0053,1,9,US,LGA,CLT,-8,-22,90,544
f0054,1,9,US,JFK,PHX,-2,-24,295,2153
f0055,1,9,B6,JFK,LAX,-3,-25,345,2475
f0056,1,9,UA,EWR,DFW,16,35,223,1372
f0057,1,9,EV,EWR,IAD,-2,-10,52,212
f0058,1,10,MQ,LGA,RDU,-8,4,68,431
f0059,1,10,WN,LGA,MKE,0,-3,124,738
f0060,1,10,EV,EWR,RIC,37,45,50,277
f0061,1,10,UA,EWR,SNA,2,19,355,2434
f0062,1,10,UA,EWR,PBI,-3,-31,138,1023
f0063,1,10,EV,EWR,PWM,29,39,52,284
f0064,1,11,EV,EWR,DCA,1,-8,42,199
f0065,1,11,EV,EWR,DCA,5,-4,44,199
f0066,1,11,DL,JFK,LAX,39,43,370,2475
f0067,1,11,DL,LGA,PBI,47,39,142,1035
f0068,1,11,UA,LGA,IAH,-10,-6,207,1416
f0069,1,12,US,EWR,CLT,-3,-2,80,529
f0070,1,12,9E,JFK,DFW,4,57,260,1391
f0071,1,12,B6,JFK,LAX,-6,-30,337,2475
f0072,1,12,B6,JFK,HOU,-5,-27,203,1428
f0073,1,13,UA,EWR,SAN,-1,-9,345,2425
f0074,1,13,UA,JFK,LAX,-1,2,345,2475
f0075,1,13,UA,EWR,ORD,38,24,121,719
f0076,1,13,9E,JFK,PHL,137,215,43,94
f0077,1,14,WN,LGA,MKE,-8,5,135,738
f0078,1,14,UA,EWR,SAT,0,9,267,1569
f0079,1,14,WN,EWR,BWI,-9,-13,37,169
f0080,1,14,B6,JFK,MSY,-5,-9,187,1182
f0081,1,15,UA,JFK,LAX,2,2,349,2475
f0082,1,15,9E,JFK,BOS,-4,-18,31,187
f0083,1,15,UA,EWR,LAS,-3,-9,307,2227
f0084,1,15,AA,JFK,BOS,0,-11,34,187
f0085,1,16,MQ,LGA,MSP,11,81,172,1020
f0086,1,16,AA,JFK,LAX,1,4,345,2475
f0087,1,16,9E,EWR,CVG,-5,6,118,569
f0088,1,16,EV,EWR,STL,-3,7,159,872
f0089,1,16,UA,EWR,SAN,35,37,343,2425
f0090,1,16,US,EWR,CLT,43,51,103,529
f0091,1,16,DL,LGA,DTW,3,-7,100,502
f0092,1,17,MQ,JFK,DCA,0,5,63,213
f0093,1,17,EV,EWR,MSP,-5,-5,164,1008
f0094,1,17,UA,EWR,SFO,-1,-15,355,2565
f0095,1,17,UA,EWR,LAX,57,31,320,2454
f0096,1,17,UA,EWR,SAN,-1,3,345,2425
f0097,1,17,US,LGA,CLT,11,23,110,544
f0098,1,18,AA,EWR,DFW,-4,-17,211,1372
f0099,1,18,US,EWR,CLT,-6,-12,92,529
f0100,1,18,US,EWR,CLT,-4,-10,78,529
f0101,1,18,9E,JFK,CLE,9,-13,79,425
f0102,1,18,US,LGA,BOS,-7,-14,38,184
f0103,1,18,EV,EWR,PVD,-10,-20,33,160
f0104,1,19,UA,EWR,MIA,-7,-12,160,1085
f0105,1,19,AA,JFK,LAX,-1,-5,342,2475
f0106,1,19,DL,LGA,FLL,69,46,153,1076
f0107,1,20,US,EWR,CLT,-6,-4,94,529
f0108,1,21,AA,LGA,ORD,-4,-5,133,733
f0109,1,21,WN,EWR,HOU,-4,11,240,1411
f0110,1,21,DL,LGA,DTW,-3,-23,96,502
f0111,1,21,B6,EWR,SJU,-11,-39,190,1608
f0112,1,21,AA,JFK,FLL,0,-22,166,1069
f0113,1,21,MQ,LGA,RDU,-4,-8,83,431
f0114,1,21,EV,LGA,CLE,67,66,77,419
f0115,1,22,US,LGA,BOS,-1,-7,33,184
f0116,1,22,EV,EWR,CLT,-3,4,98,529
f0117,1,22,EV,EWR,DAY,-4,-5,96,533
f0118,1,22,DL,LGA,MSY,-6,-21,187,1183
f0119,1,22,EV,EWR,BNA,28,29,131,748
f0120,1,22,DL,LGA,PBI,37,36,162,1035
f0121,1,22,EV,EWR,MKE,62,56,123,725
f0122,1,23,EV,EWR,IAD,-2,-9,47,212
f0123,1,23,UA,EWR,MCO,0,-16,144,937
f0124,1,23,EV,EWR,MSY,-4,-15,172,1167
f0125,1,23,9E,EWR,CVG,-11,-17,106,569
f0126,1,23,B6,JFK,SYR,-6,-6,51,209
f0127,1,23,WN,LGA,MKE,-1,-1,127,738
f0128,1,23,9E,JFK,BOS,-4,-17,35,187
f0129,1,23,UA,EWR,CLE,-6,-10,69,404
f0130,1,24,B6,JFK,AUS,-2,-22,218,1521
f0131,1,24,WN,LGA,BNA,-3,-18,118,764
f0132,1,24,UA,EWR,FLL,0,-13,151,1065
f0133,1,24,B6,JFK,MCO,13,-3,129,944
f0134,1,24,EV,EWR,SAV,75,51,101,708
f0135,1,24,9E,JFK,CLT,-3,2,85,541
f0136,1,24,MQ,JFK,DCA,-3,5,51,213
f0137,1,24,B6,JFK,SYR,-4,-5,47,209
f0138,1,25,B6,JFK,BQN,-1,-11,185,1576
f0139,1,25,B6,EWR,MCO,-7,-16,138,937
f0140,1,25,DL,EWR,ATL,-2,16,126,746
f0141,1,25,MQ,LGA,RDU,0,62,78,431
f0142,1,25,EV,EWR,GRR,16,93,100,605
f0143,1,25,B6,JFK,AUS,43,95,229,1521
f0144,1,25,B6,JFK,SYR,88,82,45,209
f0145,1,26,AA,JFK,LAX,10,34,353,2475
f0146,1,26,WN,LGA,DEN,-4,-31,244,1620
f0147,1,26,MQ,JFK,DCA,27,36,55,213
f0148,1,26,US,JFK,CLT,-2,16,80,541
f0149,1,26,B6,JFK,LAX,-6,-1,359,2475
f0150,1,27,B6,LGA,RSW,-2,2,164,1080
f0151,1,27,EV,EWR,BNA,-4,-20,115,748
f0152,1,27,EV,EWR,JAX,-2,2,122,820
f0153,1,27,B6,EWR,BOS,-3,-5,42,200
f0154,1,27,WN,LGA,DEN,-1,-10,241,1620
f0155,1,27,DL,JFK,SJU,-3,-39,181,1598
f0156,1,28,UA,EWR,CLE,-4,-16,71,404
f0157,1,28,UA,EWR,BOS,3,-18,44,200
f0158,1,28,DL,JFK,MIA,4,-44,150,1089
f0159,1,29,US,LGA,DCA,-10,-6,47,214
f0160,1,29,9E,JFK,BWI,-6,-16,37,184
f0161,1,29,UA,EWR,MCO,8,-19,131,937
f0162,1,30,WN,EWR,MDW,-1,1,115,711
f0163,1,30,WN,LGA,BNA,24,-4,126,764
f0164,1,30,AA,LGA,DFW,19,20,225,1389
f0165,1,30,DL,JFK,FLL,45,49,168,1069
f0166,1,30,EV,EWR,BTV,44,28,43,266
f0167,1,31,B6,JFK,ORD,-4,-10,124,740
f0168,1,31,B6,JFK,IAD,-4,7,57,228
f0169,1,31,UA,EWR,TPA,-2,-4,166,997
f0170,1,31,9E,JFK,BWI,4,-3,42,184
f0171,1,31,UA,EWR,HNL,8,-20,602,4963
f0172,1,31,9E,EWR,CVG,-7,-4,109,569
f0173,1,31,DL,EWR,ATL,204,195,126,746
f0174,2,1,UA,LGA,IAH,-3,-36,209,1416
f0175,2,1,DL,LGA,MSP,10,-11,147,1020
f0176,2,1,B6,EWR,MCO,85,70,132,937
f0177,2,2,AA,JFK,SJU,-1,-14,204,1598
f0178,2,2,DL,JFK,SFO,-8,4,390,2586
f0179,2,2,DL,LGA,DTW,-3,-13,95,502
f0180,2,2,MQ,LGA,BNA,52,45,115,764
f0181,2,2,EV,EWR,RIC,33,23,51,277
f0182,2,2,MQ,LGA,ATL,-3,-17,114,762
f0183,2,2,MQ,JFK,CLE,11,28,91,425
f0184,2,2,MQ,LGA,RDU,-8,-17,73,431
f0185,2,3,UA,EWR,PBI,-8,-4,144,1023
f0186,2,3,EV,EWR,RDU,-5,-9,65,416
f0187,2,3,UA,EWR,LAS,-5,-23,315,2227
f0188,2,3,EV,EWR,ATL,-3,-20,114,746
f0189,2,3,UA,EWR,SAN,-2,8,355,2425
f0190,2,3,EV,EWR,CLT,-8,-16,88,529
f0191,2,3,AA,LGA,ORD,2,-24,119,733
f0192,2,4,US,EWR,CLT,-8,-6,91,529
f0193,2,5,EV,EWR,IAD,7,15,44,212
f0194,2,5,EV,EWR,OMA,13,31,179,1134
f0195,2,5,UA,EWR,BOS,-4,-6,39,200
f0196,2,5,WN,LGA,BNA,10,-8,122,764
f0197,2,5,EV,EWR,ATL,105,104,121,746
f0198,2,5,DL,JFK,TPA,-14,-42,148,1005
f0199,2,6,WN,EWR,PHX,-5,-4,306,2133
f0200,2,6,MQ,LGA,RDU,28,14,67,431
f0201,2,6,EV,EWR,MKE,-9,-6,122,725
f0202,2,6,9E,JFK,BOS,-4,-20,44,187
f0203,2,7,UA,EWR,TPA,-5,-7,151,997
f0204,2,7,B6,JFK,MSY,-1,-12,182,1182
f0205,2,7,B6,JFK,FLL,3,-4,158,1069
f0206,2,7,B6,JFK,BUF,-4,-12,57,301
f0207,2,8,AA,JFK,SJU,-6,-15,190,1598
f0208,2,8,DL,JFK,MCO,-2,1,135,944
f0209,2,8,DL,LGA,ATL,-1,-1,110,762
f0210,2,8,DL,LGA,ATL,1,24,117,762
f0211,2,10,DL,LGA,PBI,19,-6,139,1035
f0212,2,10,UA,EWR,TPA,82,69,137,997
f0213,2,10,UA,JFK,LAX,-6,1,339,2475
f0214,2,10,9E,JFK,DTW,55,37,89,509
f0215,2,10,UA,EWR,MCO,-4,-25,130,937
f0216,2,11,AA,LGA,MIA,1,-5,153,1096
f0217,2,11,DL,LGA,ATL,40,20,125,762
f0218,2,12,B6,JFK,SJU,1,-18,181,1598
f0219,2,12,UA,EWR,LAX,133,102,320,2454
f0220,2,12,AA,EWR,DFW,-6,28,245,1372
f0221,2,12,EV,EWR,ORF,53,47,49,284
f0222,2,12,AA,LGA,ORD,2,12,126,733
f0223,2,12,B6,JFK,ROC,9,-6,55,264
f0224,2,12,MQ,LGA,BNA,-8,2,142,764
f0225,2,12,MQ,LGA,CLE,-12,-26,71,419
f0226,2,13,B6,JFK,RSW,-4,-3,170,1074
f0227,2,13,B6,JFK,BUF,-5,-13,59,301
f0228,2,13,US,LGA,BOS,-7,-13,42,184
f0229,2,14,B6,JFK,IAD,-5,-8,52,228
f0230,2,14,EV,EWR,RIC,-2,-3,58,277
f0231,2,14,UA,EWR,FLL,1,8,167,1065
f0232,2,14,B6,JFK,MSY,158,151,183,1182
f0233,2,14,B6,JFK,ROC,-1,-5,55,264
f0234,2,14,UA,EWR,ORD,80,59,108,719
f0235,2,15,UA,EWR,IAH,64,69,205,1400
f0236,2,15,EV,EWR,BWI,26,46,47,169
f0237,2,15,FL,LGA,ATL,-3,23,133,762
f0238,2,15,UA,EWR,LAS,8,-22,291,2227
f0239,2,15,B6,JFK,BOS,-2,-6,38,187
f0240,2,15,B6,JFK,SJU,5,25,211,1598
f0241,2,16,UA,EWR,CLE,2,-5,70,404
f0242,2,16,UA,EWR,FLL,-6,26,180,1065
f0243,2,16,MQ,LGA,CLT,8,16,97,544
f0244,2,16,DL,LGA,FLL,0,19,184,1076
f0245,2,16,UA,EWR,ORD,-1,-36,103,719
f0246,2,16,MQ,JFK,DCA,-2,-7,49,213
f0247,2,17,WN,EWR,MDW,1,-26,106,711
f0248,2,17,AA,JFK,FLL,13,-9,156,1069
f0249,2,17,B6,JFK,FLL,-3,-1,149,1069
f0250,2,17,B6,EWR,TPA,-2,-16,139,997
f0251,2,18,UA,EWR,SNA,-4,-25,339,2434
f0252,2,18,EV,EWR,MHT,-6,-20,42,209
f0253,2,18,DL,LGA,PBI,0,2,145,1035
f0254,2,18,EV,EWR,BNA,-4,-11,115,748
f0255,2,18,DL,LGA,ATL,-1,-16,116,762
f0256,2,19,B6,JFK,FLL,-2,4,155,1069
f0257,2,19,UA,LGA,IAH,-6,-4,227,1416
f0258,2,19,WN,LGA,DEN,149,124,233,1620
f0259,2,19,9E,JFK,CVG,42,31,101,589
f0260,2,20,FL,LGA,ATL,-3,-2,118,762
f0261,2,20,WN,EWR,PHX,1,5,322,2133
f0262,2,20,UA,EWR,RSW,40,35,160,1068
f0263,2,21,AA,JFK,LAX,4,-3,354,2475
f0264,2,21,DL,LGA,MSP,79,85,156,1020
f0265,2,21,B6,EWR,FLL,4,-2,154,1065
f0266,2,21,B6,EWR,MCO,-1,-9,131,937
f0267,2,21,DL,LGA,MSP,19,35,164,1020
f0268,2,21,B6,JFK,SJU,-2,6,176,1598
f0269,2,22,UA,EWR,RSW,3,-3,161,1068
f0270,2,22,DL,LGA,PBI,3,-3,162,1035
f0271,2,22,EV,EWR,RIC,36,22,51,277
f0272,2,22,DL,JFK,MCO,-5,-32,139,944
f0273,2,22,B6,LGA,FLL,15,28,151,1076
f0274,2,22,UA,EWR,BQN,18,-12,181,1585
f0275,2,23,B6,JFK,SEA,-4,-25,320,2422
f0276,2,23,EV,EWR,MCI,10,26,185,1092
f0277,2,23,AA,JFK,LAX,-6,18,357,2475
f0278,2,24,WN,EWR,BWI,52,40,37,169
f0279,2,24,EV,EWR,JAX,-10,-7,136,820
f0280,2,24,B6,JFK,PBI,16,23,155,1028
f0281,2,24,B6,LGA,FLL,0,-3,158,1076
f0282,2,24,EV,EWR,MCI,-6,-6,180,1092
f0283,2,24,US,LGA,CLT,-3,12,94,544
f0284,2,24,EV,LGA,BHM,-5,-10,130,866
f0285,2,25,EV,LGA,JAX,-8,-12,127,833
f0286,2,25,UA,EWR,ORD,-2,-30,112,719
f0287,2,25,9E,JFK,SYR,-5,-15,42,209
f0288,2,25,DL,LGA,RSW,-6,-15,166,1080
f0289,2,25,9E,JFK,DCA,-8,-30,45,213
f0290,2,26,EV,EWR,MKE,0,2,114,725
f0291,2,26,UA,EWR,SFO,-1,-37,323,2565
f0292,2,26,WN,LGA,BNA,51,33,121,764
f0293,2,26,9E,JFK,PHL,6,42,50,94
f0294,2,27,DL,EWR,ATL,-5,-1,121,746
f0295,2,27,UA,EWR,SJU,9,33,232,1608
f0296,2,27,AA,LGA,DFW,-6,-18,210,1389
f0297,2,27,UA,LGA,DEN,15,-3,212,1620
f0298,2,27,AA,JFK,BOS,88,69,34,187
f0299,2,27,WN,EWR,MDW,65,41,101,711
f0300,2,28,US,LGA,BOS,-7,-18,35,184
f0301,2,28,UA,EWR,RSW,-2,-7,169,1068
f0302,2,28,MQ,LGA,CLT,-8,-17,89,544
f0303,2,28,B6,JFK,PWM,-5,-10,51,273
f0304,2,28,AA,JFK,SFO,0,-41,330,2586
f0305,2,28,EV,EWR,GRR,36,30,88,605
f0306,3,1,MQ,LGA,BNA,-10,-16,112,764
f0307,3,1,US,JFK,CLT,-3,8,101,541
f0308,3,1,9E,JFK,PHL,-3,-16,29,94
f0309,3,1,EV,EWR,CHS,-7,-6,104,628
f0310,3,1,UA,EWR,TPA,8,15,159,997
f0311,3,1,MQ,LGA,ATL,-2,13,115,762
f0312,3,1,DL,EWR,ATL,-3,-13,115,746
f0313,3,1,WN,LGA,MDW,16,-7,108,725
f0314,3,1,EV,EWR,DSM,148,112,137,1017
f0315,3,1,EV,EWR,SDF,47,33,105,642
f0316,3,2,DL,LGA,RSW,-1,8,175,1080
f0317,3,2,MQ,LGA,RDU,-1,6,72,431
f0318,3,2,UA,EWR,MCO,-8,-4,153,937
f0319,3,2,DL,JFK,SLC,-4,-33,270,1990
f0320,3,2,B6,JFK,BOS,-6,20,37,187
f0321,3,3,AA,JFK,LAX,-6,-48,322,2475
f0322,3,3,AA,JFK,MIA,-4,-11,152,1089
f0323,3,3,9E,JFK,IND,-10,-44,98,665
f0324,3,3,DL,JFK,DEN,0,-18,232,1626
f0325,3,3,EV,EWR,DAY,8,-6,79,533
f0326,3,3,MQ,LGA,RDU,-5,1,70,431
f0327,3,3,MQ,JFK,BNA,-8,-20,106,765
f0328,3,3,UA,JFK,SFO,-2,-3,362,2586
f0329,3,4,EV,LGA,IAD,141,167,43,229
f0330,3,4,EV,EWR,PWM,-3,1,55,284
f0331,3,4,9E,JFK,MSP,36,10,168,1029
f0332,3,4,WN,LGA,BNA,-2,9,116,764
f0333,3,4,B6,EWR,BOS,44,37,42,200
f0334,3,5,EV,EWR,BTV,10,-1,48,266
f0335,3,6,UA,JFK,SFO,-6,-24,336,2586
f0336,3,6,AA,LGA,MIA,7,-18,149,1096
f0337,3,6,AA,JFK,LAX,4,-13,341,2475
f0338,3,7,EV,LGA,IAD,-6,-25,47,229
f0339,3,7,DL,LGA,RSW,-9,-6,160,1080
f0340,3,7,MQ,JFK,DCA,-5,-11,45,213
f0341,3,7,MQ,LGA,CMH,9,13,77,479
f0342,3,7,AA,JFK,FLL,3,-19,148,1069
f0343,3,7,EV,EWR,DAY,115,104,82,533
f0344,3,8,9E,JFK,ORD,39,89,114,740
f0345,3,8,DL,LGA,DTW,102,106,79,502
f0346,3,8,WN,EWR,PHX,135,147,311,2133
f0347,3,8,UA,EWR,MCO,38,6,122,937
f0348,3,9,B6,JFK,JAX,30,17,113,828
f0349,3,9,AA,EWR,DFW,-10,-35,200,1372
f0350,3,9,B6,JFK,SJU,31,1,183,1598
f0351,3,9,AA,JFK,AUS,-2,3,223,1521
f0352,3,10,AA,JFK,LAX,-2,-27,314,2475
f0353,3,10,UA,EWR,MCO,-4,-37,125,937
f0354,3,10,AA,JFK,LAX,139,87,307,2475
f0355,3,10,EV,EWR,BDL,19,4,26,116
f0356,3,11,MQ,LGA,ATL,57,50,121,762
f0357,3,11,FL,LGA,ATL,5,24,126,762
f0358,3,11,AA,JFK,SFO,16,-10,341,2586
f0359,3,12,UA,EWR,CLE,-8,-8,70,404
f0360,3,12,9E,JFK,ORD,-5,-27,117,740
f0361,3,12,DL,JFK,MCO,-4,3,153,944
f0362,3,12,EV,LGA,CLT,18,8,100,544
f0363,3,12,WN,LGA,MDW,63,40,112,725
f0364,3,12,DL,JFK,SFO,24,-15,332,2586
f0365,3,12,US,LGA,BOS,36,33,50,184
f0366,3,13,DL,LGA,MIA,-3,18,171,1096
f0367,3,13,AA,LGA,DFW,-7,-38,187,1389
f0368,3,13,EV,EWR,GSP,5,-11,89,594
f0369,3,14,DL,JFK,SFO,-8,-32,344,2586
f0370,3,14,US,LGA,BOS,-7,-12,44,184
f0371,3,14,MQ,JFK,DCA,-2,-7,52,213
f0372,3,14,WN,LGA,DEN,9,-7,223,1620
f0373,3,14,AA,LGA,DFW,-7,-35,193,1389
f0374,3,14,VX,JFK,SFO,-2,-4,359,2586
f0375,3,15,DL,LGA,MSY,57,17,143,1183
f0376,3,15,DL,JFK,ATL,-6,-29,103,760
f0377,3,15,MQ,LGA,RDU,-5,-18,72,431
f0378,3,15,B6,JFK,BUF,-3,1,68,301
f0379,3,15,UA,EWR,SEA,0,16,352,2402
f0380,3,15,UA,EWR,ORD,23,10,123,719
f0381,3,16,DL,JFK,MCO,-5,-24,134,944
f0382,3,16,EV,EWR,GSO,-6,-11,75,445
f0383,3,16,EV,EWR,IAD,42,61,45,212
f0384,3,16,9E,JFK,DFW,4,6,211,1391
f0385,3,16,MQ,LGA,RDU,-8,-10,73,431
f0386,3,17,AA,LGA,ORD,-3,-6,136,733
f0387,3,17,AA,JFK,LAX,-7,19,375,2475
f0388,3,17,DL,EWR,ATL,-3,4,126,746
f0389,3,17,UA,EWR,MCO,0,-26,139,937
f0390,3,17,B6,EWR,MCO,0,8,140,937
f0391,3,17,B6,JFK,SMF,-1,18,375,2521
f0392,3,18,DL,LGA,ATL,-3,8,112,762
f0393,3,18,EV,EWR,DTW,96,75,83,488
f0394,3,18,EV,EWR,MSP,62,52,158,1008
f0395,3,18,FL,LGA,ATL,40,54,122,762
f0396,3,18,B6,JFK,BOS,49,56,33,187
f0397,3,18,B6,EWR,TPA,-5,5,151,997
f0398,3,18,UA,EWR,ORD,2,4,121,719
f0399,3,19,UA,EWR,PBI,16,52,157,1023
f0400,3,19,UA,EWR,LAS,63,58,313,2227
f0401,3,19,EV,EWR,ROC,75,59,42,246
f0402,3,19,AA,LGA,MIA,15,44,179,1096
f0403,3,19,MQ,LGA,CLT,44,56,95,544
f0404,3,19,AA,LGA,STL,-6,2,149,888
f0405,3,19,EV,EWR,ATL,25,31,114,746
f0406,3,19,EV,EWR,BTV,3,3,45,266
f0407,3,20,MQ,EWR,ORD,0,-14,112,719
f0408,3,20,UA,LGA,DEN,-2,-15,226,1620
f0409,3,20,UA,LGA,ORD,-3,-10,111,733
f0410,3,20,B6,JFK,MCO,14,14,148,944
f0411,3,20,AA,JFK,LAX,-8,-4,356,2475
f0412,3,20,B6,JFK,SLC,2,-25,276,1990
f0413,3,21,DL,LGA,TPA,-4,13,157,1010
f0414,3,21,WN,LGA,MDW,14,9,104,725
f0415,3,21,9E,JFK,IAD,9,-6,49,228
f0416,3,21,UA,EWR,MCO,-6,-22,134,937
f0417,3,22,MQ,LGA,DTW,-10,-16,89,502
f0418,3,22,UA,EWR,RSW,-2,-7,163,1068
f0419,3,22,AA,JFK,SJU,-7,-19,198,1598
f0420,3,22,B6,JFK,AUS,13,11,229,1521
f0421,3,22,EV,EWR,CLT,4,-9,82,529
f0422,3,22,AA,JFK,LAX,-8,4,342,2475
f0423,3,22,B6,LGA,FLL,4,-3,146,1076
f0424,3,23,AA,JFK,MIA,-7,-30,142,1089
f0425,3,23,B6,JFK,ORD,0,-9,128,740
f0426,3,23,EV,EWR,BUF,6,4,52,282
f0427,3,23,MQ,JFK,CMH,20,38,78,483
f0428,3,24,B6,JFK,MCO,0,11,147,944
f0429,3,24,UA,EWR,PBI,6,13,162,1023
f0430,3,24,B6,LGA,FLL,20,12,166,1076
f0431,3,24,WN,EWR,STL,2,-7,131,872
f0432,3,24,US,LGA,CLT,56,54,97,544
f0433,3,24,DL,LGA,MCO,-4,34,157,950
f0434,3,25,DL,JFK,FLL,4,-7,160,1069
f0435,3,25,B6,JFK,PBI,74,91,155,1028
f0436,3,25,UA,EWR,MIA,59,51,154,1085
f0437,3,25,B6,JFK,AUS,9,-4,227,1521
f0438,3,25,B6,JFK,JAX,-2,-3,133,828
f0439,3,25,B6,JFK,SYR,-2,-9,38,209
f0440,3,26,EV,EWR,OMA,-2,-22,160,1134
f0441,3,26,EV,EWR,MSP,4,-13,137,1008
f0442,3,26,B6,JFK,SYR,-8,-34,43,209
f0443,3,26,AA,JFK,DFW,6,-38,195,1391
f0444,3,26,MQ,LGA,DTW,-15,2,96,502
f0445,3,26,UA,EWR,BOS,19,2,40,200
f0446,3,27,DL,LGA,ATL,-4,3,111,762
f0447,3,27,EV,EWR,PWM,-1,11,50,284
f0448,3,27,UA,EWR,LAX,-2,-24,329,2454
f0449,3,27,UA,EWR,LAX,6,-6,331,2454
f0450,3,27,AA,JFK,SJU,57,31,193,1598
f0451,3,27,EV,EWR,BDL,2,-17,29,116
f0452,3,28,B6,LGA,FLL,-10,-28,145,1076
f0453,3,28,B6,EWR,FLL,-7,-20,145,1065
f0454,3,28,B6,JFK,LAX,-5,-10,336,2475
f0455,3,28,B6,JFK,BOS,18,10,41,187
f0456,3,28,B6,JFK,BUF,-1,-7,55,301
f0457,3,29,EV,JFK,IAD,4,-6,45,228
f0458,3,29,9E,EWR,CVG,-9,-28,87,569
f0459,3,30,B6,JFK,SJU,-2,10,213,1598
f0460,3,30,DL,LGA,FLL,36,12,143,1076
f0461,3,30,B6,JFK,MCO,9,-10,129,944
f0462,3,30,US,JFK,CLT,3,-7,77,541
f0463,3,30,9E,JFK,JAX,-3,-43,109,828
f0464,3,30,UA,EWR,SJU,2,-7,203,1608
f0465,3,31,UA,EWR,SEA,-7,-25,333,2402
f0466,3,31,UA,JFK,LAX,-4,7,351,2475
f0467,4,1,B6,JFK,MCO,1,-2,139,944
f0468,4,1,DL,EWR,ATL,2,11,116,746
f0469,4,1,UA,EWR,ORD,-7,-25,116,719
f0470,4,1,AA,JFK,MCO,7,15,149,944
f0471,4,1,EV,EWR,CVG,41,60,114,569
f0472,4,1,WN,EWR,DEN,13,14,240,1605
f0473,4,1,DL,JFK,DEN,-7,1,242,1626
f0474,4,1,B6,JFK,BUR,11,22,353,2465
f0475,4,1,DL,LGA,DTW,10,-4,84,502
f0476,4,1,UA,EWR,BOS,-6,-24,35,200
f0477,4,2,MQ,LGA,CMH,-8,-10,83,479
f0478,4,2,AA,LGA,ORD,-7,-18,123,733
f0479,4,2,B6,EWR,FLL,-5,-24,149,1065
f0480,4,2,EV,EWR,RDU,14,16,79,416
f0481,4,2,UA,EWR,RSW,-4,-13,152,1068
f0482,4,2,US,LGA,BOS,-7,-13,38,184
f0483,4,2,B6,JFK,RSW,-2,-6,159,1074
f0484,4,2,UA,EWR,LAS,-3,-26,305,2227
f0485,4,2,EV,EWR,GRR,174,169,97,605
f0486,4,2,DL,LGA,RSW,107,99,161,1080
f0487,4,2,UA,LGA,ORD,-8,-33,114,733
f0488,4,2,UA,EWR,TPA,41,23,139,997
f0489,4,3,B6,JFK,CHS,-6,6,102,636
f0490,4,3,UA,EWR,IAH,-5,28,230,1400
f0491,4,3,B6,JFK,RSW,-9,-18,161,1074
f0492,4,4,EV,LGA,MEM,-3,1,165,963
f0493,4,4,AA,JFK,MCO,1,5,134,944
f0494,4,4,DL,JFK,SEA,0,-11,344,2422
f0495,4,4,UA,EWR,SEA,-4,7,341,2402
f0496,4,4,DL,JFK,SLC,0,-6,277,1990
f0497,4,4,AA,LGA,MIA,15,33,173,1096
f0498,4,5,US,LGA,BOS,-4,-4,41,184
f0499,4,5,DL,JFK,LAS,-2,43,317,2248
f0500,4,6,MQ,LGA,CMH,-3,-17,74,479
f0501,4,6,UA,EWR,FLL,58,67,143,1065
f0502,4,6,MQ,LGA,MSP,17,25,153,1020
f0503,4,6,EV,EWR,BOS,18,10,40,200
f0504,4,6,B6,JFK,ROC,-4,-25,47,264
f0505,4,7,B6,JFK,FLL,-5,-12,148,1069
f0506,4,7,EV,EWR,IAD,2,-11,41,212
f0507,4,7,MQ,LGA,BNA,-3,-12,112,764
f0508,4,8,EV,EWR,DTW,-7,-17,87,488
f0509,4,8,MQ,LGA,ATL,-4,6,109,762
f0510,4,8,UA,EWR,HNL,8,-12,614,4963
f0511,4,8,EV,EWR,PWM,-2,-10,49,284
f0512,4,8,UA,EWR,IAH,-4,-17,196,1400
f0513,4,8,UA,EWR,PDX,-5,-42,332,2434
f0514,4,8,B6,JFK,SJU,-9,-24,190,1598
f0515,4,9,AA,LGA,DFW,-10,-5,207,1389
f0516,4,9,AA,LGA,DFW,-6,-13,210,1389
f0517,4,9,WN,EWR,AUS,-4,-22,220,1504
f0518,4,9,DL,JFK,SJU,-11,-29,187,1598
f0519,4,10,EV,LGA,IAD,-7,-11,49,229
f0520,4,10,9E,JFK,DTW,0,-9,92,509
f0521,4,10,AA,LGA,ORD,44,84,154,733
f0522,4,10,DL,JFK,SFO,-9,-18,345,2586
f0523,4,10,UA,EWR,MCO,-5,-18,132,937
f0524,4,10,MQ,LGA,RDU,-1,-1,66,431
f0525,4,10,AA,LGA,MIA,-2,104,143,1096
f0526,4,11,US,LGA,CLT,0,-8,87,544
f0527,4,11,B6,JFK,BUF,66,66,57,301
f0528,4,11,UA,EWR,ORD,5,14,122,719
f0529,4,11,UA,JFK,LAX,6,-10,330,2475
f0530,4,11,DL,LGA,MCO,-3,-17,127,950
f0531,4,11,UA,EWR,DEN,1,-11,222,1605
f0532,4,12,B6,JFK,CLT,43,63,93,541
f0533,4,12,AA,LGA,DFW,18,39,234,1389
f0534,4,12,WN,EWR,PHX,143,145,300,2133
f0535,4,12,EV,LGA,GSO,89,104,94,461
f0536,4,13,HA,JFK,HNL,-5,-7,637,4983
f0537,4,13,UA,LGA,DEN,-4,-22,224,1620
f0538,4,13,B6,JFK,SJU,0,28,234,1598
f0539,4,13,DL,LGA,MSP,-2,-21,146,1020
f0540,4,13,B6,JFK,SJU,4,17,218,1598
f0541,4,14,UA,EWR,PDX,4,-30,310,2434
f0542,4,15,EV,EWR,JAX,-8,-7,117,820
f0543,4,15,AA,LGA,DFW,3,-6,203,1389
f0544,4,15,EV,EWR,GSO,-9,-20,68,445
f0545,4,16,AA,LGA,MIA,-5,-18,145,1096
f0546,4,16,EV,EWR,RDU,-4,-8,69,416
f0547,4,16,DL,LGA,ATL,-4,4,115,762
f0548,4,16,HA,JFK,HNL,-7,-27,631,4983
f0549,4,16,MQ,LGA,CLE,236,251,75,419
f0550,4,16,EV,EWR,BNA,-5,-6,113,748
f0551,4,16,EV,EWR,DTW,-4,-9,90,488
f0552,4,16,9E,JFK,BNA,-6,-16,115,765
f0553,4,17,B6,JFK,RSW,-8,-15,154,1074
f0554,4,17,VX,JFK,SFO,1,-16,359,2586
f0555,4,17,US,LGA,BOS,40,38,36,184
f0556,4,17,DL,LGA,MIA,-6,-20,152,1096
f0557,4,17,9E,JFK,IAD,-8,-30,47,228
f0558,4,18,WN,EWR,MDW,168,185,116,711
f0559,4,18,B6,JFK,IAD,-2,-4,50,228
f0560,4,18,EV,LGA,BTV,-4,13,41,258
f0561,4,18,UA,JFK,SFO,6,70,368,2586
f0562,4,18,US,LGA,BOS,-6,7,55,184
f0563,4,18,EV,EWR,DCA,101,114,40,199
f0564,4,18,9E,JFK,RDU,82,88,71,427
f0565,4,18,EV,EWR,CVG,228,213,92,569
f0566,4,19,UA,EWR,MCO,-1,-29,124,937
f0567,4,19,UA,LGA,DEN,66,52,216,1620
f0568,4,19,DL,JFK,LAS,-2,-13,299,2248
f0569,4,19,US,LGA,CLT,3,5,87,544
f0570,4,19,UA,EWR,MIA,1,6,166,1085
f0571,4,19,US,LGA,DCA,4,-8,50,214
f0572,4,19,US,LGA,BOS,-5,-28,41,184
f0573,4,19,B6,JFK,IAD,82,129,52,228
f0574,4,20,UA,EWR,MIA,-4,17,181,1085
f0575,4,20,AA,JFK,BOS,-6,-12,41,187
f0576,4,20,AA,JFK,ORD,-3,-3,140,740
f0577,4,20,B6,JFK,LAS,37,12,306,2248
f0578,4,21,B6,JFK,SJU,4,-1,198,1598
f0579,4,21,UA,EWR,FLL,6,8,166,1065
f0580,4,21,EV,EWR,PWM,-11,-9,52,284
f0581,4,21,DL,LGA,ATL,-5,18,120,762
f0582,4,21,DL,JFK,LAS,-4,-30,311,2248
f0583,4,21,B6,JFK,MCO,28,49,150,944
f0584,4,22,B6,JFK,BUF,-6,-16,49,301
f0585,4,22,EV,EWR,BNA,6,20,113,748
f0586,4,22,B6,JFK,MCO,11,34,149,944
f0587,4,22,AA,JFK,MCO,5,37,151,944
f0588,4,22,AS,EWR,SEA,4,-9,325,2402
f0589,4,22,AA,JFK,SEA,1,-36,324,2422
f0590,4,22,DL,JFK,ATL,3,3,117,760
f0591,4,22,UA,EWR,LAX,230,232,342,2454
f0592,4,23,DL,JFK,LAX,-3,-5,348,2475
f0593,4,23,DL,LGA,DTW,-10,-4,86,502
f0594,4,23,MQ,LGA,BNA,41,80,106,764
f0595,4,23,US,EWR,CLT,0,2,79,529
f0596,4,23,DL,LGA,DTW,18,11,92,502
f0597,4,23,DL,JFK,LAX,-7,-2,352,2475
f0598,4,24,MQ,LGA,DTW,-3,5,91,502
f0599,4,24,AA,LGA,STL,-9,-10,136,888
f0600,4,24,B6,JFK,LAS,0,3,312,2248
f0601,4,24,AA,LGA,MIA,40,36,153,1096
f0602,4,24,EV,EWR,OMA,63,66,173,1134
f0603,4,25,WN,LGA,MDW,-1,-7,118,725
f0604,4,25,US,EWR,CLT,-5,27,92,529
f0605,4,25,UA,EWR,MIA,-2,-6,157,1085
f0606,4,25,WN,LGA,MKE,25,48,108,738
f0607,4,25,MQ,EWR,ORD,47,44,115,719
f0608,4,25,B6,JFK,RSW,-7,-15,163,1074
f0609,4,25,EV,EWR,CVG,161,175,96,569
f0610,4,25,DL,JFK,LAS,-4,7,313,2248
f0611,4,25,UA,EWR,SAN,33,59,355,2425
f0612,4,25,9E,JFK,ORD,16,14,115,740
f0613,4,25,DL,LGA,MCO,26,44,134,950
f0614,4,25,UA,EWR,PBI,73,59,136,1023
f0615,4,26,EV,EWR,CVG,-3,-18,99,569
f0616,4,26,F9,LGA,DEN,-9,5,231,1620
f0617,4,26,EV,EWR,CHS,-7,39,97,628
f0618,4,26,B6,JFK,SJU,0,-23,188,1598
f0619,4,26,9E,JFK,DFW,-4,13,212,1391
f0620,4,26,MQ,JFK,CMH,-2,-4,79,483
f0621,4,26,DL,EWR,ATL,0,-1,112,746
f0622,4,26,UA,LGA,ORD,39,24,119,733
f0623,4,26,B6,JFK,MSY,27,4,165,1182
f0624,4,27,AA,JFK,LAX,48,12,322,2475
f0625,4,27,US,JFK,PHX,-2,-40,271,2153
f0626,4,27,WN,LGA,MDW,31,16,115,725
f0627,4,27,DL,LGA,PWM,-3,-17,45,269
f0628,4,27,B6,JFK,SFO,-2,-64,328,2586
f0629,4,28,AA,LGA,ORD,-10,-37,106,733
f0630,4,28,B6,JFK,SAN,-7,-24,314,2446
f0631,4,28,EV,JFK,IAD,-10,-20,44,228
f0632,4,28,WN,EWR,HOU,3,14,213,1411
f0633,4,28,EV,JFK,IAD,-2,-11,44,228
f0634,4,28,B6,JFK,SRQ,-11,-20,149,1041
f0635,4,28,UA,EWR,DFW,-7,-21,194,1372
f0636,4,28,EV,EWR,SDF,-7,-9,109,642
f0637,4,30,AA,LGA,MIA,-5,-14,159,1096
f0638,4,30,UA,EWR,BOS,0,-9,35,200
f0639,4,30,VX,EWR,LAX,0,-44,314,2454
f0640,4,30,MQ,LGA,CMH,-7,-27,69,479
f0641,4,30,AA,JFK,ORD,-2,-36,112,740
f0642,4,30,UA,EWR,SAT,7,-8,216,1569
f0643,4,30,9E,JFK,PIT,-4,3,62,340
f0644,5,1,DL,LGA,TPA,-2,-10,140,1010
f0645,5,1,UA,EWR,SFO,-4,-15,349,2565
f0646,5,1,US,LGA,DCA,-5,3,39,214
f0647,5,1,EV,EWR,GSO,-3,-10,70,445
f0648,5,1,US,EWR,CLT,-8,-18,77,529
f0649,5,1,9E,JFK,BOS,1,-25,34,187
f0650,5,1,UA,EWR,SFO,-3,-31,325,2565
f0651,5,1,MQ,LGA,BNA,-8,-6,99,764
f0652,5,1,DL,LGA,ATL,-3,-13,105,762
f0653,5,2,EV,EWR,SDF,-1,-18,93,642
f0654,5,2,AA,JFK,MIA,-1,-17,146,1089
f0655,5,2,UA,EWR,PBI,-2,8,146,1023
f0656,5,2,US,JFK,CLT,35,47,83,541
f0657,5,2,UA,EWR,SFO,-3,-73,314,2565
f0658,5,2,WN,LGA,MDW,24,-8,99,725
f0659,5,2,UA,EWR,BOS,148,124,40,200
f0660,5,3,B6,JFK,RSW,-3,9,159,1074
f0661,5,3,UA,EWR,MSY,-2,-2,165,1167
f0662,5,3,US,LGA,BOS,-9,-5,40,184
f0663,5,3,US,JFK,PHX,110,84,262,2153
f0664,5,3,UA,EWR,TPA,-2,-17,138,997
f0665,5,4,B6,JFK,RDU,-6,5,71,427
f0666,5,4,MQ,LGA,CMH,-6,-33,70,479
f0667,5,4,AA,JFK,BOS,-7,-29,36,187
f0668,5,4,9E,JFK,BOS,129,89,34,187
f0669,5,4,EV,JFK,IAD,88,80,39,228
f0670,5,4,MQ,JFK,CMH,192,170,66,483
f0671,5,5,DL,EWR,ATL,-3,-12,108,746
f0672,5,5,DL,LGA,PWM,-3,-19,44,269
f0673,5,6,UA,JFK,LAX,11,-9,329,2475
f0674,5,6,AA,LGA,ORD,-2,-18,110,733
f0675,5,6,AA,LGA,STL,-10,-51,113,888
f0676,5,6,9E,JFK,MSP,0,-48,134,1029
f0677,5,7,DL,EWR,ATL,-3,-8,100,746
f0678,5,7,MQ,LGA,RDU,-1,10,64,431
f0679,5,7,US,LGA,BOS,-4,-6,33,184
f0680,5,7,EV,EWR,DTW,-3,-26,81,488
f0681,5,7,AA,LGA,ORD,-10,-50,105,733
f0682,5,7,WN,EWR,MDW,77,45,93,711
f0683,5,7,B6,JFK,BTV,-11,-27,44,266
f0684,5,8,EV,EWR,IND,-3,-23,88,645
f0685,5,8,EV,EWR,DCA,-6,-11,47,199
f0686,5,8,DL,LGA,DTW,24,13,73,502
f0687,5,8,MQ,JFK,DCA,-9,-6,53,213
f0688,5,8,DL,LGA,MCO,91,79,131,950
f0689,5,8,WN,EWR,MSY,203,173,159,1167
f0690,5,9,DL,LGA,DEN,19,9,225,1620
f0691,5,9,B6,JFK,FLL,-1,6,142,1069
f0692,5,9,EV,EWR,DSM,78,71,145,1017
f0693,5,9,EV,EWR,RIC,62,42,49,277
f0694,5,10,EV,EWR,MSP,-5,-23,144,1008
f0695,5,10,B6,JFK,PBI,-7,-19,138,1028
f0696,5,10,MQ,JFK,DCA,-3,5,48,213
f0697,5,10,EV,EWR,MCI,-4,4,164,1092
f0698,5,10,DL,LGA,ATL,-1,-18,103,762
f0699,5,10,B6,JFK,BUF,-3,21,57,301
f0700,5,11,B6,JFK,MCO,8,13,129,944
f0701,5,11,US,LGA,CLT,-9,-13,85,544
f0702,5,11,UA,EWR,DEN,4,34,225,1605
f0703,5,11,EV,EWR,SAV,4,41,117,708
f0704,5,11,US,EWR,PHX,-11,-26,285,2133
f0705,5,12,9E,JFK,ORD,21,13,116,740
f0706,5,12,WN,EWR,HOU,-1,12,222,1411
f0707,5,12,B6,JFK,PBI,-2,3,145,1028
f0708,5,12,UA,EWR,SFO,3,-50,327,2565
f0709,5,13,MQ,LGA,XNA,-4,-8,171,1147
f0710,5,13,EV,EWR,DTW,-2,-15,85,488
f0711,5,13,B6,JFK,SAN,-8,-56,296,2446
f0712,5,13,UA,EWR,LAS,2,-48,285,2227
f0713,5,14,UA,EWR,SFO,32,-4,322,2565
f0714,5,14,UA,EWR,SAN,2,-13,303,2425
f0715,5,14,AA,LGA,ORD,-2,-8,119,733
f0716,5,14,VX,JFK,SFO,-1,-29,336,2586
f0717,5,14,B6,JFK,MSY,5,-10,154,1182
f0718,5,14,9E,JFK,ORF,-6,-23,43,290
f0719,5,14,DL,JFK,LAX,-3,-37,312,2475
f0720,5,15,UA,EWR,SJU,12,-7,184,1608
f0721,5,15,UA,LGA,ORD,225,204,114,733
f0722,5,15,UA,EWR,SFO,-7,-34,327,2565
f0723,5,15,EV,EWR,MCI,22,4,152,1092
f0724,5,15,UA,JFK,SFO,-2,-5,341,2586
f0725,5,16,MQ,JFK,DCA,-3,0,48,213
f0726,5,16,AA,JFK,LAX,-6,-28,328,2475
f0727,5,16,AA,LGA,DFW,11,18,199,1389
f0728,5,16,UA,EWR,ORD,7,10,110,719
f0729,5,16,UA,EWR,LAX,-1,-25,317,2454
f0730,5,16,EV,EWR,GSP,90,74,86,594
f0731,5,17,MQ,LGA,BNA,0,14,105,764
f0732,5,17,9E,JFK,BOS,-4,-34,34,187
f0733,5,17,WN,EWR,BNA,17,0,108,748
f0734,5,17,US,LGA,DCA,-9,-8,41,214
f0735,5,17,EV,EWR,PVD,39,24,28,160
f0736,5,17,UA,EWR,LAX,-8,-17,312,2454
f0737,5,17,9E,JFK,BWI,0,-31,41,184
f0738,5,18,DL,JFK,SLC,-2,-29,255,1990
f0739,5,19,US,LGA,PHL,21,17,33,96
f0740,5,19,UA,EWR,PBI,1,-15,137,1023
f0741,5,19,AA,EWR,DFW,22,3,179,1372
f0742,5,20,US,JFK,PHX,-4,-28,295,2153
f0743,5,20,UA,EWR,FLL,5,17,183,1065
f0744,5,20,B6,JFK,ROC,-6,-14,47,264
f0745,5,20,MQ,LGA,RDU,114,113,64,431
f0746,5,20,UA,EWR,LAS,-6,6,269,2227
f0747,5,20,DL,JFK,ATL,-3,-15,113,760
f0748,5,20,B6,JFK,BUF,3,-8,51,301
f0749,5,21,UA,EWR,MIA,-4,1,164,1085
f0750,5,21,DL,JFK,SFO,-2,-31,339,2586
f0751,5,21,AA,JFK,LAX,-5,-34,331,2475
f0752,5,21,MQ,LGA,BNA,32,26,113,764
f0753,5,21,MQ,LGA,ATL,-3,-6,100,762
f0754,5,22,MQ,LGA,DTW,-6,-13,80,502
f0755,5,22,VX,EWR,LAX,0,-10,321,2454
f0756,5,22,B6,JFK,PWM,41,23,43,273
f0757,5,22,B6,JFK,SFO,0,-16,352,2586
f0758,5,22,9E,JFK,ORF,130,157,49,290
f0759,5,22,UA,EWR,SEA,13,11,321,2402
f0760,5,23,EV,EWR,XNA,3,23,156,1131
f0761,5,23,DL,LGA,ATL,0,36,109,762
f0762,5,23,DL,JFK,SFO,4,-10,342,2586
f0763,5,23,DL,LGA,ATL,-3,59,119,762
f0764,5,23,UA,EWR,AUS,220,188,203,1504
f0765,5,24,UA,EWR,PHX,-5,-15,286,2133
f0766,5,24,UA,EWR,ORD,6,-10,103,719
f0767,5,24,UA,EWR,PHX,-4,-16,290,2133
f0768,5,24,B6,LGA,RSW,0,12,158,1080
f0769,5,24,UA,EWR,ORD,7,-19,103,719
f0770,5,24,AA,LGA,DFW,56,38,197,1389
f0771,5,25,B6,LGA,TPA,-3,-13,135,1010
f0772,5,25,DL,JFK,LAS,198,187,292,2248
f0773,5,25,UA,EWR,SFO,16,30,364,2565
f0774,5,25,9E,JFK,DCA,-1,-18,38,213
f0775,5,26,B6,LGA,TPA,23,11,135,1010
f0776,5,26,WN,EWR,PHX,10,-2,290,2133
f0777,5,26,UA,JFK,LAX,-1,0,336,2475
f0778,5,26,UA,LGA,ORD,6,-25,110,733
f0779,5,27,EV,EWR,STL,-2,-24,125,872
f0780,5,27,UA,EWR,SNA,14,1,337,2434
f0781,5,27,UA,EWR,MCO,-7,-24,129,937
f0782,5,27,B6,JFK,ABQ,-9,-22,243,1826
f0783,5,28,DL,LGA,DTW,-1,-5,83,502
f0784,5,28,DL,EWR,MSP,-10,-17,152,1008
f0785,5,28,US,EWR,CLT,-4,-12,79,529
f0786,5,28,DL,EWR,ATL,12,10,100,746
f0787,5,28,EV,EWR,CHS,46,53,86,628
f0788,5,28,B6,JFK,LGB,-1,-33,321,2465
f0789,5,29,EV,EWR,ALB,-1,-6,37,143
f0790,5,29,AA,LGA,DFW,-7,-16,197,1389
f0791,5,29,MQ,LGA,RDU,0,27,63,431
f0792,5,29,B6,LGA,SRQ,-5,2,147,1047
f0793,5,29,UA,EWR,LAX,66,72,340,2454
f0794,5,29,DL,JFK,ATL,-2,-5,118,760
f0795,5,29,DL,JFK,SJU,-3,-23,195,1598
f0796,5,30,AA,JFK,SJU,-6,-14,207,1598
f0797,5,30,WN,EWR,AUS,-2,-19,201,1504
f0798,5,30,B6,JFK,TPA,-3,-23,131,1005
f0799,5,30,B6,JFK,JAX,-2,-25,107,828
f0800,5,30,B6,JFK,TPA,2,-17,130,1005
f0801,5,31,EV,EWR,DTW,179,159,78,488
f0802,5,31,UA,EWR,FLL,12,-1,137,1065
f0803,5,31,B6,JFK,PWM,-5,-6,52,273
f0804,5,31,DL,LGA,DTW,-6,-33,74,502
f0805,5,31,B6,JFK,BUF,-3,-28,53,301
f0806,5,31,DL,JFK,DEN,-2,-40,214,1626
f0807,5,31,EV,EWR,MSY,7,-20,154,1167
f0808,5,31,AA,JFK,LAX,1,-14,334,2475
f0809,5,31,DL,LGA,PWM,-2,-14,44,269
f0810,5,31,DL,JFK,SEA,6,1,311,2422
f0811,6,1,UA,EWR,STT,-6,-30,202,1634
f0812,6,1,DL,JFK,MCO,0,-23,117,944
f0813,6,1,UA,EWR,PBI,-4,-26,137,1023
f0814,6,2,UA,EWR,LAS,-4,-36,299,2227
f0815,6,2,B6,JFK,BTV,-9,-12,44,266
f0816,6,2,DL,LGA,ATL,131,145,112,762
f0817,6,2,EV,EWR,CMH,154,137,75,463
f0818,6,2,DL,LGA,TPA,60,33,135,1010
f0819,6,3,WN,EWR,HOU,18,14,199,1411
f0820,6,3,VX,JFK,SFO,0,5,342,2586
f0821,6,3,DL,LGA,MSY,-5,-7,172,1183
f0822,6,3,MQ,LGA,ATL,153,166,117,762
f0823,6,3,B6,JFK,SYR,12,3,46,209
f0824,6,3,UA,JFK,SFO,-6,-13,340,2586
f0825,6,3,EV,EWR,STL,33,53,136,872
f0826,6,3,AA,EWR,DFW,-5,-27,184,1372
f0827,6,3,UA,EWR,DEN,-1,-8,211,1605
f0828,6,4,AA,LGA,ORD,-8,-26,115,733
f0829,6,4,UA,EWR,SFO,-3,-14,348,2565
f0830,6,4,MQ,LGA,CLE,68,75,68,419
f0831,6,4,EV,EWR,ATL,55,35,105,746
f0832,6,4,UA,EWR,LAX,-3,-18,339,2454
f0833,6,5,EV,EWR,GSO,-10,-16,68,445
f0834,6,5,B6,JFK,MSY,-4,-5,174,1182
f0835,6,5,UA,EWR,LAS,15,-6,295,2227
f0836,6,5,AA,JFK,BOS,12,10,37,187
f0837,6,5,B6,JFK,RDU,-7,-8,69,427
f0838,6,6,EV,EWR,SDF,56,46,105,642
f0839,6,6,MQ,LGA,DTW,-10,-27,88,502
f0840,6,6,DL,LGA,DTW,25,36,98,502
f0841,6,6,MQ,LGA,CMH,70,46,75,479
f0842,6,7,DL,JFK,TPA,-3,6,147,1005
f0843,6,7,UA,EWR,SFO,-2,-11,322,2565
f0844,6,7,AA,JFK,BOS,-3,21,50,187
f0845,6,7,EV,EWR,DCA,34,37,46,199
f0846,6,7,9E,JFK,IAD,21,31,53,228
f0847,6,7,EV,EWR,CLT,67,107,111,529
f0848,6,8,B6,LGA,MCO,-9,-12,140,950
f0849,6,8,B6,JFK,BTV,-1,-7,44,266
f0850,6,8,UA,EWR,SFO,0,-13,333,2565
f0851,6,8,DL,LGA,DEN,2,-31,224,1620
f0852,6,8,9E,JFK,ORF,105,83,48,290
f0853,6,9,EV,EWR,IAD,1,-7,43,212
f0854,6,9,WN,EWR,MDW,3,2,116,711
f0855,6,9,B6,JFK,SJC,-5,-7,350,2569
f0856,6,10,B6,JFK,CLT,30,46,104,541
f0857,6,10,FL,LGA,CAK,116,117,63,397
f0858,6,10,B6,JFK,HOU,99,100,199,1428
f0859,6,10,DL,JFK,SFO,15,41,360,2586
f0860,6,10,US,EWR,CLT,76,73,85,529
f0861,6,10,DL,LGA,FLL,108,126,162,1076
f0862,6,10,EV,EWR,CLT,55,72,85,529
f0863,6,11,DL,JFK,ATL,15,10,98,760
f0864,6,11,EV,EWR,ATL,13,-11,100,746
f0865,6,11,US,LGA,BOS,2,47,46,184
f0866,6,12,UA,JFK,LAX,4,-3,324,2475
f0867,6,12,AA,EWR,MIA,-4,-14,141,1085
f0868,6,12,UA,LGA,ORD,-1,-4,118,733
f0869,6,12,UA,EWR,IAH,-8,-14,191,1400
f0870,6,12,B6,EWR,BOS,195,193,46,200
f0871,6,12,DL,LGA,FLL,-4,-18,138,1076
f0872,6,12,EV,EWR,JAX,2,-14,108,820
f0873,6,12,9E,JFK,MCI,-7,-29,151,1113
f0874,6,12,US,LGA,DCA,-7,9,47,214
f0875,6,12,9E,JFK,JAX,-1,3,107,828
f0876,6,12,EV,LGA,MHT,-3,-1,38,195
f0877,6,12,B6,JFK,BOS,-7,-12,40,187
f0878,6,13,UA,EWR,ATL,0,13,116,746
f0879,6,13,DL,JFK,PDX,9,15,332,2454
f0880,6,13,9E,JFK,CVG,68,144,94,589
f0881,6,13,9E,JFK,CLE,126,146,80,425
f0882,6,14,DL,LGA,ATL,11,5,98,762
f0883,6,15,MQ,LGA,ATL,9,6,104,762
f0884,6,15,WN,LGA,HOU,8,-11,182,1428
f0885,6,15,MQ,JFK,DCA,181,156,42,213
f0886,6,15,EV,EWR,RIC,-4,-25,47,277
f0887,6,15,B6,JFK,LGB,4,-38,322,2465
f0888,6,15,WN,EWR,MDW,-5,-25,107,711
f0889,6,15,B6,JFK,SMF,18,19,361,2521
f0890,6,15,UA,EWR,PBI,59,28,129,1023
f0891,6,16,B6,LGA,TPA,-6,-8,138,1010
f0892,6,16,DL,LGA,ATL,1,-19,109,762
f0893,6,16,EV,EWR,BNA,10,18,110,748
f0894,6,16,AA,LGA,ORD,-5,-23,114,733
f0895,6,16,B6,JFK,PHX,-3,-1,304,2153
f0896,6,17,AA,LGA,MIA,0,-28,150,1096
f0897,6,17,UA,EWR,SFO,2,2,351,2565
f0898,6,17,EV,EWR,RIC,336,345,57,277
f0899,6,17,US,LGA,DCA,11,2,39,214
f0900,6,17,B6,JFK,TPA,25,40,139,1005
f0901,6,18,AA,JFK,DFW,3,37,203,1391
f0902,6,18,AA,JFK,LAX,1,25,340,2475
f0903,6,18,VX,JFK,SFO,30,50,376,2586
f0904,6,18,UA,EWR,PBI,6,19,155,1023
f0905,6,19,UA,EWR,LAX,2,-5,308,2454
f0906,6,19,B6,EWR,FLL,-5,7,148,1065
f0907,6,20,AA,LGA,ORD,-3,-16,113,733
f0908,6,20,AA,JFK,MCO,-8,-21,127,944
f0909,6,20,B6,JFK,CHS,-6,-10,95,636
f0910,6,20,AA,LGA,DFW,3,-21,179,1389
f0911,6,20,EV,LGA,PIT,-9,-10,54,335
f0912,6,20,UA,EWR,SAT,-10,-19,212,1569
f0913,6,20,VX,EWR,SFO,0,-15,343,2565
f0914,6,20,9E,JFK,MSP,-3,-30,151,1029
f0915,6,20,B6,JFK,ORD,63,52,112,740
f0916,6,21,MQ,EWR,ORD,3,0,104,719
f0917,6,21,UA,EWR,SEA,-3,-48,308,2402
f0918,6,21,UA,EWR,SNA,-5,-31,310,2434
f0919,6,21,EV,EWR,CVG,-2,-13,86,569
f0920,6,21,FL,LGA,CAK,1,-9,59,397
f0921,6,21,AA,LGA,STL,-3,-13,123,888
f0922,6,21,9E,JFK,DTW,260,231,81,509
f0923,6,21,9E,LGA,DAY,41,22,80,549
f0924,6,22,AA,JFK,MIA,22,11,149,1089
f0925,6,22,B6,JFK,BOS,66,61,37,187
f0926,6,22,US,EWR,CLT,-1,-16,74,529
f0927,6,22,9E,JFK,PIT,71,46,58,340
f0928,6,23,AA,LGA,DFW,10,-11,171,1389
f0929,6,23,US,JFK,PHX,-6,-40,271,2153
f0930,6,23,AA,LGA,MIA,-4,-22,156,1096
f0931,6,23,B6,EWR,TPA,3,4,146,997
f0932,6,23,B6,EWR,MCO,-4,-7,127,937
f0933,6,23,WN,LGA,MKE,23,8,117,738
f0934,6,23,MQ,LGA,ATL,-8,16,109,762
f0935,6,23,B6,JFK,BOS,9,22,37,187
f0936,6,24,UA,JFK,LAX,10,5,328,2475
f0937,6,24,VX,JFK,LAX,1,14,331,2475
f0938,6,24,UA,EWR,ORD,33,12,100,719
f0939,6,24,MQ,LGA,CLT,-7,-14,78,544
f0940,6,24,EV,EWR,SAV,15,8,101,708
f0941,6,24,EV,EWR,IND,7,5,101,645
f0942,6,24,DL,LGA,TPA,-5,-21,137,1010
f0943,6,24,EV,EWR,STL,22,9,126,872
f0944,6,24,AA,LGA,MIA,-1,-4,161,1096
f0945,6,25,DL,LGA,DTW,-1,-24,77,502
f0946,6,25,US,EWR,CLT,12,-4,76,529
f0947,6,25,AA,EWR,DFW,104,91,178,1372
f0948,6,25,AA,LGA,DFW,22,34,180,1389
f0949,6,25,DL,LGA,ATL,155,156,110,762
f0950,6,26,UA,EWR,SFO,65,72,338,2565
f0951,6,26,UA,LGA,IAH,10,-9,187,1416
f0952,6,26,DL,LGA,ATL,18,57,102,762
f0953,6,26,B6,JFK,ABQ,30,40,240,1826
f0954,6,26,WN,LGA,MDW,61,30,107,725
f0955,6,27,B6,JFK,BOS,-4,-15,33,187
f0956,6,27,DL,LGA,ATL,6,4,100,762
f0957,6,27,UA,EWR,ORD,10,-1,107,719
f0958,6,27,US,EWR,PHX,-4,-25,260,2133
f0959,6,27,AA,LGA,STL,803,802,134,888
f0960,6,28,AA,JFK,MCO,-7,-20,129,944
f0961,6,28,US,EWR,PHX,-2,0,279,2133
f0962,6,28,FL,LGA,ATL,15,9,111,762
f0963,6,28,UA,EWR,ORD,4,33,123,719
f0964,6,28,AA,LGA,DFW,-2,2,193,1389
f0965,6,29,EV,EWR,MSP,12,-14,131,1008
f0966,6,29,EV,EWR,AVL,-3,-7,91,583
f0967,6,29,VX,JFK,SFO,10,-18,333,2586
f0968,6,29,UA,JFK,LAX,-2,-6,315,2475
f0969,6,29,9E,JFK,CLT,-1,-7,87,541
f0970,6,29,B6,JFK,ORD,7,28,112,740
f0971,6,30,WN,LGA,MKE,-2,-24,102,738
f0972,6,30,EV,LGA,IAD,-11,-17,45,229
f0973,6,30,B6,JFK,ACK,-1,39,50,199
f0974,6,30,DL,EWR,ATL,-2,6,113,746
f0975,6,30,VX,JFK,SFO,33,51,335,2586
f0976,6,30,B6,JFK,BUF,113,96,52,301
f0977,7,1,WN,EWR,MDW,126,115,102,711
f0978,7,1,AA,JFK,LAX,46,-1,294,2475
f0979,7,2,US,EWR,CLT,9,31,81,529
f0980,7,2,9E,EWR,CVG,-3,-13,96,569
f0981,7,2,WN,LGA,MKE,13,-16,104,738
f0982,7,2,9E,JFK,DFW,-1,17,200,1391
f0983,7,2,DL,JFK,LAX,11,24,312,2475
f0984,7,2,EV,EWR,CVG,17,-2,90,569
f0985,7,3,AA,JFK,MIA,-3,-9,146,1089
f0986,7,3,UA,EWR,SEA,-1,-16,312,2402
f0987,7,3,DL,LGA,MIA,33,3,148,1096
f0988,7,3,DL,JFK,BOS,-2,-21,45,187
f0989,7,3,UA,EWR,FLL,47,31,138,1065
f0990,7,3,EV,EWR,SDF,130,108,104,642
f0991,7,4,UA,LGA,IAH,-3,1,186,1416
f0992,7,4,UA,EWR,PBI,-7,-19,144,1023
f0993,7,4,AA,JFK,BOS,1,-12,40,187
f0994,7,4,B6,JFK,SJU,-2,-1,197,1598
f0995,7,5,AA,LGA,DFW,-5,-15,180,1389
f0996,7,5,EV,EWR,DTW,3,-19,70,488
f0997,7,5,DL,JFK,SLC,-2,-12,257,1990
f0998,7,5,B6,JFK,MCO,-7,-19,125,944
f0999,7,5,9E,JFK,BWI,211,209,35,184
f1000,7,5,DL,EWR,ATL,79,79,127,746
f1001,7,5,MQ,LGA,BNA,-12,-27,102,764
f1002,7,6,MQ,EWR,ORD,-1,-7,107,719
f1003,7,6,US,EWR,CLT,-3,-17,79,529
f1004,7,7,B6,JFK,MCO,7,-6,125,944
f1005,7,7,DL,JFK,MIA,-2,-20,144,1089
f1006,7,7,EV,EWR,SAV,-4,-15,102,708
f1007,7,7,MQ,LGA,MSP,128,134,136,1020
f1008,7,7,EV,EWR,JAX,-1,9,112,820
f1009,7,8,US,JFK,PHX,-1,8,274,2153
f1010,7,8,B6,JFK,JAX,-2,20,120,828
f1011,7,8,EV,EWR,BTV,13,-5,44,266
f1012,7,8,B6,JFK,FLL,5,-9,146,1069
f1013,7,9,US,EWR,CLT,-3,-3,78,529
f1014,7,9,AA,LGA,ORD,9,-3,111,733
f1015,7,9,EV,JFK,IAD,11,1,45,228
f1016,7,9,UA,EWR,TPA,85,88,145,997
f1017,7,10,DL,LGA,PBI,1,-10,137,1035
f1018,7,10,UA,EWR,SFO,-2,1,345,2565
f1019,7,10,UA,EWR,BOS,0,-9,47,200
f1020,7,10,DL,JFK,SAN,118,218,314,2446
f1021,7,11,UA,LGA,ORD,22,15,112,733
f1022,7,11,US,LGA,DCA,-1,4,46,214
f1023,7,11,UA,EWR,IAH,3,-1,184,1400
f1024,7,11,AA,EWR,LAX,-5,-48,306,2454
f1025,7,11,EV,EWR,CHS,7,-7,92,628
f1026,7,11,B6,EWR,MCO,133,127,126,937
f1027,7,12,AA,JFK,STT,4,-1,197,1623
f1028,7,12,US,EWR,PHX,-3,-25,255,2133
f1029,7,12,VX,EWR,LAX,24,0,297,2454
f1030,7,12,AA,JFK,LAX,-6,-23,300,2475
f1031,7,12,EV,EWR,DCA,40,55,47,199
f1032,7,12,B6,JFK,SEA,-3,16,323,2422
f1033,7,12,DL,LGA,PWM,-2,-10,44,269
f1034,7,13,MQ,LGA,BNA,-4,-5,109,764
f1035,7,13,DL,LGA,MCO,28,43,145,950
f1036,7,13,EV,EWR,RDU,-5,7,72,416
f1037,7,13,FL,LGA,CAK,17,6,63,397
f1038,7,13,EV,LGA,BGR,-4,-33,53,378
f1039,7,13,DL,LGA,ATL,-3,-15,109,762
f1040,7,13,DL,JFK,SLC,53,22,259,1990
f1041,7,14,DL,JFK,MCO,-4,-29,118,944
f1042,7,14,B6,JFK,BOS,21,0,37,187
f1043,7,14,UA,EWR,SFO,58,11,315,2565
f1044,7,14,EV,LGA,MHT,-9,-22,37,195
f1045,7,14,B6,JFK,MCO,4,-33,113,944
f1046,7,14,WN,EWR,MDW,-3,-19,99,711
f1047,7,15,B6,LGA,FLL,15,7,139,1076
f1048,7,15,WN,EWR,MDW,-3,-20,99,711
f1049,7,15,UA,EWR,BOS,-3,-15,36,200
f1050,7,15,DL,LGA,ATL,35,24,101,762
f1051,7,16,EV,EWR,DCA,-3,-13,45,199
f1052,7,16,AA,LGA,MIA,-2,4,145,1096
f1053,7,16,VX,JFK,LAX,-8,-36,297,2475
f1054,7,16,DL,LGA,MCO,-2,8,128,950
f1055,7,16,US,LGA,DCA,55,140,40,214
f1056,7,16,US,LGA,PHL,0,-1,38,96
f1057,7,16,MQ,LGA,RDU,-2,14,70,431
f1058,7,17,UA,EWR,ORD,-5,-31,101,719
f1059,7,17,AA,LGA,DFW,-10,-21,177,1389
f1060,7,17,MQ,LGA,CMH,-5,-7,69,479
f1061,7,17,WN,LGA,BNA,5,-8,103,764
f1062,7,17,EV,LGA,CLT,0,12,87,544
f1063,7,17,AA,LGA,ORD,-5,-27,106,733
f1064,7,18,EV,EWR,CHS,-7,-12,87,628
f1065,7,18,EV,EWR,AVL,8,34,84,583
f1066,7,19,B6,JFK,BUF,-2,-12,54,301
f1067,7,19,AA,JFK,LAX,64,33,307,2475
f1068,7,19,VX,JFK,LAX,0,14,330,2475
f1069,7,19,9E,LGA,DAY,68,134,85,549
f1070,7,19,B6,JFK,MCO,-3,21,125,944
f1071,7,20,US,EWR,CLT,-4,-11,72,529
f1072,7,20,AA,JFK,BOS,-1,7,40,187
f1073,7,20,DL,JFK,SEA,-1,-21,331,2422
f1074,7,20,9E,JFK,ROC,1,-9,51,264
f1075,7,20,AA,JFK,SAN,13,59,338,2446
f1076,7,20,B6,JFK,SYR,0,27,43,209
f1077,7,21,B6,EWR,MCO,-9,-28,121,937
f1078,7,21,B6,JFK,SRQ,-2,-6,143,1041
f1079,7,21,UA,EWR,IAH,-4,12,197,1400
f1080,7,21,EV,LGA,IAD,-7,-18,50,229
f1081,7,21,DL,LGA,MIA,-5,-15,145,1096
f1082,7,21,B6,JFK,FLL,0,-13,141,1069
f1083,7,21,AA,LGA,ORD,-3,-18,112,733
f1084,7,22,B6,JFK,BUF,-4,-12,54,301
f1085,7,22,EV,EWR,JAX,13,17,127,820
f1086,7,22,AA,JFK,LAX,5,93,334,2475
f1087,7,22,EV,EWR,TUL,205,229,181,1215
f1088,7,22,B6,JFK,ROC,111,136,46,264
f1089,7,23,UA,EWR,SFO,0,3,354,2565
f1090,7,23,DL,LGA,ATL,183,176,109,762
f1091,7,23,VX,EWR,LAX,-5,-13,308,2454
f1092,7,23,EV,EWR,RDU,-8,-17,64,416
f1093,7,23,B6,EWR,TPA,64,69,135,997
f1094,7,23,US,JFK,PHX,100,138,289,2153
f1095,7,23,B6,JFK,PWM,101,92,44,273
f1096,7,24,9E,LGA,DAY,-6,5,82,549
f1097,7,24,US,JFK,CLT,-4,-6,86,541
f1098,7,24,UA,EWR,RSW,4,-22,138,1068
f1099,7,24,UA,EWR,SNA,14,62,329,2434
f1100,7,24,DL,JFK,PHX,10,-7,272,2153
f1101,7,24,B6,JFK,PWM,23,24,56,273
f1102,7,25,EV,EWR,CVG,-6,-4,94,569
f1103,7,25,AA,JFK,SFO,-5,-21,345,2586
f1104,7,25,9E,JFK,ORD,-7,-13,111,740
f1105,7,25,B6,JFK,BTV,-6,8,43,266
f1106,7,25,B6,JFK,BOS,62,64,35,187
f1107,7,25,AA,JFK,LAX,-7,9,320,2475
f1108,7,25,B6,JFK,ROC,33,51,52,264
f1109,7,25,UA,JFK,SFO,27,46,371,2586
f1110,7,26,EV,LGA,IAD,-4,2,48,229
f1111,7,26,EV,EWR,CHS,4,4,89,628
f1112,7,26,UA,LGA,IAH,1,-23,171,1416
f1113,7,26,UA,EWR,LAS,2,8,305,2227
f1114,7,26,DL,LGA,MCO,32,39,125,950
f1115,7,26,DL,LGA,ATL,-1,78,116,762
f1116,7,26,B6,JFK,BUF,-9,-19,55,301
f1117,7,26,US,LGA,CLT,-8,-21,77,544
f1118,7,26,VX,JFK,SFO,-2,2,358,2586
f1119,7,26,B6,JFK,PDX,10,-9,323,2454
f1120,7,26,EV,EWR,CLT,131,99,70,529
f1121,7,27,AA,LGA,ORD,-8,-41,105,733
f1122,7,27,B6,JFK,ROC,45,41,48,264
f1123,7,27,EV,EWR,IND,-9,-24,95,645
f1124,7,27,EV,LGA,BTV,53,42,46,258
f1125,7,27,US,LGA,CLT,90,82,87,544
f1126,7,27,B6,JFK,TPA,3,26,142,1005
f1127,7,27,B6,JFK,ROC,-9,-12,46,264
f1128,7,28,B6,LGA,FLL,-3,2,156,1076
f1129,7,28,UA,LGA,ORD,-3,-25,108,733
f1130,7,28,MQ,LGA,RDU,0,67,65,431
f1131,7,28,AA,JFK,SJU,1,12,207,1598
f1132,7,28,UA,EWR,RSW,-8,-4,165,1068
f1133,7,28,AA,JFK,LAX,10,73,341,2475
f1134,7,28,B6,JFK,BTV,-3,35,46,266
f1135,7,28,EV,LGA,RDU,-3,1,71,431
f1136,7,28,UA,LGA,DEN,16,43,218,1620
f1137,7,28,UA,JFK,LAX,120,153,331,2475
f1138,7,28,B6,JFK,MCO,58,79,136,944
f1139,7,29,AA,JFK,BOS,44,22,35,187
f1140,7,29,9E,JFK,DCA,-2,-7,42,213
f1141,7,29,UA,EWR,MCO,111,107,134,937
f1142,7,29,UA,EWR,MIA,0,-13,156,1085
f1143,7,29,B6,JFK,MCO,0,-11,134,944
f1144,7,29,UA,LGA,DEN,25,31,216,1620
f1145,7,29,B6,EWR,MCO,122,109,126,937
f1146,7,29,UA,EWR,LAS,-4,-5,303,2227
f1147,7,29,9E,JFK,BOS,16,-13,38,187
f1148,7,29,MQ,JFK,CMH,64,55,68,483
f1149,7,30,UA,EWR,ORD,3,-9,115,719
f1150,7,30,EV,EWR,XNA,-2,7,166,1131
f1151,7,30,US,LGA,DCA,1,16,38,214
f1152,7,30,DL,LGA,ATL,-2,-25,102,762
f1153,7,30,B6,JFK,BOS,-1,-28,33,187
f1154,7,31,UA,LGA,IAH,-3,-10,178,1416
f1155,7,31,UA,EWR,LAS,14,29,307,2227
f1156,7,31,UA,EWR,SFO,-2,-21,345,2565
f1157,8,1,UA,LGA,DEN,-5,-17,222,1620
f1158,8,1,DL,EWR,ATL,-4,8,106,746
f1159,8,1,AA,LGA,ORD,-4,-5,115,733
f1160,8,1,DL,JFK,BOS,-7,-14,32,187
f1161,8,1,UA,EWR,MCO,-6,-25,144,937
f1162,8,1,DL,EWR,ATL,372,358,101,746
f1163,8,1,UA,EWR,DEN,31,56,238,1605
f1164,8,1,UA,EWR,SFO,34,36,345,2565
f1165,8,2,EV,EWR,RDU,-5,-16,63,416
f1166,8,2,AA,LGA,ORD,14,20,119,733
f1167,8,2,UA,EWR,TPA,-1,-25,124,997
f1168,8,2,MQ,LGA,CMH,18,15,77,479
f1169,8,2,MQ,EWR,ORD,55,59,118,719
f1170,8,2,AA,LGA,MIA,-2,-32,146,1096
f1171,8,2,9E,JFK,IAD,2,13,46,228
f1172,8,2,9E,JFK,BNA,6,3,107,765
f1173,8,3,B6,LGA,MCO,-5,-15,123,950
f1174,8,3,DL,JFK,MCO,-5,-18,122,944
f1175,8,3,9E,JFK,DCA,-3,-6,46,213
f1176,8,3,DL,LGA,DTW,-2,-13,82,502
f1177,8,3,EV,LGA,IAD,-8,-25,55,229
f1178,8,3,UA,EWR,LAX,0,4,328,2454
f1179,8,3,EV,EWR,GSO,-7,-14,68,445
f1180,8,3,UA,EWR,PDX,7,-14,340,2434
f1181,8,4,UA,EWR,RSW,-6,-47,133,1068
f1182,8,4,DL,JFK,LAX,-2,-6,329,2475
f1183,8,4,WN,EWR,DEN,0,22,241,1605
f1184,8,4,EV,EWR,CHS,3,-8,93,628
f1185,8,4,DL,JFK,FLL,-1,-14,131,1069
f1186,8,5,US,LGA,BOS,-7,-3,35,184
f1187,8,5,DL,JFK,SFO,-2,3,354,2586
f1188,8,5,US,LGA,BOS,-2,-3,36,184
f1189,8,5,EV,EWR,DTW,70,75,76,488
f1190,8,5,9E,LGA,DAY,-7,-23,90,549
f1191,8,5,B6,JFK,TPA,-4,7,138,1005
f1192,8,6,WN,LGA,STL,1,-5,141,888
f1193,8,6,WN,EWR,BNA,13,0,100,748
f1194,8,6,MQ,LGA,CMH,-2,-6,74,479
f1195,8,6,EV,EWR,RIC,15,-7,52,277
f1196,8,6,DL,JFK,LAX,-1,-22,332,2475
f1197,8,6,AA,EWR,DFW,-11,-15,185,1372
f1198,8,6,UA,EWR,IAH,1,-7,185,1400
f1199,8,6,9E,JFK,CVG,55,20,86,589
f1200,8,6,MQ,LGA,RDU,-12,-33,58,431
f1201,8,7,DL,JFK,MCO,-2,-15,123,944
f1202,8,7,WN,LGA,DEN,-2,-21,243,1620
f1203,8,7,DL,LGA,MCO,-7,-29,118,950
f1204,8,8,UA,EWR,SNA,-6,-14,311,2434
f1205,8,8,DL,JFK,MIA,-6,7,145,1089
f1206,8,8,B6,JFK,RSW,-5,8,148,1074
f1207,8,8,DL,JFK,LAS,-2,43,303,2248
f1208,8,8,EV,EWR,BNA,124,140,114,748
f1209,8,8,B6,JFK,BOS,83,72,35,187
f1210,8,9,AA,JFK,MCO,1,3,127,944
f1211,8,9,DL,JFK,BOS,-3,7,49,187
f1212,8,9,UA,EWR,DEN,-1,-18,209,1605
f1213,8,9,9E,EWR,CVG,-5,-6,91,569
f1214,8,9,EV,EWR,MSP,58,50,158,1008
f1215,8,9,EV,EWR,STL,38,40,137,872
f1216,8,10,UA,EWR,BZN,6,0,250,1882
f1217,8,10,AA,LGA,STL,9,-10,121,888
f1218,8,10,DL,LGA,ATL,11,63,137,762
f1219,8,10,UA,EWR,TPA,1,4,153,997
f1220,8,10,B6,JFK,SYR,24,26,42,209
f1221,8,11,DL,JFK,SEA,2,-17,320,2422
f1222,8,11,B6,EWR,MCO,13,-2,128,937
f1223,8,11,US,LGA,DCA,-5,27,46,214
f1224,8,11,B6,JFK,FLL,-7,-4,141,1069
f1225,8,12,UA,EWR,ORD,0,-8,112,719
f1226,8,12,VX,JFK,LAX,8,45,358,2475
f1227,8,12,AA,LGA,ORD,-8,-3,125,733
f1228,8,13,AA,EWR,MIA,1,18,165,1085
f1229,8,13,AA,LGA,ORD,-4,17,119,733
f1230,8,13,DL,LGA,MCO,33,35,132,950
f1231,8,13,US,LGA,BOS,-8,-11,41,184
f1232,8,13,DL,LGA,PIT,-7,-14,57,335
f1233,8,14,EV,EWR,BNA,2,4,116,748
f1234,8,14,WN,EWR,DEN,59,47,218,1605
f1235,8,14,B6,JFK,LAX,-1,33,333,2475
f1236,8,15,EV,LGA,CLT,-2,-25,86,544
f1237,8,15,AA,JFK,MIA,2,-23,148,1089
f1238,8,15,EV,EWR,ATL,48,49,123,746
f1239,8,15,DL,JFK,LAX,0,4,333,2475
f1240,8,16,UA,LGA,ORD,-1,-17,105,733
f1241,8,16,B6,JFK,ROC,42,37,50,264
f1242,8,16,UA,EWR,SFO,0,-25,326,2565
f1243,8,17,VX,EWR,LAX,-3,-10,310,2454
f1244,8,17,UA,EWR,LAX,-5,-36,290,2454
f1245,8,17,B6,JFK,MCO,-2,9,130,944
f1246,8,17,EV,EWR,TVC,72,43,92,644
f1247,8,17,B6,JFK,BUF,-8,-11,53,301
f1248,8,18,UA,EWR,DEN,-2,-25,212,1605
f1249,8,18,EV,EWR,BDL,-9,-28,21,116
f1250,8,18,B6,JFK,BUF,-4,-9,55,301
f1251,8,18,B6,JFK,FLL,8,-20,145,1069
f1252,8,19,DL,JFK,LAX,-1,-13,325,2475
f1253,8,19,US,LGA,BOS,-9,8,37,184
f1254,8,19,US,JFK,CLT,2,6,95,541
f1255,8,19,UA,EWR,SJU,-6,-16,204,1608
f1256,8,19,EV,EWR,SAV,-4,-8,108,708
f1257,8,19,EV,LGA,BTV,-2,-18,39,258
f1258,8,19,DL,EWR,ATL,2,25,122,746
f1259,8,19,MQ,JFK,DCA,0,-15,53,213
f1260,8,19,EV,EWR,BNA,10,3,113,748
f1261,8,19,AA,LGA,MIA,-4,-34,153,1096
f1262,8,19,VX,JFK,SFO,6,-10,337,2586
f1263,8,19,MQ,JFK,RDU,-4,-25,66,427
f1264,8,20,EV,EWR,DCA,-3,-15,40,199
f1265,8,20,UA,LGA,DEN,-6,-39,200,1620
f1266,8,20,B6,EWR,BOS,112,114,43,200
f1267,8,20,9E,JFK,ORD,36,-10,112,740
f1268,8,20,EV,EWR,BNA,15,11,110,748
f1269,8,21,EV,EWR,CVG,-5,-14,91,569
f1270,8,21,FL,LGA,CAK,-2,-11,55,397
f1271,8,21,DL,LGA,DTW,-6,-15,87,502
f1272,8,21,B6,JFK,ACK,1,-1,38,199
f1273,8,21,DL,JFK,SAN,-6,-52,296,2446
f1274,8,21,UA,EWR,SNA,17,-5,305,2434
f1275,8,21,DL,JFK,LAX,6,-34,306,2475
f1276,8,22,EV,EWR,ATL,0,31,120,746
f1277,8,22,EV,EWR,RDU,-7,22,101,416
f1278,8,22,AA,LGA,DFW,-5,-39,171,1389
f1279,8,22,DL,JFK,DTW,8,-16,80,509
f1280,8,22,DL,LGA,MEM,-5,-45,128,963
f1281,8,22,AA,EWR,DFW,32,1,170,1372
f1282,8,22,9E,EWR,CVG,71,84,98,569
f1283,8,22,EV,LGA,IAD,86,84,43,229
f1284,8,23,UA,EWR,DEN,-2,-17,213,1605
f1285,8,23,EV,EWR,IND,-9,-14,99,645
f1286,8,23,US,LGA,DCA,0,4,45,214
f1287,8,23,MQ,EWR,ORD,36,29,109,719
f1288,8,23,9E,JFK,DCA,22,-10,43,213
f1289,8,23,AA,JFK,LAS,115,74,290,2248
f1290,8,24,VX,JFK,LAX,7,-31,316,2475
f1291,8,25,EV,EWR,BDL,-5,-12,25,116
f1292,8,25,AA,JFK,SJU,-4,14,218,1598
f1293,8,25,B6,JFK,FLL,-4,-16,138,1069
f1294,8,25,9E,LGA,ORF,-8,-27,46,296
f1295,8,25,DL,LGA,PWM,9,-21,43,269
f1296,8,25,EV,EWR,ATL,17,-9,94,746
f1297,8,26,DL,JFK,FLL,-5,-43,131,1069
f1298,8,26,EV,LGA,RIC,-9,-12,57,292
f1299,8,26,EV,EWR,SAV,-7,-24,95,708
f1300,8,26,UA,LGA,DEN,7,-15,202,1620
f1301,8,26,9E,LGA,DAY,-6,-40,77,549
f1302,8,26,B6,JFK,JAX,-4,-13,109,828
f1303,8,27,EV,EWR,GRR,-2,-16,92,605
f1304,8,28,VX,EWR,SFO,-9,-24,343,2565
f1305,8,28,DL,JFK,FLL,-4,-29,139,1069
f1306,8,28,DL,LGA,FLL,-7,0,139,1076
f1307,8,28,B6,JFK,TPA,18,-7,123,1005
f1308,8,29,UA,JFK,LAX,-6,-33,303,2475
f1309,8,29,EV,EWR,MHT,0,-5,39,209
f1310,8,29,MQ,LGA,BNA,62,41,103,764
f1311,8,29,B6,JFK,BOS,77,51,36,187
f1312,8,29,EV,EWR,OMA,-6,-20,149,1134
f1313,8,29,DL,JFK,LAX,1,-58,289,2475
f1314,8,30,AA,LGA,ORD,-6,-12,111,733
f1315,8,30,EV,EWR,IAD,-1,-8,45,212
f1316,8,30,EV,EWR,GRR,28,13,86,605
f1317,8,30,MQ,LGA,BNA,15,-4,100,764
f1318,8,30,DL,EWR,ATL,-2,-14,102,746
f1319,8,30,DL,LGA,ATL,5,1,109,762
f1320,8,30,UA,EWR,LAS,7,-30,279,2227
f1321,8,30,UA,LGA,IAH,-2,-24,187,1416
f1322,8,30,9E,JFK,ORD,65,73,121,740
f1323,8,30,AA,JFK,LAX,11,-8,303,2475
f1324,8,30,B6,JFK,SJU,-1,-10,197,1598
f1325,8,31,9E,JFK,BUF,-1,-30,54,301
f1326,8,31,9E,JFK,DTW,-5,-25,80,509
f1327,8,31,DL,JFK,PDX,1,-24,328,2454
f1328,9,1,UA,EWR,BOS,-5,-3,46,200
f1329,9,1,B6,JFK,SRQ,18,13,149,1041
f1330,9,1,UA,JFK,SFO,0,-39,325,2586
f1331,9,1,UA,EWR,PDX,13,22,321,2434
f1332,9,1,EV,EWR,CAE,0,14,94,602
f1333,9,1,B6,JFK,TPA,-2,-17,136,1005
f1334,9,2,EV,EWR,CVG,44,56,94,569
f1335,9,2,UA,LGA,CLE,73,59,73,419
f1336,9,2,DL,JFK,LAS,6,-25,284,2248
f1337,9,3,B6,JFK,PWM,-3,10,50,273
f1338,9,3,EV,LGA,PIT,22,4,53,335
f1339,9,3,EV,LGA,IAD,-8,-25,47,229
f1340,9,3,EV,EWR,BNA,-9,-32,105,748
f1341,9,3,EV,EWR,CVG,18,7,92,569
f1342,9,3,DL,JFK,MIA,-3,-21,158,1089
f1343,9,3,UA,EWR,LAX,-1,-49,298,2454
f1344,9,4,UA,EWR,RSW,75,53,143,1068
f1345,9,4,B6,JFK,SFO,-10,-32,330,2586
f1346,9,5,B6,LGA,TPA,0,-19,133,1010
f1347,9,5,UA,EWR,DEN,-8,12,216,1605
f1348,9,5,WN,LGA,BNA,-2,-21,105,764
f1349,9,5,9E,JFK,MSP,13,26,169,1029
f1350,9,5,MQ,JFK,DCA,-5,-12,41,213
f1351,9,6,AA,LGA,DFW,-6,-28,175,1389
f1352,9,6,AA,LGA,ORD,-9,-35,104,733
f1353,9,6,UA,JFK,LAX,-6,-62,292,2475
f1354,9,6,UA,LGA,ORD,-2,-32,107,733
f1355,9,6,B6,JFK,BUF,-4,-19,53,301
f1356,9,7,DL,JFK,FLL,0,-11,143,1069
f1357,9,7,UA,EWR,LAX,-2,-45,295,2454
f1358,9,7,B6,JFK,MCO,1,-19,125,944
f1359,9,7,AA,LGA,ORD,-9,-26,106,733
f1360,9,7,EV,EWR,RIC,-9,-31,43,277
f1361,9,8,UA,EWR,SFO,-1,-21,331,2565
f1362,9,8,B6,JFK,LAS,-6,-17,283,2248
f1363,9,8,UA,EWR,BOS,-2,-16,39,200
f1364,9,8,US,JFK,PHX,7,-16,271,2153
f1365,9,8,EV,EWR,CLT,-8,-22,78,529
f1366,9,8,UA,LGA,DEN,-4,-13,205,1620
f1367,9,8,DL,JFK,SFO,-2,-41,321,2586
f1368,9,8,MQ,LGA,ATL,30,18,97,762
f1369,9,9,AA,LGA,ORD,0,-10,107,733
f1370,9,9,AA,LGA,DFW,-5,-3,179,1389
f1371,9,9,DL,LGA,MIA,0,-18,137,1096
f1372,9,9,B6,JFK,BOS,-6,-17,37,187
f1373,9,9,FL,LGA,CAK,-15,-13,60,397
f1374,9,9,EV,EWR,STL,5,-16,122,872
f1375,9,9,B6,JFK,BOS,-8,2,41,187
f1376,9,10,DL,LGA,FLL,-3,-20,146,1076
f1377,9,10,9E,JFK,IND,-5,-28,93,665
f1378,9,10,DL,JFK,ATL,1,-17,98,760
f1379,9,11,WN,EWR,AUS,-5,-28,191,1504
f1380,9,11,WN,EWR,MDW,-5,-1,112,711
f1381,9,11,AA,JFK,SFO,2,71,321,2586
f1382,9,12,AA,JFK,MIA,-1,-12,152,1089
f1383,9,12,DL,LGA,MIA,-8,0,157,1096
f1384,9,12,B6,JFK,TPA,4,23,156,1005
f1385,9,12,UA,EWR,PHX,179,175,275,2133
f1386,9,12,DL,JFK,SFO,82,135,342,2586
f1387,9,13,US,LGA,BOS,49,48,40,184
f1388,9,13,AA,LGA,DFW,-7,-22,188,1389
f1389,9,13,DL,JFK,SJU,-2,-18,198,1598
f1390,9,13,UA,EWR,IAH,0,-1,191,1400
f1391,9,13,EV,EWR,DAY,-2,-6,88,533
f1392,9,13,DL,EWR,ATL,9,-7,105,746
f1393,9,13,UA,EWR,CLE,4,6,67,404
f1394,9,14,DL,LGA,PBI,-4,-12,153,1035
f1395,9,14,AA,JFK,MIA,-1,-21,153,1089
f1396,9,14,AA,JFK,MIA,-1,-16,151,1089
f1397,9,14,B6,JFK,BUF,-2,-18,59,301
f1398,9,15,US,EWR,PHX,-10,-33,274,2133
f1399,9,15,MQ,JFK,DCA,-4,-9,39,213
f1400,9,15,UA,LGA,IAH,-4,-46,183,1416
f1401,9,15,DL,LGA,FLL,-5,-34,147,1076
f1402,9,15,MQ,LGA,CLT,-9,2,85,544
f1403,9,15,B6,JFK,FLL,21,6,147,1069
f1404,9,15,EV,EWR,OKC,-7,-13,190,1325
f1405,9,16,MQ,JFK,DCA,-1,1,51,213
f1406,9,16,MQ,JFK,CVG,15,5,97,589
f1407,9,16,UA,EWR,DEN,0,2,217,1605
f1408,9,17,UA,EWR,BOS,-6,-16,37,200
f1409,9,17,UA,EWR,SFO,1,-4,347,2565
f1410,9,17,9E,JFK,DCA,8,-16,40,213
f1411,9,17,9E,LGA,MCI,-9,-19,149,1107
f1412,9,17,VX,JFK,SFO,-2,-18,350,2586
f1413,9,18,MQ,LGA,ATL,0,-15,103,762
f1414,9,18,DL,LGA,DTW,-4,-23,72,502
f1415,9,18,MQ,LGA,BNA,-4,-27,100,764
f1416,9,18,MQ,LGA,CLT,-12,-23,78,544
f1417,9,19,9E,JFK,IND,0,-36,91,665
f1418,9,19,EV,EWR,GSP,-5,-26,80,594
f1419,9,19,DL,JFK,MIA,-2,-39,137,1089
f1420,9,20,AA,LGA,DFW,-3,-8,195,1389
f1421,9,20,9E,JFK,PIT,-10,-13,61,340
f1422,9,20,DL,JFK,SFO,-2,-9,332,2586
f1423,9,20,F9,LGA,DEN,3,-7,217,1620
f1424,9,20,MQ,LGA,MSP,21,14,142,1020
f1425,9,20,9E,LGA,BNA,22,-2,105,764
f1426,9,20,UA,EWR,ORD,3,2,112,719
f1427,9,20,AA,LGA,MIA,-4,-34,139,1096
f1428,9,21,B6,JFK,SRQ,-3,-16,144,1041
f1429,9,21,MQ,LGA,RDU,20,10,63,431
f1430,9,21,UA,EWR,SNA,-3,-29,319,2434
f1431,9,21,B6,JFK,CHS,-8,-22,89,636
f1432,9,21,B6,LGA,PBI,-10,-24,137,1035
f1433,9,21,AA,JFK,LAS,2,-4,312,2248
f1434,9,22,AA,LGA,MIA,-3,-13,153,1096
f1435,9,22,EV,EWR,MSN,3,-3,116,799
f1436,9,22,DL,JFK,BOS,-1,3,38,187
f1437,9,22,DL,JFK,DTW,25,32,81,509
f1438,9,23,WN,EWR,STL,-2,-14,126,872
f1439,9,23,EV,EWR,DTW,0,-13,78,488
f1440,9,23,UA,EWR,LAS,-1,-33,277,2227
f1441,9,23,DL,JFK,ATL,0,36,104,760
f1442,9,23,WN,EWR,HOU,68,59,194,1411
f1443,9,23,AS,EWR,SEA,-13,-57,306,2402
f1444,9,24,EV,EWR,MKE,1,-15,106,725
f1445,9,24,EV,EWR,IND,-5,-14,96,645
f1446,9,24,DL,EWR,ATL,0,12,112,746
f1447,9,24,B6,JFK,SJC,0,-4,347,2569
f1448,9,24,UA,EWR,AUS,-7,-17,209,1504
f1449,9,25,DL,LGA,PBI,0,-11,139,1035
f1450,9,25,DL,JFK,ATL,-7,-2,118,760
f1451,9,25,AA,LGA,MIA,55,56,153,1096
f1452,9,25,YV,LGA,CLT,-9,-9,85,544
f1453,9,25,DL,JFK,DTW,16,10,87,509
f1454,9,25,MQ,LGA,MSP,-10,-37,135,1020
f1455,9,26,VX,JFK,LAX,1,9,335,2475
f1456,9,26,9E,JFK,PHL,-7,-17,25,94
f1457,9,26,EV,LGA,BTV,-9,-15,46,258
f1458,9,26,B6,JFK,PWM,-8,0,53,273
f1459,9,27,EV,EWR,MSP,-4,-12,148,1008
f1460,9,27,EV,EWR,ATL,-2,-11,106,746
f1461,9,27,AA,LGA,ORD,-9,-14,106,733
f1462,9,27,9E,LGA,RDU,0,-8,66,431
f1463,9,27,US,EWR,CLT,-6,-33,71,529
f1464,9,27,UA,EWR,LAX,-3,6,324,2454
f1465,9,27,UA,EWR,SEA,-4,-14,313,2402
f1466,9,28,UA,EWR,CLE,-13,-28,57,404
f1467,9,28,B6,EWR,TPA,-3,-40,123,997
f1468,9,28,AA,EWR,MIA,-3,-54,125,1085
f1469,9,28,DL,LGA,TPA,-5,-22,125,1010
f1470,9,29,UA,EWR,SFO,-2,-12,323,2565
f1471,9,29,B6,EWR,SJU,-4,14,221,1608
f1472,9,29,DL,JFK,MIA,-6,-37,132,1089
f1473,9,29,EV,EWR,JAX,-4,-12,111,820
f1474,9,29,US,LGA,DCA,9,0,41,214
f1475,9,29,9E,EWR,CVG,-6,-20,91,569
f1476,9,29,AA,LGA,ORD,-12,-35,114,733
f1477,9,29,MQ,LGA,BNA,-15,-5,101,764
f1478,9,29,EV,EWR,GSO,-1,-4,63,445
f1479,9,30,EV,EWR,DAY,-6,-26,76,533
f1480,9,30,DL,LGA,MSP,1,2,138,1020
f1481,9,30,9E,EWR,DTW,-5,-9,79,488
f1482,9,30,DL,LGA,MCO,-12,-12,134,950
f1483,9,30,EV,EWR,GRR,-6,-17,88,605
f1484,9,30,MQ,JFK,CMH,-7,-4,68,483
f1485,10,1,B6,JFK,RDU,-3,-25,62,427
f1486,10,1,AA,JFK,MIA,7,-37,130,1089
f1487,10,2,DL,LGA,ATL,-5,-33,105,762
f1488,10,2,B6,EWR,BOS,-5,8,47,200
f1489,10,2,UA,EWR,BOS,-3,-19,43,200
f1490,10,2,AA,LGA,DFW,-12,-37,189,1389
f1491,10,2,MQ,JFK,DCA,-1,3,52,213
f1492,10,2,US,LGA,CLT,-6,-11,82,544
f1493,10,2,EV,LGA,ILM,13,-6,65,500
f1494,10,3,WN,EWR,AUS,-6,-34,196,1504
f1495,10,3,MQ,LGA,BNA,-8,-14,103,764
f1496,10,3,B6,EWR,BOS,-7,-19,35,200
f1497,10,3,B6,JFK,BTV,-10,-15,47,266
f1498,10,4,US,LGA,DCA,-4,-6,39,214
f1499,10,4,DL,EWR,ATL,-4,-23,99,746
f1500,10,4,MQ,LGA,DTW,-7,-14,82,502
f1501,10,4,DL,JFK,LAX,1,-20,341,2475
f1502,10,5,UA,LGA,ORD,-2,-2,119,733
f1503,10,5,EV,EWR,DSM,-10,-38,139,1017
f1504,10,5,AA,LGA,DFW,-6,-8,197,1389
f1505,10,5,B6,EWR,BOS,-3,-11,36,200
f1506,10,5,DL,JFK,SJU,-6,-22,193,1598
f1507,10,6,DL,LGA,MIA,-9,-20,144,1096
f1508,10,6,DL,JFK,SLC,13,-11,259,1990
f1509,10,6,DL,JFK,SAN,-2,4,312,2446
f1510,10,6,MQ,LGA,CLE,17,25,77,419
f1511,10,6,B6,JFK,AUS,-5,-17,211,1521
f1512,10,7,B6,JFK,LAS,-3,-17,297,2248
f1513,10,7,9E,JFK,BWI,106,103,35,184
f1514,10,7,AA,LGA,ORD,34,8,111,733
f1515,10,8,AA,LGA,DFW,1,-7,184,1389
f1516,10,8,B6,LGA,FLL,-7,15,162,1076
f1517,10,8,UA,EWR,MCO,1,-8,141,937
f1518,10,8,B6,JFK,SLC,-8,-38,260,1990
f1519,10,8,EV,EWR,MCI,17,7,142,1092
f1520,10,9,B6,LGA,TPA,-5,-4,149,1010
f1521,10,9,UA,EWR,PDX,-5,-38,312,2434
f1522,10,9,DL,JFK,BOS,-5,-22,37,187
f1523,10,9,B6,LGA,MCO,-13,1,134,950
f1524,10,9,MQ,EWR,ORD,2,-14,96,719
f1525,10,9,UA,LGA,IAH,3,-32,187,1416
f1526,10,9,9E,JFK,BNA,0,-27,99,765
f1527,10,9,VX,JFK,LAX,3,-13,334,2475
f1528,10,9,UA,EWR,ORD,-7,-21,101,719
f1529,10,9,9E,LGA,BUF,-4,-10,47,292
f1530,10,10,WN,LGA,STL,-3,-13,122,888
f1531,10,10,B6,EWR,SJU,-3,0,211,1608
f1532,10,10,MQ,JFK,TPA,0,-11,138,1005
f1533,10,10,EV,LGA,OMA,54,41,149,1148
f1534,10,10,B6,JFK,MCO,42,38,132,944
f1535,10,10,DL,LGA,MCO,25,3,126,950
f1536,10,11,EV,EWR,GSP,-7,-17,88,594
f1537,10,11,9E,LGA,IAD,-2,14,73,229
f1538,10,11,UA,EWR,BOS,21,11,36,200
f1539,10,11,AA,JFK,SFO,58,66,344,2586
f1540,10,11,B6,JFK,ACK,-5,-15,37,199
f1541,10,11,EV,LGA,MSN,83,58,109,812
f1542,10,11,US,LGA,BOS,-5,-12,35,184
f1543,10,11,B6,JFK,BOS,60,34,34,187
f1544,10,11,B6,EWR,MCO,352,335,121,937
f1545,10,11,DL,JFK,ATL,-2,-28,97,760
f1546,10,11,EV,LGA,ROC,286,265,46,254
f1547,10,12,UA,LGA,IAH,0,-28,184,1416
f1548,10,12,EV,EWR,MSN,-7,-12,113,799
f1549,10,13,EV,EWR,CMH,-6,-19,71,463
f1550,10,13,UA,EWR,FLL,40,8,137,1065
f1551,10,13,EV,EWR,STL,2,1,121,872
f1552,10,13,DL,LGA,PBI,0,-38,131,1035
f1553,10,14,DL,JFK,SLC,-5,-20,271,1990
f1554,10,14,B6,JFK,SYR,-9,-10,44,209
f1555,10,14,AA,LGA,ORD,-1,2,113,733
f1556,10,14,FL,LGA,ATL,0,-3,105,762
f1557,10,14,DL,LGA,PBI,-2,-26,133,1035
f1558,10,14,AA,JFK,MCO,-4,-15,128,944
f1559,10,14,B6,JFK,BUF,-9,-28,55,301
f1560,10,14,B6,JFK,SFO,12,-4,343,2586
f1561,10,14,FL,LGA,ATL,11,-3,106,762
f1562,10,15,B6,JFK,RSW,-6,-21,144,1074
f1563,10,15,9E,JFK,DCA,-2,-14,44,213
f1564,10,15,DL,JFK,SJU,-6,-2,213,1598
f1565,10,15,B6,LGA,RSW,16,7,144,1080
f1566,10,15,B6,JFK,BUF,-4,-10,51,301
f1567,10,15,DL,LGA,MSY,-4,-4,160,1183
f1568,10,15,DL,EWR,ATL,0,4,108,746
f1569,10,16,UA,LGA,ORD,41,53,126,733
f1570,10,16,9E,EWR,DTW,-8,0,88,488
f1571,10,16,US,LGA,DCA,-4,-3,45,214
f1572,10,16,UA,EWR,MIA,4,-33,139,1085
f1573,10,16,B6,JFK,PDX,-4,-22,317,2454
f1574,10,17,UA,JFK,SFO,-2,-25,339,2586
f1575,10,17,UA,EWR,PBI,-3,-1,147,1023
f1576,10,18,AA,LGA,STL,-5,-5,137,888
f1577,10,18,UA,EWR,SFO,-4,-11,348,2565
f1578,10,18,DL,JFK,DTW,-6,-14,94,509
f1579,10,18,WN,EWR,MSY,6,4,187,1167
f1580,10,18,AA,LGA,ORD,-9,-21,127,733
f1581,10,18,EV,EWR,PWM,6,18,45,284
f1582,10,19,MQ,LGA,ATL,-4,-3,117,762
f1583,10,19,UA,EWR,SEA,-1,-18,318,2402
f1584,10,20,EV,EWR,SDF,-4,8,117,642
f1585,10,20,VX,JFK,SFO,-7,-24,352,2586
f1586,10,20,MQ,LGA,ATL,-1,6,122,762
f1587,10,20,EV,EWR,MSP,-9,-13,151,1008
f1588,10,20,EV,EWR,MCI,-5,-12,166,1092
f1589,10,20,UA,EWR,ORD,-2,-8,109,719
f1590,10,20,MQ,LGA,CLE,-5,-21,67,419
f1591,10,21,MQ,LGA,MSP,0,-16,148,1020
f1592,10,21,WN,LGA,MDW,-6,-15,115,725
f1593,10,22,AA,LGA,ORD,30,27,118,733
f1594,10,22,DL,LGA,PBI,5,27,167,1035
f1595,10,22,MQ,LGA,RDU,-8,-5,70,431
f1596,10,22,B6,JFK,BOS,-4,-5,36,187
f1597,10,22,EV,EWR,CHS,80,95,112,628
f1598,10,22,DL,LGA,FLL,20,33,177,1076
f1599,10,22,AA,JFK,SFO,-5,-21,338,2586
f1600,10,22,DL,JFK,FLL,19,8,162,1069
f1601,10,23,EV,EWR,MSP,-6,-29,139,1008
f1602,10,23,VX,EWR,LAX,-4,-12,332,2454
f1603,10,23,MQ,LGA,DTW,9,15,81,502
f1604,10,23,MQ,EWR,ORD,9,13,108,719
f1605,10,23,EV,LGA,CLE,-16,23,71,419
f1606,10,23,MQ,LGA,RDU,30,43,71,431
f1607,10,24,DL,EWR,ATL,-1,1,117,746
f1608,10,24,9E,LGA,RSW,12,9,174,1080
f1609,10,24,EV,EWR,DAY,-8,-4,91,533
f1610,10,24,B6,JFK,AUS,-1,17,234,1521
f1611,10,24,UA,EWR,FLL,0,-2,152,1065
f1612,10,24,DL,LGA,DEN,13,-7,221,1620
f1613,10,24,EV,EWR,STL,44,34,129,872
f1614,10,25,UA,EWR,SNA,-4,-38,314,2434
f1615,10,25,EV,EWR,CLT,10,13,90,529
f1616,10,25,DL,JFK,SLC,-4,-17,268,1990
f1617,10,25,EV,EWR,CMH,3,-7,72,463
f1618,10,25,UA,EWR,IAH,0,-2,198,1400
f1619,10,25,EV,EWR,OMA,31,21,163,1134
f1620,10,26,EV,EWR,RDU,-7,-10,71,416
f1621,10,26,B6,JFK,MCO,-4,-21,136,944
f1622,10,26,UA,EWR,PBI,11,-2,138,1023
f1623,10,26,VX,EWR,LAX,0,-18,325,2454
f1624,10,26,US,JFK,CLT,-2,-9,81,541
f1625,10,26,MQ,JFK,BWI,-7,-19,39,184
f1626,10,27,DL,JFK,SFO,3,-4,356,2586
f1627,10,27,US,LGA,DCA,-7,-3,44,214
f1628,10,28,B6,EWR,FLL,-8,-12,146,1065
f1629,10,28,UA,EWR,LAX,3,17,351,2454
f1630,10,28,DL,JFK,LAX,-6,-6,351,2475
f1631,10,29,AA,LGA,DFW,-5,-10,205,1389
f1632,10,29,DL,JFK,LAX,-7,-1,341,2475
f1633,10,29,MQ,JFK,CVG,-4,5,99,589
f1634,10,29,UA,LGA,ORD,-4,-16,120,733
f1635,10,29,AA,LGA,ORD,-8,-21,123,733
f1636,10,29,EV,LGA,ILM,36,3,69,500
f1637,10,30,EV,EWR,STL,-5,-5,147,872
f1638,10,30,US,LGA,CLT,-6,-13,81,544
f1639,10,30,EV,EWR,BTV,-5,-13,47,266
f1640,10,31,B6,JFK,JAX,27,3,114,828
f1641,10,31,UA,EWR,DEN,0,23,233,1605
f1642,10,31,UA,EWR,MCO,-4,-29,130,937
f1643,10,31,DL,JFK,TPA,-6,-11,141,1005
f1644,11,1,AA,LGA,DFW,-6,0,205,1389
f1645,11,1,EV,EWR,BNA,-5,7,129,748
f1646,11,1,9E,LGA,JAX,44,32,131,833
f1647,11,1,AA,JFK,MIA,44,23,159,1089
f1648,11,1,9E,LGA,MCI,26,7,162,1107
f1649,11,1,AA,LGA,ORD,-12,-16,117,733
f1650,11,1,AA,JFK,LAX,38,11,320,2475
f1651,11,2,AA,LGA,ORD,-4,-28,116,733
f1652,11,2,UA,EWR,LAX,-2,6,335,2454
f1653,11,2,UA,JFK,LAX,-4,-16,333,2475
f1654,11,3,EV,EWR,CMH,-6,-11,75,463
f1655,11,3,AA,LGA,DFW,-7,-26,194,1389
f1656,11,3,9E,LGA,BNA,-7,-11,113,764
f1657,11,3,AA,JFK,DFW,4,-9,200,1391
f1658,11,3,AA,LGA,ORD,-7,-17,118,733
f1659,11,4,US,LGA,BOS,-10,-21,36,184
f1660,11,4,EV,EWR,BUF,-4,-2,48,282
f1661,11,4,US,JFK,PHX,-1,8,317,2153
f1662,11,4,AA,LGA,DFW,413,434,210,1389
f1663,11,4,DL,JFK,ATL,-4,9,110,760
f1664,11,4,EV,EWR,GSO,-6,-18,70,445
f1665,11,4,EV,EWR,CMH,20,41,80,463
f1666,11,4,US,LGA,DCA,-5,10,45,214
f1667,11,5,DL,EWR,ATL,-2,-3,118,746
f1668,11,5,UA,EWR,PBI,4,-9,133,1023
f1669,11,5,B6,JFK,AUS,-1,-23,216,1521
f1670,11,5,B6,JFK,BQN,0,-17,177,1576
f1671,11,6,EV,EWR,CVG,-4,-18,95,569
f1672,11,6,AA,LGA,DFW,-2,1,202,1389
f1673,11,6,UA,EWR,SEA,-5,-2,344,2402
f1674,11,6,US,LGA,CLT,3,-3,92,544
f1675,11,6,UA,EWR,PDX,2,5,360,2434
f1676,11,6,9E,JFK,IAD,-9,-11,47,228
f1677,11,6,DL,EWR,ATL,-7,-21,109,746
f1678,11,6,DL,JFK,DEN,-4,-6,239,1626
f1679,11,7,UA,EWR,DEN,18,18,230,1605
f1680,11,7,EV,EWR,BTV,26,25,43,266
f1681,11,7,9E,LGA,JAX,45,25,126,833
f1682,11,7,US,EWR,CLT,14,10,96,529
f1683,11,8,EV,EWR,RIC,-10,-12,58,277
f1684,11,8,9E,EWR,MSP,-2,-7,163,1008
f1685,11,8,US,LGA,CLT,-9,-8,93,544
f1686,11,8,UA,LGA,IAH,-6,-19,216,1416
f1687,11,8,MQ,LGA,MSP,-1,19,153,1020
f1688,11,9,US,JFK,CLT,-6,-10,86,541
f1689,11,9,B6,JFK,SYR,-4,-9,42,209
f1690,11,9,9E,JFK,RDU,-15,-34,66,427
f1691,11,9,EV,EWR,SAV,-3,1,107,708
f1692,11,9,MQ,LGA,DTW,-7,-15,86,502
f1693,11,9,9E,JFK,BWI,5,-3,38,184
f1694,11,10,UA,EWR,PBI,0,-9,145,1023
f1695,11,10,UA,EWR,MIA,-6,-18,151,1085
f1696,11,10,9E,JFK,CLT,0,1,94,541
f1697,11,10,WN,LGA,MKE,68,64,122,738
f1698,11,11,EV,EWR,BNA,-10,-21,117,748
f1699,11,11,MQ,JFK,DCA,12,19,48,213
f1700,11,11,UA,EWR,IAH,-3,-31,199,1400
f1701,11,11,EV,EWR,BTV,-3,-6,49,266
f1702,11,11,UA,EWR,PBI,5,-1,143,1023
f1703,11,11,AA,JFK,MIA,-2,13,154,1089
f1704,11,12,B6,JFK,LAX,-8,-49,314,2475
f1705,11,12,DL,LGA,ATL,-5,-3,118,762
f1706,11,12,AA,LGA,ORD,0,-4,110,733
f1707,11,12,AA,LGA,MIA,-7,9,166,1096
f1708,11,13,UA,JFK,SFO,10,-46,318,2586
f1709,11,13,EV,EWR,STL,-6,-37,119,872
f1710,11,13,MQ,JFK,DCA,10,13,46,213
f1711,11,13,DL,EWR,ATL,-7,-38,91,746
f1712,11,13,DL,LGA,MCO,-5,-13,129,950
f1713,11,13,US,EWR,PHX,-2,-47,266,2133
f1714,11,13,9E,LGA,DSM,-8,-26,141,1031
f1715,11,14,AA,JFK,BOS,-5,-14,41,187
f1716,11,14,9E,EWR,MSP,-1,-11,153,1008
f1717,11,14,UA,EWR,FLL,-2,-17,151,1065
f1718,11,14,MQ,JFK,PIT,-7,-8,66,340
f1719,11,14,EV,EWR,DAY,-2,-13,86,533
f1720,11,14,9E,JFK,MCI,-6,-34,166,1113
f1721,11,15,AA,LGA,MIA,-6,-23,148,1096
f1722,11,15,DL,LGA,PBI,0,-4,150,1035
f1723,11,15,EV,LGA,CLT,73,66,89,544
f1724,11,15,UA,LGA,IAH,-3,-6,219,1416
f1725,11,16,UA,EWR,TPA,-4,-21,141,997
f1726,11,16,DL,LGA,MCO,-10,-24,135,950
f1727,11,17,B6,JFK,MCO,-6,-26,133,944
f1728,11,17,EV,EWR,AVL,-5,-11,97,583
f1729,11,17,UA,EWR,SEA,168,144,330,2402
f1730,11,18,UA,EWR,BOS,17,12,36,200
f1731,11,18,EV,EWR,BUF,-2,-7,52,282
f1732,11,18,EV,LGA,MSN,33,11,119,812
f1733,11,19,WN,LGA,MDW,3,3,117,725
f1734,11,19,EV,EWR,RDU,-4,-6,71,416
f1735,11,19,UA,EWR,IAH,3,-9,209,1400
f1736,11,19,UA,EWR,PBI,-5,-28,136,1023
f1737,11,19,US,LGA,CLT,-4,19,95,544
f1738,11,19,US,LGA,PHL,5,30,33,96
f1739,11,19,EV,EWR,IND,-4,-16,108,645
f1740,11,19,EV,EWR,STL,4,-6,133,872
f1741,11,19,UA,EWR,LAS,55,36,301,2227
f1742,11,19,EV,EWR,TUL,-4,-23,173,1215
f1743,11,20,EV,EWR,GRR,-8,-26,93,605
f1744,11,20,MQ,LGA,CLT,-5,6,86,544
f1745,11,20,UA,EWR,MIA,-13,-22,155,1085
f1746,11,20,B6,JFK,SJU,5,1,196,1598
f1747,11,20,F9,LGA,DEN,-1,4,225,1620
f1748,11,20,B6,JFK,RDU,-8,-12,69,427
f1749,11,20,MQ,EWR,ORD,42,38,117,719
f1750,11,20,EV,LGA,ROC,17,7,40,254
f1751,11,21,US,JFK,CLT,-7,-8,87,541
f1752,11,21,AA,LGA,DFW,-7,-17,210,1389
f1753,11,21,US,LGA,CLT,-4,-5,84,544
f1754,11,21,UA,EWR,IAH,-2,-19,195,1400
f1755,11,21,EV,EWR,GRR,-8,-23,94,605
f1756,11,21,AA,JFK,LAX,48,67,370,2475
f1757,11,21,9E,JFK,DFW,161,159,221,1391
f1758,11,21,DL,LGA,FLL,-1,-10,145,1076
f1759,11,22,US,LGA,PHL,-4,17,55,96
f1760,11,22,EV,EWR,MKE,59,65,132,725
f1761,11,23,EV,LGA,IAD,-20,-24,50,229
f1762,11,23,WN,LGA,MDW,37,58,144,725
f1763,11,23,FL,LGA,CAK,6,-1,72,397
f1764,11,23,9E,JFK,DCA,4,20,54,213
f1765,11,24,MQ,JFK,TPA,-5,-11,151,1005
f1766,11,24,UA,EWR,SFO,13,-17,340,2565
f1767,11,24,9E,JFK,BOS,-4,-16,41,187
f1768,11,24,EV,LGA,RDU,-5,-16,73,431
f1769,11,25,US,JFK,CLT,-7,-19,86,541
f1770,11,25,9E,JFK,ORD,16,10,126,740
f1771,11,25,AA,JFK,LAS,-6,-8,317,2248
f1772,11,26,B6,JFK,BTV,-3,-17,45,266
f1773,11,26,EV,LGA,ROC,-3,-24,49,254
f1774,11,26,DL,LGA,FLL,-2,-4,166,1076
f1775,11,26,UA,LGA,IAH,-2,-7,213,1416
f1776,11,26,AA,LGA,MIA,0,-5,168,1096
f1777,11,26,B6,EWR,MCO,109,107,140,937
f1778,11,27,UA,EWR,ORD,0,-16,108,719
f1779,11,27,9E,JFK,MSY,-7,17,191,1182
f1780,11,27,UA,EWR,RSW,-6,11,183,1068
f1781,11,27,AA,EWR,DFW,12,-20,193,1372
f1782,11,27,DL,JFK,ATL,-6,-10,118,760
f1783,11,27,DL,EWR,DTW,5,0,80,488
f1784,11,27,DL,LGA,ATL,21,35,121,762
f1785,11,28,B6,JFK,MCO,-4,-20,138,944
f1786,11,28,AA,LGA,ORD,-4,-14,116,733
f1787,11,28,EV,EWR,MSN,6,-5,126,799
f1788,11,28,AA,JFK,LAX,140,115,331,2475
f1789,11,28,UA,EWR,FLL,9,-8,159,1065
f1790,11,29,DL,EWR,ATL,-3,-12,113,746
f1791,11,29,DL,EWR,ATL,-5,-20,107,746
f1792,11,29,AA,JFK,MCO,2,-8,139,944
f1793,11,29,UA,EWR,SFO,-2,-40,335,2565
f1794,11,29,UA,EWR,PBI,-6,-29,143,1023
f1795,11,30,EV,EWR,CLE,3,-30,64,404
f1796,11,30,EV,EWR,BTV,-4,-4,46,266
f1797,11,30,DL,EWR,ATL,-2,-4,113,746
f1798,11,30,UA,EWR,LAX,0,-24,335,2454
f1799,12,1,AA,EWR,DFW,-5,-17,204,1372
f1800,12,1,UA,LGA,ORD,-9,-28,116,733
f1801,12,1,VX,JFK,LAX,-8,-22,340,2475
f1802,12,1,9E,JFK,IND,2,-30,96,665
f1803,12,1,US,LGA,CLT,-8,-4,98,544
f1804,12,2,US,LGA,DCA,-7,-19,44,214
f1805,12,2,UA,EWR,LAS,0,-7,323,2227
f1806,12,2,B6,JFK,PHX,-1,-16,302,2153
f1807,12,2,B6,JFK,SJC,34,35,377,2569
f1808,12,3,DL,LGA,DTW,-8,-21,84,502
f1809,12,3,EV,EWR,SDF,-4,-24,104,642
f1810,12,3,B6,JFK,SJU,-8,-4,208,1598
f1811,12,3,EV,EWR,GSO,-3,-21,68,445
f1812,12,3,B6,JFK,BOS,-5,-12,34,187
f1813,12,3,UA,JFK,SFO,64,63,369,2586
f1814,12,3,EV,EWR,JAX,48,53,126,820
f1815,12,3,DL,JFK,ATL,28,26,120,760
f1816,12,3,B6,JFK,BUF,-5,-11,61,301
f1817,12,3,EV,LGA,MEM,-1,-28,138,963
f1818,12,4,DL,JFK,SJU,-3,-18,192,1598
f1819,12,4,US,LGA,CLT,-6,-20,86,544
f1820,12,4,B6,EWR,RSW,-6,-31,138,1068
f1821,12,4,EV,LGA,SYR,21,-1,38,198
f1822,12,4,9E,JFK,BUF,6,-17,54,301
f1823,12,4,UA,LGA,IAH,19,-3,202,1416
f1824,12,4,DL,JFK,MCO,-10,-37,126,944
f1825,12,5,US,EWR,CLT,-3,-14,81,529
f1826,12,5,UA,EWR,DFW,-7,-23,210,1372
f1827,12,5,UA,EWR,SEA,33,12,334,2402
f1828,12,5,B6,JFK,PHX,-4,20,329,2153
f1829,12,5,B6,JFK,SEA,65,59,343,2422
f1830,12,6,DL,LGA,DTW,-6,-5,94,502
f1831,12,6,9E,JFK,MSP,4,12,172,1029
f1832,12,6,DL,JFK,FLL,-4,-9,154,1069
f1833,12,6,US,LGA,DCA,-7,-8,55,214
f1834,12,6,B6,EWR,FLL,74,58,143,1065
f1835,12,6,DL,JFK,ATL,24,21,123,760
f1836,12,6,UA,EWR,MCO,4,-8,134,937
f1837,12,6,FL,LGA,CAK,21,43,72,397
f1838,12,7,EV,EWR,CLE,-7,-8,73,404
f1839,12,7,B6,LGA,FLL,1,-7,157,1076
f1840,12,7,B6,JFK,MCO,12,7,140,944
f1841,12,7,B6,JFK,DEN,-43,48,265,1626
f1842,12,8,FL,LGA,CAK,0,-3,73,397
f1843,12,8,EV,LGA,MEM,-3,-13,162,963
f1844,12,8,9E,EWR,MSP,-9,41,189,1008
f1845,12,8,AA,LGA,ORD,114,215,158,733
f1846,12,8,9E,LGA,PIT,-5,45,66,335
f1847,12,8,MQ,JFK,CMH,-2,30,87,483
f1848,12,8,9E,LGA,GSP,116,137,113,610
f1849,12,9,HA,JFK,HNL,-2,-7,622,4983
f1850,12,9,EV,LGA,CLE,169,153,75,419
f1851,12,9,B6,JFK,FLL,64,46,151,1069
f1852,12,9,UA,EWR,TPA,36,42,166,997
f1853,12,10,UA,EWR,TPA,-8,4,164,997
f1854,12,10,MQ,JFK,RDU,-6,43,93,427
f1855,12,10,EV,EWR,MSY,-8,68,230,1167
f1856,12,10,B6,JFK,MCO,11,41,156,944
f1857,12,10,B6,EWR,TPA,122,142,173,997
f1858,12,10,B6,JFK,MCO,-3,37,161,944
f1859,12,10,B6,JFK,PDX,0,25,357,2454
f1860,12,11,WN,LGA,STL,-4,14,160,888
f1861,12,11,9E,JFK,MSY,-8,20,201,1182
f1862,12,11,US,LGA,DCA,16,12,53,214
f1863,12,11,UA,EWR,IAH,1,5,220,1400
f1864,12,11,B6,JFK,FLL,8,20,177,1069
f1865,12,11,VX,JFK,LAX,-2,-12,354,2475
f1866,12,11,UA,LGA,ORD,9,20,132,733
f1867,12,11,EV,EWR,CHS,16,41,113,628
f1868,12,11,B6,LGA,MCO,34,38,153,950
f1869,12,11,UA,EWR,IAH,-3,22,237,1400
f1870,12,12,MQ,LGA,CMH,-5,-2,81,479
f1871,12,12,B6,JFK,BOS,-3,-7,36,187
f1872,12,12,EV,EWR,ROC,-6,-12,50,246
f1873,12,12,EV,EWR,DAY,1,-5,90,533
f1874,12,12,EV,EWR,MSY,0,-15,168,1167
f1875,12,12,AA,LGA,ORD,20,24,126,733
f1876,12,12,9E,JFK,DTW,18,-12,92,509
f1877,12,12,B6,JFK,AUS,39,27,215,1521
f1878,12,13,B6,JFK,SJU,-1,12,201,1598
f1879,12,13,WN,LGA,MKE,4,9,135,738
f1880,12,13,EV,EWR,GRR,1,0,109,605
f1881,12,13,EV,LGA,CLT,8,-9,85,544
f1882,12,13,9E,JFK,PHL,-9,-18,27,94
f1883,12,13,UA,EWR,IAH,-3,-20,210,1400
f1884,12,13,B6,JFK,BOS,-4,-10,34,187
f1885,12,14,B6,JFK,IAD,0,-4,55,228
f1886,12,14,MQ,JFK,RDU,44,68,76,427
f1887,12,14,F9,LGA,DEN,-5,20,230,1620
f1888,12,14,DL,LGA,DTW,-1,20,95,502
f1889,12,14,9E,JFK,BUF,-11,3,54,301
f1890,12,14,AA,JFK,LAX,49,92,336,2475
f1891,12,14,AA,LGA,MIA,22,68,174,1096
f1892,12,15,9E,JFK,MSP,10,-12,155,1029
f1893,12,15,B6,LGA,MCO,-5,15,167,950
f1894,12,15,MQ,JFK,CLE,93,109,81,425
f1895,12,15,DL,LGA,ATL,6,-7,118,762
f1896,12,15,WN,EWR,MSY,1,-19,180,1167
f1897,12,15,UA,EWR,CLE,111,107,70,404
f1898,12,15,B6,JFK,PWM,114,112,43,273
f1899,12,16,9E,JFK,MSP,-1,-18,159,1029
f1900,12,16,DL,LGA,MSY,-11,4,185,1183
f1901,12,16,MQ,LGA,CMH,-7,-3,84,479
f1902,12,16,DL,JFK,DEN,5,-1,240,1626
f1903,12,16,EV,EWR,MSY,1,10,177,1167
f1904,12,17,EV,LGA,IAD,-7,9,50,229
f1905,12,17,DL,JFK,ATL,-3,-10,119,760
f1906,12,17,UA,EWR,PHX,3,-1,291,2133
f1907,12,17,UA,LGA,IAH,16,16,207,1416
f1908,12,17,DL,LGA,MSP,-4,41,147,1020
f1909,12,17,B6,EWR,MCO,3,35,147,937
f1910,12,17,9E,JFK,BUF,128,138,55,301
f1911,12,18,MQ,LGA,BNA,9,2,112,764
f1912,12,18,MQ,LGA,CMH,34,44,81,479
f1913,12,18,B6,EWR,MCO,14,3,125,937
f1914,12,18,DL,JFK,SJU,0,7,185,1598
f1915,12,19,EV,EWR,ATL,5,-1,115,746
f1916,12,19,EV,EWR,CHS,24,65,97,628
f1917,12,19,EV,EWR,BUF,-6,-8,52,282
f1918,12,19,UA,EWR,LAS,32,35,332,2227
f1919,12,19,B6,JFK,LGB,21,38,354,2465
f1920,12,19,FL,LGA,ATL,16,3,112,762
f1921,12,19,UA,EWR,CLE,3,-5,67,404
f1922,12,19,EV,EWR,MSP,116,133,167,1008
f1923,12,20,B6,LGA,FLL,-3,-4,153,1076
f1924,12,20,EV,EWR,MCI,73,98,194,1092
f1925,12,20,EV,LGA,RIC,18,-7,52,292
f1926,12,21,DL,LGA,MIA,-1,-26,156,1096
f1927,12,21,AA,LGA,MIA,4,-13,156,1096
f1928,12,21,WN,EWR,DEN,13,18,251,1605
f1929,12,22,DL,JFK,SEA,-6,-25,325,2422
f1930,12,22,B6,JFK,LAX,-2,-13,345,2475
f1931,12,22,EV,EWR,PWM,6,-3,51,284
f1932,12,22,B6,JFK,SLC,-1,-6,282,1990
f1933,12,22,UA,EWR,BOS,30,8,41,200
f1934,12,23,AA,LGA,MIA,-2,1,157,1096
f1935,12,23,DL,JFK,SJU,-4,-4,192,1598
f1936,12,23,DL,LGA,ATL,13,9,125,762
f1937,12,23,B6,JFK,BTV,-1,-8,47,266
f1938,12,23,B6,JFK,LAX,-1,-6,331,2475
f1939,12,23,AA,LGA,MIA,7,11,167,1096
f1940,12,23,WN,LGA,MKE,16,18,123,738
f1941,12,23,DL,JFK,MCO,-1,-22,137,944
f1942,12,23,DL,LGA,PBI,12,21,150,1035
f1943,12,23,EV,LGA,BHM,-4,-5,142,866
f1944,12,23,B6,JFK,BOS,163,156,31,187
f1945,12,23,B6,JFK,LAX,6,4,343,2475
f1946,12,24,B6,JFK,SJU,0,9,210,1598
f1947,12,24,DL,LGA,RSW,-5,2,189,1080
f1948,12,24,B6,JFK,PWM,24,13,46,273
f1949,12,24,EV,LGA,BGR,-5,-27,48,378
f1950,12,24,UA,EWR,LAX,9,1,340,2454
f1951,12,24,B6,JFK,MCO,42,36,141,944
f1952,12,24,B6,JFK,PSE,10,-1,198,1617
f1953,12,25,AA,JFK,MIA,-4,-14,154,1089
f1954,12,25,UA,EWR,DEN,25,26,228,1605
f1955,12,25,B6,JFK,FLL,-7,-15,154,1069
f1956,12,25,UA,EWR,IAH,-3,-10,218,1400
f1957,12,26,B6,JFK,FLL,-1,8,166,1069
f1958,12,26,B6,JFK,PBI,8,33,163,1028
f1959,12,26,EV,EWR,CLT,-4,-6,91,529
f1960,12,26,EV,LGA,CLE,48,34,78,419
f1961,12,26,MQ,JFK,RDU,0,-10,74,427
f1962,12,26,B6,JFK,FLL,-2,6,166,1069
f1963,12,26,MQ,LGA,BNA,-8,-16,126,764
f1964,12,26,9E,LGA,GSP,-15,-32,95,610
f1965,12,27,US,JFK,CLT,-2,-9,93,541
f1966,12,27,UA,EWR,MCO,0,-1,154,937
f1967,12,27,DL,LGA,ATL,-4,-20,126,762
f1968,12,27,B6,EWR,RSW,7,7,165,1068
f1969,12,27,AA,LGA,ORD,-6,-36,116,733
f1970,12,27,DL,EWR,ATL,6,4,123,746
f1971,12,27,EV,LGA,ILM,-7,-2,93,500
f1972,12,28,B6,JFK,BQN,1,4,195,1576
f1973,12,28,WN,EWR,MDW,15,16,113,711
f1974,12,28,B6,EWR,BOS,-7,-24,42,200
f1975,12,28,WN,EWR,HOU,44,44,218,1411
f1976,12,28,B6,EWR,MCO,-10,-7,138,937
f1977,12,29,AA,LGA,ORD,-8,-16,123,733
f1978,12,29,EV,EWR,MSY,-4,-6,191,1167
f1979,12,29,EV,EWR,ATL,19,3,129,746
f1980,12,29,B6,JFK,BUF,-3,-8,58,301
f1981,12,29,UA,EWR,BOS,-3,-13,39,200
f1982,12,29,EV,EWR,MEM,194,200,165,946
f1983,12,29,DL,JFK,DTW,0,0,92,509
f1984,12,29,DL,JFK,PHX,120,118,307,2153
f1985,12,29,UA,JFK,LAX,74,80,332,2475
f1986,12,30,EV,EWR,STL,-5,0,157,872
f1987,12,30,EV,EWR,BUF,-5,-6,56,282
f1988,12,30,UA,EWR,IAH,1,-1,221,1400
f1989,12,30,WN,LGA,STL,34,46,157,888
f1990,12,31,B6,JFK,SRQ,-3,11,173,1041
f1991,12,31,EV,EWR,MCI,-3,10,194,1092
f1992,12,31,DL,JFK,STT,-1,-32,201,1623
f1993,12,31,MQ,LGA,ATL,-4,-13,127,762
f1994,12,31,DL,JFK,SLC,0,27,316,1990
f1995,12,31,UA,EWR,IAH,-3,-1,224,1400
f1996,12,31,B6,JFK,JAX,-6,6,142,828
f1997,12,31,9E,JFK,IND,-1,-17,116,665
f1998,12,31,9E,JFK,BOS,-2,-36,33,187
f1999,12,31,DL,JFK,DEN,-3,-2,248,1626
f2000,12,31,B6,JFK,FLL,5,19,164,1069
