month,day,carrier,flight,origin,dest,dep_delay
1,1,B6,47,JFK,FLL,2
1,1,B6,115,JFK,MSY,0
1,1,UA,1203,EWR,SJU,1
1,1,UA,1204,EWR,CLE,-4
1,2,DL,1456,LGA,BUF,0
1,2,DL,1547,LGA,ATL,12
1,2,DL,2068,JFK,BOS,5
1,2,EV,4316,EWR,ALB,5
1,2,EV,4317,EWR,CVG,11
1,2,MQ,4309,JFK,IND,-3
1,2,UA,1187,EWR,ORD,11
1,2,UA,1294,EWR,FLL,-2
1,2,WN,864,LGA,STL,2
1,3,AA,309,LGA,ORD,119
1,3,B6,20,JFK,ROC,-6
1,3,B6,61,JFK,FLL,6
1,3,DL,2057,JFK,ATL,-3
1,4,9E,3609,JFK,PHL,44
1,4,B6,1176,EWR,BOS,12
1,4,DL,1902,LGA,PBI,-6
1,4,DL,2131,LGA,DTW,10
1,4,EV,4090,EWR,JAX,39
1,4,MQ,4431,LGA,RDU,-4
1,4,UA,1175,EWR,RSW,-3
1,4,UA,1256,EWR,MSY,2
1,4,US,487,JFK,CLT,-1
1,5,AA,257,JFK,LAS,-4
1,5,DL,1109,LGA,TPA,327
1,5,DL,1713,EWR,ATL,5
1,5,DL,2119,LGA,MSP,95
1,5,EV,4583,EWR,MSY,-2
1,5,MQ,4429,LGA,CMH,-7
1,5,UA,726,EWR,SFO,-3
1,6,AA,883,EWR,DFW,-1
1,6,B6,525,EWR,MCO,-10
1,6,B6,629,JFK,HOU,-5
1,6,DL,6,JFK,SLC,30
1,6,DL,1185,EWR,SLC,-5
1,6,EV,4140,EWR,ATL,-3
1,6,EV,5164,EWR,MSP,9
1,6,FL,345,LGA,ATL,5
1,6,FL,353,LGA,CAK,-5
1,6,MQ,4674,LGA,CLE,-10
1,6,UA,326,EWR,ORD,24
1,7,B6,30,JFK,ROC,3
1,7,B6,102,JFK,BUF,-2
1,7,B6,369,LGA,PBI,178
1,8,AA,21,JFK,LAX,-6
1,8,AA,1790,JFK,BOS,-2
1,8,DL,1147,LGA,ATL,-5
1,8,EV,4364,EWR,MCI,-4
1,9,B6,509,EWR,FLL,11
1,9,DL,1643,JFK,SEA,-3
1,9,DL,1847,LGA,ATL,-5
1,9,EV,4352,EWR,CVG,-6
1,9,EV,4364,EWR,MCI,-5
1,9,US,1665,LGA,CLT,-3
1,10,AA,2075,EWR,DFW,-4
1,10,DL,402,JFK,BOS,-5
1,10,DL,2079,LGA,FLL,-2
1,10,MQ,4479,LGA,RDU,-5
1,10,MQ,4577,LGA,CLT,-6
1,11,B6,727,JFK,BQN,20
1,11,B6,917,JFK,ORD,-7
1,11,EV,4230,EWR,GRR,-10
1,11,UA,424,EWR,PBI,2
1,11,UA,1120,EWR,SFO,-7
1,12,9E,3422,JFK,BOS,-11
1,12,B6,141,JFK,PBI,-1
1,12,UA,535,JFK,LAX,-2
1,12,US,1250,LGA,CLT,-6
1,13,B6,505,EWR,FLL,-7
1,13,DL,1415,JFK,SLC,-1
1,13,DL,2379,LGA,FLL,-7
1,13,EV,4279,EWR,MCI,-7
1,14,B6,801,JFK,FLL,-7
1,14,EV,4381,EWR,DTW,0
1,14,EV,5203,EWR,DTW,-11
1,14,US,2175,LGA,DCA,-9
1,15,UA,685,LGA,ORD,-7
1,15,UA,695,LGA,ORD,-7
1,15,UA,1519,EWR,STT,-6
1,16,B6,523,EWR,MCO,0
1,16,B6,537,EWR,TPA,58
1,16,DL,1331,JFK,DEN,0
1,16,UA,372,EWR,LAS,-4
1,16,UA,634,EWR,PBI,2
1,16,UA,1142,EWR,BOS,163
1,17,AA,341,LGA,ORD,0
1,17,DL,2319,LGA,MSP,-8
1,17,EV,4106,EWR,GSO,90
1,17,MQ,4426,LGA,CMH,-7
1,17,MQ,4485,LGA,CMH,-3
1,17,MQ,4610,LGA,ATL,-7
1,17,UA,1225,EWR,PBI,-5
1,17,US,2132,LGA,BOS,-6
1,18,AA,181,JFK,LAX,-1
1,18,EV,4348,EWR,MSP,30
1,18,MQ,4525,LGA,XNA,-10
1,18,UA,754,EWR,TPA,94
1,18,UA,1638,EWR,CLE,-7
1,18,US,449,EWR,CLT,9
1,19,B6,215,EWR,SJU,0
1,20,DL,6,JFK,SLC,-6
1,20,DL,1643,JFK,SEA,-7
1,20,EV,4645,EWR,JAX,196
1,20,MQ,4654,LGA,ATL,0
1,21,AA,133,JFK,LAX,63
1,21,DL,1647,LGA,ATL,-3
1,21,EV,5716,JFK,IAD,-1
1,21,UA,1734,EWR,ORD,-7
1,22,B6,1061,JFK,AUS,-5
1,22,DL,1394,JFK,PDX,0
1,22,DL,1465,JFK,SFO,0
1,22,DL,1715,LGA,MSY,26
1,22,EV,4392,EWR,SYR,-2
1,22,EV,4667,EWR,MSP,28
1,22,MQ,4323,JFK,ORF,-6
1,22,MQ,4517,LGA,CRW,64
1,22,UA,342,LGA,DEN,7
1,22,UA,1142,EWR,BOS,-6
1,22,UA,1269,EWR,PBI,54
1,22,UA,1539,EWR,DFW,-1
1,23,9E,3452,JFK,BOS,-4
1,23,9E,3538,JFK,MSP,-2
1,23,EV,4645,EWR,JAX,19
1,23,WN,3494,EWR,DEN,-5
1,24,AA,257,JFK,LAS,-1
1,24,B6,145,JFK,PBI,-6
1,24,DL,315,JFK,SJU,-2
1,24,EV,4271,EWR,ALB,77
1,24,EV,4411,EWR,MEM,70
1,24,UA,1030,JFK,LAX,-7
1,24,UA,1109,EWR,MCO,-1
1,24,UA,1116,EWR,BOS,0
1,24,US,2177,LGA,DCA,-6
1,25,AA,2279,LGA,MIA,-4
1,25,B6,377,LGA,FLL,15
1,25,B6,1053,JFK,PIT,-1
1,25,UA,225,EWR,ORD,
1,25,UA,1275,EWR,LAX,1
1,25,UA,1485,EWR,LAS,2
1,26,9E,3395,JFK,DCA,-5
1,26,AS,7,EWR,SEA,-5
1,26,B6,59,JFK,TPA,114
1,26,B6,381,LGA,FLL,33
1,26,MQ,4577,LGA,CLT,-7
1,26,UA,362,JFK,LAX,-1
1,26,UA,791,EWR,DEN,2
1,27,AA,1790,JFK,BOS,-11
1,27,B6,219,JFK,CLT,162
1,28,DL,1685,LGA,MCO,-10
1,28,EV,4312,EWR,DCA,
1,28,UA,1461,EWR,IAH,-8
1,29,DL,2143,JFK,MIA,-6
1,29,EV,5714,JFK,IAD,-8
1,29,UA,512,JFK,SFO,-3
1,29,US,1429,LGA,CLT,-6
1,30,AA,2253,LGA,MIA,9
1,30,B6,359,JFK,BUR,-1
1,30,DL,4,JFK,MCO,-7
1,30,EV,4171,EWR,MSN,50
1,30,EV,4326,EWR,CLT,55
1,30,EV,4333,EWR,TUL,170
1,30,UA,642,JFK,SFO,-2
1,30,UA,1580,EWR,BOS,-5
1,31,AA,1895,EWR,MIA,-10
1,31,US,1103,EWR,CLT,30
2,1,MQ,4661,LGA,ATL,-7
2,2,AA,117,JFK,LAX,-6
2,2,B6,31,JFK,MCO,-3
2,2,B6,102,JFK,BUF,75
2,2,UA,1707,EWR,TPA,0
2,3,AA,313,LGA,ORD,-4
2,3,AA,1357,JFK,SJU,-7
2,3,EV,4204,EWR,OKC,
2,3,MQ,4309,JFK,IND,1
2,3,WN,372,LGA,STL,0
2,4,B6,1020,JFK,BOS,-2
2,4,DL,1331,JFK,DEN,-2
2,4,DL,1919,LGA,MSP,-8
2,5,AA,695,JFK,AUS,-7
2,5,AA,2253,LGA,MIA,-3
2,5,B6,8,JFK,BUF,-5
2,5,DL,1031,LGA,DTW,-9
2,5,EV,3815,EWR,GSO,-3
2,5,F9,837,LGA,DEN,16
2,6,B6,179,JFK,PHX,10
2,6,B6,1020,JFK,BOS,0
2,6,EV,5486,LGA,PIT,5
2,6,UA,1243,EWR,BOS,-4
2,7,AA,1141,JFK,MIA,-2
2,7,B6,553,EWR,RSW,-3
2,7,DL,1099,LGA,RSW,42
2,8,AA,181,JFK,LAX,
2,8,AA,341,LGA,ORD,
2,8,B6,602,JFK,PWM,
2,8,DL,807,EWR,ATL,0
2,8,DL,1099,LGA,RSW,
2,8,DL,1585,LGA,MCO,
2,8,EV,4120,EWR,BUF,
2,8,FL,620,LGA,ATL,
2,8,US,1665,LGA,CLT,
2,9,EV,4548,EWR,RDU,
2,9,UA,1177,EWR,EGE,
2,10,UA,1000,EWR,MCO,0
2,10,US,338,JFK,PHX,-1
2,11,AA,721,LGA,DFW,-6
2,11,B6,529,EWR,MCO,207
2,11,DL,2343,EWR,ATL,0
2,11,EV,4689,EWR,CHS,-8
2,11,WN,469,LGA,BNA,47
2,12,B6,671,JFK,LAX,-3
2,12,EV,4596,EWR,STL,58
2,12,FL,346,LGA,ATL,-4
2,12,UA,235,EWR,MCO,-1
2,12,UA,287,LGA,ORD,
2,12,UA,471,EWR,RSW,-2
2,12,UA,1053,EWR,CLE,-4
2,12,US,1507,EWR,CLT,43
2,12,VX,27,JFK,SFO,-2
2,13,B6,8,JFK,BUF,-7
2,13,B6,517,EWR,MCO,-6
2,13,B6,1004,JFK,BOS,-1
2,13,DL,461,LGA,ATL,0
2,13,EV,4107,EWR,JAX,-1
2,13,EV,4271,EWR,ALB,13
2,14,EV,4099,EWR,GRR,-4
2,14,MQ,4475,LGA,RDU,-8
2,14,MQ,4491,LGA,CLE,-8
2,14,US,2167,LGA,DCA,-8
2,15,9E,3523,JFK,ORD,25
2,15,MQ,3768,EWR,ORD,-3
2,15,MQ,4662,LGA,ATL,-8
2,15,UA,309,JFK,SFO,-1
2,15,US,487,JFK,CLT,-2
2,16,AA,565,JFK,DFW,-7
2,16,DL,2285,LGA,MCO,-8
2,17,B6,20,JFK,ROC,-6
2,17,B6,509,EWR,FLL,14
2,17,B6,703,JFK,SJU,37
2,17,WN,564,LGA,DEN,37
2,18,MQ,3737,EWR,ORD,-10
2,18,UA,225,EWR,LAX,9
2,18,UA,1672,EWR,MCO,-2
2,18,US,2165,LGA,DCA,-6
2,19,B6,217,JFK,LGB,17
2,19,B6,709,JFK,SJU,-1
2,19,B6,885,JFK,RDU,-6
2,19,UA,397,JFK,SFO,-4
2,19,UA,1071,EWR,PHX,0
2,19,US,1429,LGA,CLT,-10
2,20,B6,85,JFK,FLL,72
2,20,B6,147,JFK,RSW,10
2,20,DL,1685,LGA,MCO,-8
2,20,DL,2043,JFK,ATL,-6
2,20,EV,5682,EWR,OMA,22
2,20,UA,523,EWR,IAH,-4
2,20,UA,731,EWR,RSW,-4
2,20,UA,1142,EWR,BOS,4
2,21,DL,947,LGA,ATL,0
2,21,EV,4536,EWR,CVG,10
2,21,UA,1066,EWR,BOS,-6
2,21,WN,518,EWR,MDW,97
2,21,WN,2236,EWR,BWI,-2
2,22,AA,353,LGA,ORD,16
2,22,EV,4162,EWR,ALB,-1
2,22,EV,4356,EWR,BWI,
2,22,MQ,4518,LGA,RDU,-7
2,22,US,720,EWR,CLT,-5
2,23,9E,3422,JFK,BOS,-1
2,23,B6,503,EWR,FLL,-5
2,23,US,654,JFK,PHX,-7
2,23,US,1491,LGA,CLT,-10
2,24,9E,3638,JFK,PHL,-6
2,24,AA,773,LGA,DFW,-7
2,24,B6,983,LGA,TPA,-9
2,24,DL,914,LGA,DEN,-7
2,24,EV,4404,EWR,PVD,-3
2,24,MQ,4582,LGA,CLT,-9
2,25,AA,257,JFK,LAS,-8
2,25,AA,327,LGA,ORD,-2
2,25,DL,1099,JFK,MSY,0
2,25,EV,3828,EWR,JAX,2
2,25,EV,4087,EWR,PWM,29
2,25,EV,4404,EWR,PVD,-7
2,25,EV,4900,EWR,DTW,-5
2,25,EV,5060,LGA,JAX,-8
2,25,MQ,4401,LGA,DTW,-8
2,26,B6,389,LGA,MCO,-7
2,26,DL,1529,JFK,LAS,-3
2,26,EV,4129,EWR,DCA,-7
2,26,EV,4166,EWR,GSP,
2,26,FL,850,LGA,MKE,9
2,26,UA,1544,EWR,ORD,49
2,27,AA,181,JFK,LAX,32
2,27,AA,575,JFK,EGE,20
2,27,DL,935,EWR,ATL,-1
2,27,DL,1935,LGA,TPA,-4
2,27,DL,2344,JFK,LAX,-4
2,27,EV,3258,EWR,CLT,-3
2,27,EV,4367,EWR,MKE,113
2,27,MQ,4429,LGA,CMH,84
2,28,DL,1902,LGA,PBI,-7
2,28,MQ,3783,JFK,CMH,29
2,28,MQ,4146,JFK,CMH,14
2,28,UA,1116,EWR,BOS,1
3,1,MQ,4540,LGA,DTW,-4
3,2,AA,1813,JFK,MCO,-4
3,2,DL,401,EWR,ATL,-11
3,2,EV,4191,EWR,CMH,-6
3,2,UA,1299,EWR,RSW,-1
3,3,AA,1613,JFK,SJU,71
3,3,B6,215,EWR,SJU,0
3,3,DL,1547,LGA,ATL,2
3,3,UA,1646,EWR,ORD,-7
3,4,EV,4161,EWR,CLT,10
3,4,UA,676,EWR,SEA,-3
3,4,UA,1152,EWR,LAS,4
3,4,WN,20,EWR,HOU,-3
3,5,B6,44,JFK,SYR,-4
3,5,B6,361,LGA,PBI,-6
3,5,B6,517,EWR,MCO,-7
3,5,EV,4107,EWR,CVG,73
3,5,WN,475,EWR,BWI,-6
3,6,9E,3638,JFK,PHL,
3,6,AA,329,LGA,ORD,12
3,6,AA,1853,EWR,DFW,-3
3,6,B6,389,LGA,MCO,-3
3,6,EV,4572,EWR,GSP,
3,7,9E,3374,JFK,PIT,68
3,7,9E,4059,LGA,DAY,
3,7,DL,706,JFK,AUS,21
3,7,DL,874,LGA,MIA,-5
3,7,MQ,4309,JFK,IND,0
3,8,9E,3613,JFK,ROC,76
3,8,UA,265,EWR,CLE,-6
3,8,UA,504,EWR,PHX,56
3,8,US,1733,LGA,CLT,-4
3,9,B6,201,JFK,FLL,12
3,9,EV,4206,EWR,BTV,-6
3,9,EV,5712,JFK,IAD,9
3,9,UA,452,EWR,SFO,31
3,9,UA,592,EWR,IAH,-5
3,9,UA,1115,EWR,TPA,
3,9,WN,2034,EWR,MDW,-4
3,10,DL,1047,LGA,ATL,-4
3,10,DL,1465,JFK,SFO,-8
3,10,UA,241,EWR,IAH,11
3,10,UA,1416,EWR,AUS,50
3,11,DL,2003,LGA,MIA,121
3,11,EV,4276,EWR,BDL,4
3,11,UA,511,EWR,LAS,-7
3,11,UA,1127,EWR,SFO,9
3,11,UA,1597,EWR,EGE,2
3,12,B6,36,JFK,ROC,11
3,12,B6,391,LGA,MCO,204
3,12,DL,2285,LGA,MCO,-8
3,12,EV,3828,EWR,ATL,-2
3,12,FL,721,LGA,CAK,54
3,12,US,2128,LGA,BOS,-8
3,12,WN,815,EWR,HOU,66
3,13,9E,3436,JFK,RDU,0
3,13,B6,383,LGA,FLL,13
3,13,DL,2006,LGA,MSY,-6
3,13,FL,806,LGA,ATL,0
3,13,UA,1221,EWR,DFW,-7
3,13,UA,1416,EWR,AUS,-1
3,13,UA,1654,EWR,PHX,11
3,13,WN,824,EWR,BNA,0
3,14,AA,85,JFK,SFO,34
3,14,AA,1905,EWR,DFW,116
3,14,B6,985,LGA,TPA,31
3,14,EV,4158,EWR,RIC,51
3,14,UA,1214,EWR,DEN,1
3,15,AA,319,LGA,ORD,17
3,15,B6,185,JFK,SAN,12
3,15,B6,1061,JFK,AUS,8
3,15,EV,5079,LGA,JAX,6
3,15,EV,5716,JFK,IAD,-4
3,15,UA,343,LGA,DEN,-3
3,15,US,2122,LGA,BOS,-7
3,15,WN,2444,LGA,MDW,-4
3,16,AA,2253,LGA,MIA,-2
3,16,B6,115,JFK,MSY,-3
3,16,B6,130,JFK,BUF,37
3,16,DL,1919,LGA,MSP,-3
3,17,AA,1635,JFK,SJU,94
3,17,B6,39,JFK,PBI,-1
3,17,DL,1174,LGA,PBI,-4
3,17,DL,1473,LGA,MEM,13
3,17,UA,451,EWR,PBI,16
3,17,WN,2444,LGA,MDW,-3
3,18,EV,4119,EWR,RIC,127
3,18,EV,4121,EWR,ROC,43
3,18,EV,5277,EWR,MSP,62
3,18,MQ,3768,EWR,ORD,-4
3,18,MQ,4577,LGA,CLT,15
3,18,UA,1177,LGA,ORD,116
3,19,9E,4019,JFK,RIC,-11
3,19,AA,319,LGA,ORD,-6
3,19,B6,347,JFK,SRQ,-9
3,19,DL,1903,LGA,SRQ,-3
3,19,EV,5968,LGA,IAD,164
3,19,MQ,4146,JFK,CMH,28
3,20,EV,4119,EWR,RIC,115
3,20,EV,4471,EWR,CLT,
3,20,UA,316,EWR,TPA,-4
3,21,AA,1,JFK,LAX,-2
3,21,B6,79,JFK,MCO,-3
3,21,B6,1002,JFK,BOS,-2
3,21,DL,461,LGA,ATL,-4
3,21,MQ,4410,JFK,DCA,33
3,21,MQ,4426,LGA,CMH,6
3,21,UA,504,EWR,PHX,-1
3,21,US,2136,LGA,BOS,8
3,21,WN,3696,LGA,MKE,0
3,22,EV,4600,EWR,MEM,84
3,22,EV,4644,EWR,CMH,-2
3,22,UA,1116,EWR,BOS,13
3,22,US,1281,EWR,CLT,-3
3,22,US,2126,LGA,BOS,-9
3,23,9E,3968,JFK,PHL,-7
3,23,AA,1850,JFK,BOS,-5
3,23,DL,2139,LGA,MIA,21
3,23,EV,5670,EWR,SDF,-3
3,23,UA,216,EWR,CLE,13
3,23,UA,1166,EWR,TPA,0
3,24,B6,147,JFK,RSW,-4
3,25,9E,4147,JFK,IND,
3,25,EV,4092,EWR,DAY,
3,25,MQ,4323,JFK,ORF,19
3,25,MQ,4403,JFK,RDU,-5
3,25,UA,1714,LGA,IAH,4
3,26,B6,197,JFK,LAS,-8
3,26,DL,2006,LGA,MSY,-6
3,26,WN,962,LGA,BNA,-1
3,26,WN,1972,EWR,MDW,0
3,27,9E,3374,JFK,PIT,-5
3,27,9E,3968,JFK,PHL,-5
3,27,AA,1850,JFK,BOS,-6
3,27,B6,645,JFK,SFO,45
3,27,DL,1031,LGA,DTW,82
3,27,EV,4411,EWR,MEM,-7
3,27,FL,620,LGA,ATL,5
3,27,UA,1584,EWR,LAX,6
3,27,UA,1693,EWR,LAS,32
3,27,UA,1721,EWR,LAX,2
3,28,9E,3330,JFK,DCA,-5
3,28,B6,91,JFK,OAK,10
3,28,B6,104,JFK,BUF,8
3,28,B6,325,JFK,TPA,-1
3,28,B6,600,JFK,PWM,-2
3,28,DL,1773,JFK,SLC,19
3,28,EV,4249,EWR,SYR,8
3,28,EV,4350,EWR,DCA,60
3,28,UA,424,EWR,SAT,-5
3,28,UA,602,EWR,IAH,18
3,28,WN,142,EWR,MDW,-5
3,29,B6,215,EWR,SJU,-4
3,29,DL,914,LGA,DEN,-2
3,29,UA,1462,EWR,SFO,-4
3,30,EV,3836,EWR,BOS,-2
3,30,UA,108,EWR,PHX,-2
3,30,UA,991,EWR,SFO,2
3,30,US,1036,EWR,CLT,15
3,31,B6,675,JFK,LAX,-6
3,31,EV,4485,EWR,RDU,-6
3,31,MQ,4589,LGA,DTW,15
3,31,VX,399,JFK,LAX,0
4,1,9E,3395,JFK,DCA,-4
4,1,9E,3439,JFK,CVG,-7
4,1,B6,1783,JFK,MCO,7
4,1,DL,1394,JFK,PDX,-5
4,1,UA,1186,EWR,MIA,15
4,2,B6,185,JFK,SAN,8
4,2,DL,807,EWR,ATL,-3
4,2,US,2165,LGA,DCA,-6
4,3,9E,3459,JFK,BNA,-11
4,3,B6,391,LGA,MCO,-5
4,3,B6,1783,JFK,MCO,20
4,3,MQ,4426,LGA,CMH,-9
4,3,UA,1430,EWR,IAH,-5
4,3,UA,1612,EWR,DEN,-2
4,4,AA,707,LGA,DFW,-9
4,4,B6,600,JFK,PWM,-7
4,4,MQ,3737,EWR,ORD,-7
4,4,MQ,4518,LGA,RDU,-7
4,4,VX,411,JFK,LAX,-3
4,5,B6,135,JFK,RSW,-5
4,5,B6,677,JFK,LAX,-2
4,5,B6,1101,JFK,FLL,0
4,5,DL,1429,JFK,LAS,-5
4,5,EV,4405,EWR,SAV,14
4,5,MQ,4553,LGA,CLE,-6
4,5,UA,1228,EWR,SAN,36
4,5,US,2130,LGA,BOS,-7
4,6,AA,707,LGA,DFW,-4
4,6,AA,1949,JFK,LAS,-3
4,6,UA,1525,EWR,RSW,-2
4,6,US,186,EWR,PHX,-3
4,7,B6,615,JFK,JAX,0
4,7,B6,927,EWR,MCO,-3
4,7,EV,4517,EWR,RIC,-4
4,7,US,1427,JFK,CLT,1
4,8,AA,359,LGA,ORD,15
4,8,B6,36,JFK,ROC,3
4,8,DL,963,JFK,LAX,-5
4,8,DL,1647,LGA,ATL,-4
4,8,FL,353,LGA,CAK,-5
4,9,DL,706,JFK,AUS,-2
4,10,AA,543,JFK,MIA,-4
4,10,AA,707,LGA,DFW,-8
4,10,B6,155,JFK,MCO,178
4,10,B6,403,JFK,SJU,-3
4,10,UA,676,EWR,SEA,33
4,10,UA,1574,EWR,FLL,40
4,11,B6,130,JFK,BUF,4
4,11,DL,401,EWR,ATL,-3
4,11,DL,1085,JFK,MIA,4
4,11,DL,1959,JFK,MCO,-4
4,11,DL,2170,JFK,PHX,-4
4,11,EV,4122,EWR,SDF,4
4,12,B6,527,EWR,MCO,159
4,12,DL,807,EWR,ATL,-3
4,12,EV,3256,EWR,CHS,45
4,12,EV,4543,EWR,DSM,
4,12,UA,468,EWR,LAX,32
4,12,UA,1127,EWR,SFO,6
4,12,US,2167,LGA,DCA,-9
4,12,WN,2444,LGA,MDW,110
4,13,B6,32,JFK,ROC,0
4,13,DL,1271,JFK,FLL,-8
4,13,UA,1726,EWR,SAN,-2
4,13,VX,415,JFK,LAX,1
4,14,9E,3315,JFK,MSP,18
4,14,AA,883,EWR,DFW,-5
4,14,DL,763,JFK,LAX,-4
4,14,EV,4141,EWR,ATL,3
4,14,UA,303,JFK,SFO,-3
4,14,UA,687,LGA,IAH,-5
4,14,WN,2497,LGA,DEN,-1
4,15,B6,703,JFK,SJU,17
4,15,B6,1016,JFK,BOS,9
4,15,EV,4166,EWR,GSP,26
4,15,EV,5216,LGA,MCI,-6
4,15,MQ,4491,LGA,CLE,-11
4,15,UA,390,EWR,SFO,-4
4,15,UA,1592,EWR,MCO,-1
4,16,9E,3368,JFK,RDU,-13
4,16,B6,341,JFK,SRQ,11
4,16,DL,2044,LGA,MIA,-5
4,16,UA,726,EWR,SFO,0
4,16,US,2122,LGA,BOS,-8
4,16,US,2136,LGA,BOS,-6
4,17,9E,3335,JFK,BOS,-1
4,17,9E,4065,LGA,SDF,-9
4,17,B6,79,JFK,MCO,-1
4,17,B6,645,JFK,SFO,3
4,17,DL,485,EWR,ATL,-6
4,17,EV,3852,EWR,BUF,1
4,17,EV,4085,EWR,IND,-3
4,17,EV,4898,EWR,ATL,-2
4,17,EV,5676,EWR,MSP,-5
4,18,AA,257,JFK,LAS,19
4,18,DL,1473,LGA,MEM,15
4,18,EV,4141,EWR,ATL,0
4,18,EV,4515,EWR,MHT,17
4,18,EV,4622,EWR,GRR,59
4,18,EV,5445,EWR,DTW,-4
4,19,9E,3798,JFK,CLT,
4,19,B6,133,JFK,RSW,4
4,19,B6,147,JFK,RSW,46
4,19,B6,209,JFK,LGB,-4
4,19,B6,517,EWR,MCO,-3
4,19,DL,2370,LGA,PBI,79
4,19,MQ,4485,LGA,CMH,18
4,20,AA,647,JFK,MIA,-1
4,20,AA,717,LGA,DFW,-5
4,20,B6,173,JFK,SJC,-9
4,20,B6,199,JFK,LAS,-1
4,20,B6,673,JFK,LAX,11
4,20,B6,1172,EWR,BOS,-2
4,20,DL,1773,JFK,SLC,-2
4,20,EV,4226,EWR,BWI,0
4,20,VX,411,JFK,LAX,2
4,21,AA,321,LGA,ORD,-8
4,21,B6,341,JFK,SRQ,-2
4,21,B6,987,JFK,MCO,38
4,21,DL,2247,LGA,ATL,-7
4,21,EV,4684,EWR,STL,-6
4,22,AA,85,JFK,SFO,-1
4,22,AA,443,JFK,MIA,-5
4,22,B6,389,LGA,MCO,-2
4,22,DL,401,EWR,ATL,-5
4,22,DL,1629,JFK,LAS,25
4,22,DL,2170,JFK,PHX,-1
4,22,EV,4411,EWR,MEM,89
4,22,UA,389,JFK,SFO,47
4,22,UA,486,EWR,LAS,-4
4,22,UA,1708,EWR,SJU,13
4,22,US,1621,EWR,CLT,-3
4,23,EV,4409,EWR,RIC,6
4,23,EV,4522,EWR,OMA,3
4,24,B6,39,JFK,PBI,
4,24,DL,1697,EWR,DTW,12
4,24,EV,4326,EWR,CLT,119
4,24,EV,5038,LGA,BHM,-5
4,24,UA,1165,EWR,LAX,-2
4,25,B6,63,JFK,TPA,20
4,25,DL,17,JFK,LAX,-1
4,25,DL,1131,LGA,DTW,-2
4,25,DL,1643,JFK,SEA,14
4,25,DL,2159,JFK,MCO,-1
4,25,UA,251,LGA,IAH,26
4,25,US,2175,LGA,DCA,12
4,25,VX,399,JFK,LAX,2
4,25,WN,1596,EWR,STL,145
4,25,WN,3493,LGA,MDW,-1
4,26,AA,739,LGA,DFW,-4
4,26,AA,1871,LGA,MIA,11
4,26,AA,1999,EWR,MIA,-3
4,26,EV,4243,EWR,BNA,9
4,27,B6,44,JFK,SYR,1
4,27,B6,711,JFK,LAS,-2
4,27,DL,2379,LGA,FLL,-3
4,27,UA,983,EWR,TPA,-8
4,27,UA,1120,EWR,SFO,-3
4,27,US,297,JFK,CLT,-2
4,27,WN,1362,LGA,MDW,-1
4,28,9E,3603,JFK,PHL,15
4,28,AA,1033,EWR,DFW,-7
4,28,B6,707,JFK,SJU,-8
4,28,UA,1191,EWR,FLL,-4
4,29,DL,1747,LGA,ATL,-1
4,29,EV,3806,EWR,BNA,53
4,29,EV,4097,EWR,MCI,-1
4,29,FL,721,LGA,CAK,5
4,29,UA,709,EWR,IAH,-5
4,30,DL,1433,LGA,RSW,-1
4,30,EV,4312,EWR,DCA,91
4,30,MQ,4406,JFK,RDU,-2
4,30,UA,1207,EWR,ORD,0
5,1,AA,1635,JFK,SJU,-4
5,1,DL,1247,LGA,ATL,-1
5,1,DL,1629,JFK,LAS,61
5,1,EV,4230,EWR,GSO,-10
5,1,UA,771,JFK,LAX,-8
5,2,AA,1097,LGA,DFW,-9
5,2,AA,2267,LGA,MIA,-1
5,2,B6,25,JFK,FLL,3
5,2,B6,615,JFK,JAX,8
5,2,DL,181,LGA,DTW,9
5,2,MQ,3730,EWR,ORD,-7
5,2,WN,1791,EWR,HOU,-1
5,3,DL,1919,LGA,MSP,-9
5,3,EV,5699,LGA,IAD,
5,3,MQ,4670,LGA,BNA,4
5,3,UA,1259,EWR,LAX,-4
5,4,9E,3300,JFK,DCA,-5
5,4,AA,677,JFK,MIA,23
5,4,B6,905,JFK,ORD,-2
5,4,EV,4225,EWR,IND,34
5,4,EV,4445,EWR,SDF,-6
5,4,MQ,4478,LGA,DTW,0
5,5,9E,4127,JFK,IAD,-5
5,5,DL,947,LGA,ATL,0
5,5,EV,4191,EWR,BNA,11
5,5,UA,1630,EWR,SFO,0
5,5,UA,1719,LGA,CLE,-6
5,5,US,1427,JFK,CLT,-11
5,6,B6,141,JFK,PBI,-1
5,6,UA,1401,EWR,MIA,21
5,6,US,2191,LGA,DCA,-10
5,6,WN,504,EWR,MDW,22
5,7,AS,21,EWR,SEA,-9
5,7,MQ,4478,LGA,DTW,-10
5,7,UA,1571,EWR,SEA,-4
5,7,VX,413,JFK,LAX,17
5,8,B6,905,JFK,ORD,-2
5,8,EV,3824,EWR,BNA,233
5,8,FL,354,LGA,CAK,36
5,8,UA,220,EWR,SFO,26
5,8,UA,1284,EWR,ORD,2
5,8,US,1607,LGA,PHL,26
5,8,VX,407,JFK,LAX,2
5,9,AA,331,LGA,ORD,20
5,9,EV,5699,LGA,IAD,-2
5,9,UA,572,LGA,IAH,-4
5,9,US,196,JFK,PHX,8
5,9,WN,3052,EWR,MDW,19
5,10,AA,331,LGA,ORD,62
5,10,DL,1485,LGA,MCO,-5
5,10,EV,4120,EWR,CMH,185
5,10,EV,4243,EWR,BTV,16
5,10,UA,1252,EWR,SFO,4
5,10,US,2169,LGA,DCA,-4
5,11,9E,3300,JFK,DCA,-4
5,11,B6,75,JFK,TPA,110
5,11,EV,4380,EWR,MSP,-5
5,11,UA,1161,EWR,IAH,6
5,11,US,1491,LGA,CLT,15
5,12,9E,3393,JFK,DCA,-6
5,12,AA,1949,JFK,LAS,-9
5,13,B6,87,JFK,SLC,-4
5,13,UA,781,LGA,DEN,3
5,13,UA,1496,EWR,SNA,-2
5,14,AA,1787,JFK,TPA,-7
5,14,B6,1170,EWR,BOS,-5
5,14,EV,3813,EWR,BTV,-4
5,14,EV,4299,EWR,DCA,93
5,14,EV,5215,LGA,SYR,16
5,14,MQ,4619,LGA,ATL,14
5,14,MQ,4674,LGA,CLE,-6
5,14,US,2175,LGA,DCA,-5
5,15,9E,3403,JFK,MCI,56
5,15,MQ,4669,LGA,ATL,-6
5,15,UA,15,EWR,HNL,1
5,16,B6,547,EWR,PBI,-4
5,16,B6,553,EWR,RSW,-5
5,16,DL,315,JFK,SJU,-3
5,16,EV,4175,EWR,AVL,-3
5,16,MQ,4601,LGA,RDU,-6
5,16,US,297,JFK,CLT,11
5,17,AA,1709,LGA,MIA,-6
5,17,DL,183,JFK,SEA,-3
5,17,DL,2231,LGA,DTW,-4
5,17,EV,4246,EWR,DTW,58
5,17,UA,752,EWR,LAX,-8
5,18,B6,27,JFK,TPA,-6
5,18,B6,42,JFK,SYR,32
5,18,UA,1523,EWR,PDX,65
5,18,UA,1566,EWR,MCO,3
5,18,US,1821,LGA,PHL,-8
5,19,DL,930,LGA,FLL,16
5,19,DL,2042,EWR,ATL,90
5,19,EV,4376,EWR,RDU,-4
5,19,EV,5711,JFK,IAD,-10
5,20,9E,4120,JFK,CLE,-7
5,20,AA,119,EWR,LAX,-3
5,20,AA,309,LGA,ORD,-5
5,20,EV,4684,EWR,CVG,24
5,20,EV,4971,LGA,CHS,211
5,20,FL,345,LGA,ATL,-1
5,21,B6,112,JFK,BUF,6
5,21,DL,2379,LGA,FLL,-5
5,21,EV,4181,EWR,MCI,23
5,21,EV,4281,EWR,BTV,-1
5,21,US,2177,LGA,DCA,6
5,22,AA,343,LGA,ORD,88
5,22,AA,1787,JFK,TPA,16
5,22,EV,4218,EWR,BNA,-6
5,22,EV,4348,EWR,MCI,
5,22,UA,1139,EWR,DEN,35
5,22,US,2140,LGA,BOS,40
5,23,9E,3395,JFK,DCA,
5,23,DL,1919,LGA,MSP,-1
5,23,UA,691,LGA,ORD,95
5,23,UA,1288,EWR,IAH,-3
5,23,UA,1587,EWR,RSW,29
5,23,UA,1731,EWR,LAS,16
5,24,EV,4572,EWR,GSP,69
5,24,EV,4658,EWR,CHS,
5,24,MQ,4429,LGA,CMH,0
5,24,MQ,4660,LGA,BNA,107
5,24,UA,562,LGA,DEN,15
5,24,US,2191,LGA,DCA,124
5,24,VX,413,JFK,LAX,29
5,25,AA,1895,EWR,MIA,-3
5,25,B6,9,JFK,MCO,5
5,25,DL,2003,LGA,MIA,-4
5,25,UA,1643,EWR,DEN,3
5,26,9E,3413,JFK,BWI,72
5,26,B6,281,JFK,MCO,-6
5,26,UA,1663,EWR,RSW,-7
5,26,UA,1687,EWR,MCO,-6
5,27,B6,133,JFK,RSW,24
5,27,B6,361,LGA,PBI,-8
5,27,B6,377,LGA,FLL,-8
5,27,B6,917,JFK,ORD,-10
5,27,B6,1018,JFK,BOS,-7
5,27,DL,1373,JFK,MIA,-4
5,27,UA,557,EWR,SFO,-5
5,27,UA,1643,EWR,DEN,-5
5,28,B6,2,JFK,BUF,21
5,28,EV,3824,EWR,GSO,6
5,28,UA,1058,EWR,ORD,9
5,28,US,681,EWR,PHX,-3
5,28,US,2138,LGA,BOS,-6
5,28,WN,1638,EWR,PHX,11
5,29,B6,523,EWR,MCO,-7
5,29,DL,2391,JFK,TPA,62
5,29,EV,5215,LGA,SYR,5
5,29,MQ,4607,LGA,CMH,-7
5,30,B6,711,JFK,LAS,-7
5,30,EV,4377,EWR,JAX,-4
5,30,MQ,3985,JFK,CVG,-5
5,30,MQ,4655,LGA,BNA,-4
5,30,UA,1497,EWR,DEN,-1
5,31,9E,4120,JFK,CLE,109
5,31,AA,2279,LGA,MIA,-3
5,31,DL,127,JFK,LAX,0
5,31,DL,1433,JFK,MIA,17
5,31,EV,5168,LGA,GSO,-6
5,31,EV,5769,LGA,IAD,77
5,31,UA,1556,EWR,SFO,7
6,1,B6,15,JFK,FLL,-9
6,1,DL,245,JFK,PHX,-2
6,1,EV,4495,EWR,SAV,-3
6,1,UA,1075,EWR,SNA,15
6,2,9E,3465,JFK,BOS,-7
6,2,MQ,4649,LGA,MSP,226
6,2,US,196,JFK,PHX,7
6,3,9E,3395,JFK,DCA,59
6,3,AA,185,JFK,LAX,-5
6,3,AA,655,JFK,STT,-8
6,3,AA,2279,LGA,MIA,10
6,3,EV,3854,EWR,SDF,-4
6,3,WN,216,EWR,MDW,14
6,4,AA,711,LGA,DFW,-6
6,4,B6,1061,JFK,AUS,-5
6,4,DL,1485,LGA,MCO,149
6,4,EV,4171,EWR,MSN,-6
6,4,US,1429,LGA,CLT,-8
6,4,WN,542,LGA,MKE,-8
6,5,AA,329,LGA,ORD,-8
6,5,B6,547,EWR,PBI,-10
6,5,B6,1012,JFK,BOS,-2
6,5,EV,5596,LGA,MEM,-13
6,5,UA,257,JFK,SFO,-4
6,5,UA,1024,EWR,PHX,0
6,5,VX,23,JFK,SFO,3
6,6,9E,3403,JFK,MCI,-1
6,6,9E,3608,JFK,PHL,-4
6,6,UA,205,EWR,AUS,15
6,6,UA,732,EWR,LAX,95
6,6,UA,1496,EWR,SNA,-1
6,6,US,1431,EWR,CLT,-6
6,6,WN,1983,EWR,AUS,-1
6,7,9E,3353,JFK,DTW,-7
6,7,UA,1177,EWR,ORD,33
6,8,AA,1467,LGA,MIA,-6
6,8,DL,1942,EWR,ATL,7
6,8,UA,1555,EWR,SAN,10
6,9,B6,79,JFK,MCO,-6
6,9,B6,115,JFK,MSY,-8
6,9,DL,1167,JFK,TPA,-4
6,9,DL,1919,LGA,MSP,-7
6,9,EV,4122,EWR,SDF,-4
6,9,EV,5747,LGA,IAD,3
6,9,MQ,3792,JFK,DCA,-2
6,9,US,1014,EWR,CLT,-10
6,10,AA,177,JFK,SFO,0
6,10,B6,705,JFK,SJU,37
6,10,DL,315,JFK,SJU,-4
6,10,EV,5714,JFK,IAD,
6,10,MQ,4660,LGA,BNA,38
6,10,WN,488,EWR,HOU,-1
6,11,DL,2119,LGA,MSP,-6
6,11,EV,4397,EWR,MCI,0
6,11,UA,1130,EWR,AUS,31
6,11,US,2138,LGA,BOS,44
6,12,MQ,3603,LGA,DTW,-9
6,12,US,1965,EWR,CLT,-10
6,12,WN,3297,LGA,BNA,1
6,13,AA,695,JFK,AUS,71
6,13,B6,155,JFK,MCO,112
6,13,B6,671,JFK,LAX,-3
6,13,EV,4191,EWR,BNA,222
6,13,EV,4952,LGA,CLT,-5
6,13,MQ,3531,LGA,RDU,10
6,13,VX,29,JFK,SFO,56
6,13,WN,2261,EWR,PHX,46
6,14,9E,3353,JFK,DTW,-5
6,14,AA,773,LGA,DFW,-4
6,14,B6,6,JFK,BUF,6
6,14,B6,1004,JFK,BOS,-5
6,14,EV,4377,EWR,JAX,35
6,14,EV,4533,EWR,BUF,-6
6,14,EV,5712,JFK,IAD,-6
6,14,WN,345,LGA,DEN,292
6,15,AA,753,LGA,DFW,-6
6,15,B6,381,LGA,FLL,-11
6,15,B6,983,LGA,TPA,-6
6,15,EV,5747,LGA,IAD,-6
6,15,WN,882,LGA,STL,9
6,16,9E,4127,JFK,IAD,14
6,16,B6,1085,JFK,CLT,-3
6,16,DL,2190,JFK,MIA,-4
6,16,MQ,3384,LGA,CLT,9
6,16,MQ,3461,LGA,BNA,-3
6,16,UA,148,EWR,SEA,-4
6,16,UA,429,EWR,SNA,9
6,17,9E,4033,LGA,TYS,
6,17,AA,327,LGA,ORD,-1
6,17,AA,1073,LGA,MIA,1
6,17,B6,141,JFK,PBI,10
6,17,EV,4129,EWR,DCA,30
6,17,EV,4583,EWR,PWM,6
6,17,EV,4974,LGA,BTV,-5
6,17,UA,502,EWR,PBI,-3
6,17,UA,753,EWR,DFW,-6
6,17,UA,1734,EWR,ORD,4
6,17,WN,40,LGA,HOU,-4
6,18,B6,705,JFK,SJU,6
6,18,EV,5678,EWR,CVG,79
6,18,UA,428,EWR,SAN,-1
6,18,VX,415,JFK,LAX,127
6,19,B6,112,JFK,BUF,-7
6,19,DL,971,JFK,DEN,18
6,19,DL,1847,LGA,ATL,-4
6,19,MQ,3674,LGA,CLE,-6
6,19,UA,1141,EWR,SFO,2
6,19,UA,1293,EWR,SFO,4
6,20,B6,1491,JFK,ACK,-4
6,20,DL,2003,LGA,MIA,-6
6,20,UA,343,LGA,DEN,-8
6,20,UA,350,EWR,IAH,6
6,21,B6,135,JFK,PHX,9
6,21,DL,245,JFK,PHX,-3
6,21,DL,2019,LGA,MSP,-6
6,21,EV,4495,EWR,SAV,-14
6,21,MQ,3660,LGA,BNA,-13
6,21,UA,331,LGA,ORD,-6
6,21,US,2171,LGA,DCA,16
6,22,B6,477,JFK,JAX,48
6,22,B6,1201,JFK,FLL,0
6,22,MQ,3359,JFK,RDU,-6
6,22,UA,1138,EWR,PHX,8
6,22,UA,1456,LGA,IAH,-3
6,22,VX,169,EWR,LAX,1
6,23,DL,1275,JFK,SLC,-3
6,23,UA,1627,EWR,PBI,0
6,24,B6,118,JFK,BOS,25
6,24,EV,4672,EWR,STL,
6,24,MQ,3670,LGA,BNA,-11
6,24,UA,1742,EWR,SFO,22
6,24,US,1899,LGA,CLT,176
6,24,WN,1983,EWR,AUS,9
6,25,B6,23,JFK,LAX,-1
6,25,B6,213,JFK,LGB,-1
6,25,EV,4502,EWR,BNA,38
6,25,EV,4596,EWR,STL,11
6,25,EV,5091,LGA,PIT,16
6,26,AA,1879,LGA,MIA,
6,26,EV,5172,EWR,DTW,-4
6,26,UA,440,EWR,SAN,10
6,26,UA,1216,EWR,SJU,127
6,27,9E,3521,JFK,ORD,37
6,27,9E,4191,JFK,PHL,
6,27,AA,2279,LGA,MIA,-2
6,27,B6,83,JFK,MCO,-1
6,27,EV,4091,EWR,IND,0
6,27,EV,4963,EWR,MSP,-8
6,27,MQ,3317,LGA,RDU,
6,27,MQ,3676,LGA,CLT,-5
6,27,UA,743,EWR,BOS,106
6,27,UA,1682,EWR,FLL,73
6,28,9E,4295,JFK,ORF,
6,28,AA,791,LGA,DFW,168
6,28,WN,542,LGA,MKE,96
6,29,DL,301,JFK,SJU,5
6,29,EV,4187,EWR,BNA,2
6,29,UA,251,EWR,MCO,7
6,29,WN,3327,LGA,DEN,3
6,30,B6,5,EWR,FLL,5
6,30,FL,778,LGA,ATL,167
6,30,UA,236,EWR,PHX,-3
6,30,UA,695,LGA,ORD,148
7,1,B6,586,JFK,ROC,36
7,1,B6,686,JFK,ROC,
7,1,US,2138,LGA,BOS,38
7,2,AA,1879,LGA,MIA,86
7,2,B6,213,JFK,LGB,8
7,2,B6,611,JFK,LAS,41
7,2,DL,120,JFK,LAX,-2
7,2,EV,4678,EWR,MSP,
7,3,B6,415,JFK,SFO,53
7,3,B6,971,LGA,FLL,10
7,3,DL,706,JFK,AUS,12
7,3,EV,5804,EWR,OMA,84
7,3,UA,236,EWR,BOS,14
7,3,US,2173,LGA,DCA,12
7,4,AA,329,LGA,ORD,8
7,4,B6,453,JFK,PBI,48
7,4,DL,485,EWR,ATL,-6
7,4,UA,1092,LGA,ORD,-1
7,4,WN,226,EWR,DEN,1
7,5,AA,3,JFK,LAX,28
7,5,AA,715,LGA,DFW,-8
7,5,AA,1223,EWR,DFW,-9
7,5,B6,601,JFK,FLL,-3
7,5,B6,718,JFK,BOS,-7
7,5,DL,1006,JFK,BOS,-5
7,5,EV,4302,EWR,MCI,-2
7,5,EV,5713,LGA,IAD,-7
7,6,B6,415,JFK,SFO,50
7,6,B6,1202,JFK,BUF,-10
7,6,DL,451,LGA,ATL,2
7,6,DL,1903,LGA,SRQ,-9
7,6,MQ,3199,LGA,CLT,98
7,6,UA,212,EWR,SFO,
7,7,EV,4152,EWR,ATL,278
7,7,MQ,3361,JFK,RDU,-13
7,7,WN,1795,LGA,MDW,10
7,8,9E,3440,JFK,RDU,0
7,8,AA,305,LGA,ORD,-8
7,8,AA,731,LGA,DFW,0
7,8,B6,1289,EWR,SJU,-3
7,8,EV,3845,EWR,ROC,40
7,8,UA,1078,EWR,SAT,1
7,8,UA,1120,EWR,SFO,12
7,9,DL,245,JFK,PHX,2
7,9,DL,1435,LGA,TPA,21
7,9,DL,2391,JFK,TPA,-5
7,9,MQ,3281,LGA,CMH,-11
7,9,UA,1627,EWR,PBI,-4
7,9,US,1629,LGA,PHL,-3
7,10,EV,4872,LGA,RIC,-9
7,10,US,2163,LGA,DCA,-1
7,11,DL,831,LGA,DTW,-5
7,11,EV,4596,EWR,STL,112
7,11,MQ,3416,LGA,RDU,54
7,11,UA,1625,EWR,DEN,120
7,11,US,1473,LGA,CLT,50
7,12,9E,3793,JFK,CLT,-2
7,12,9E,3879,EWR,CVG,153
7,12,AA,2279,LGA,MIA,54
7,12,B6,403,JFK,SJU,-7
7,12,DL,847,LGA,ATL,79
7,12,DL,863,JFK,LAX,-2
7,12,DL,1543,JFK,SEA,3
7,12,FL,485,LGA,CAK,95
7,12,FL,778,LGA,ATL,20
7,12,UA,389,JFK,SFO,123
7,13,B6,211,JFK,LAS,0
7,13,B6,581,JFK,HOU,-1
7,13,DL,1429,JFK,LAS,-4
7,13,MQ,3301,LGA,RDU,-5
7,14,AA,221,JFK,MIA,-4
7,14,AA,1850,JFK,BOS,-6
7,14,B6,702,JFK,BUF,1
7,14,DL,867,JFK,BOS,-3
7,14,DL,1629,JFK,LAS,2
7,14,DL,1653,EWR,ATL,8
7,14,US,449,EWR,CLT,-3
7,15,B6,686,JFK,ROC,-4
7,15,DL,1743,JFK,ATL,-1
7,15,EV,4471,EWR,CLT,0
7,15,EV,4548,EWR,RDU,-6
7,15,US,2142,LGA,BOS,-6
7,16,B6,325,JFK,TPA,63
7,16,DL,1375,JFK,SLC,-7
7,16,EV,5091,LGA,PIT,7
7,16,EV,5509,EWR,DTW,79
7,16,UA,1740,EWR,IAH,-2
7,16,US,1733,LGA,CLT,-5
7,17,9E,3285,JFK,MSY,38
7,17,B6,518,JFK,BOS,-1
7,17,B6,1295,JFK,AUS,2
7,17,DL,1959,JFK,MCO,-6
7,17,EV,4302,EWR,MCI,-4
7,17,EV,4576,EWR,GRR,-2
7,17,MQ,3531,LGA,RDU,-9
7,17,UA,1281,EWR,SFO,-4
7,17,US,196,JFK,PHX,3
7,18,9E,3611,JFK,PIT,10
7,18,AA,1838,JFK,BOS,7
7,18,B6,499,LGA,MCO,26
7,18,B6,1099,LGA,MCO,58
7,18,DL,401,EWR,ATL,0
7,18,DL,451,LGA,ATL,28
7,18,DL,2457,LGA,MSY,-1
7,18,EV,4361,EWR,TYS,16
7,18,EV,5714,JFK,IAD,20
7,18,UA,525,EWR,DEN,7
7,18,US,931,JFK,CLT,-8
7,19,9E,4079,JFK,BWI,183
7,19,AA,739,LGA,DFW,-7
7,19,B6,163,JFK,SRQ,-5
7,19,B6,323,JFK,LAX,-5
7,19,B6,702,JFK,BUF,14
7,19,DL,1875,LGA,TPA,0
7,19,MQ,3384,LGA,CLT,24
7,19,UA,1244,EWR,SJU,2
7,19,US,2189,LGA,DCA,-8
7,19,VX,29,JFK,SFO,-6
7,19,WN,216,EWR,MDW,1
7,20,9E,3973,JFK,RIC,-1
7,20,AA,33,JFK,LAX,-4
7,20,B6,839,JFK,BQN,35
7,20,B6,1083,JFK,MCO,0
7,20,DL,1231,LGA,DTW,-4
7,20,EV,5811,EWR,BUF,29
7,20,UA,525,EWR,DEN,35
7,20,UA,1638,EWR,CLE,3
7,21,AA,2099,LGA,MIA,-2
7,21,B6,795,JFK,AUS,6
7,21,DL,1247,LGA,ATL,88
7,21,UA,222,EWR,LAX,-6
7,21,UA,1186,EWR,DEN,6
7,21,US,196,JFK,PHX,-8
7,21,US,2177,LGA,DCA,-6
7,21,WN,2431,LGA,MDW,2
7,22,DL,1529,JFK,LAS,8
7,22,MQ,3044,JFK,BWI,179
7,22,US,1014,EWR,CLT,-7
7,22,US,2134,LGA,BOS,
7,23,AA,305,LGA,ORD,
7,23,B6,161,JFK,SMF,124
7,23,B6,305,EWR,FLL,151
7,23,B6,803,JFK,SJU,-2
7,23,YV,2751,LGA,CLT,153
7,24,AA,753,LGA,DFW,18
7,24,AA,785,LGA,DFW,-2
7,24,B6,425,JFK,TPA,84
7,24,DL,4,JFK,SJU,74
7,24,DL,87,JFK,SLC,48
7,24,DL,847,LGA,ATL,13
7,24,DL,2190,JFK,MIA,-3
7,24,EV,4434,EWR,CLT,-3
7,24,MQ,3486,LGA,BNA,-6
7,24,UA,439,EWR,BOS,-6
7,24,UA,1116,EWR,LAX,46
7,25,9E,4059,LGA,DAY,46
7,25,B6,703,JFK,SJU,20
7,25,B6,1191,JFK,ACK,-7
7,25,DL,2019,LGA,MSP,6
7,25,DL,2231,LGA,DTW,-3
7,25,EV,5048,LGA,RIC,31
7,26,AA,785,LGA,DFW,49
7,26,AA,1999,EWR,MIA,-3
7,26,DL,1919,LGA,MSP,-7
7,26,EV,4471,EWR,CLT,
7,26,EV,5199,LGA,CHS,103
7,27,AA,337,LGA,ORD,-3
7,27,DL,27,JFK,ATL,1
7,27,VX,165,EWR,LAX,-5
7,28,DL,245,JFK,PHX,27
7,28,DL,1743,JFK,ATL,14
7,28,EV,4204,EWR,OKC,280
7,28,EV,5677,EWR,IND,-6
7,28,EV,5814,EWR,CMH,-1
7,28,MQ,3573,LGA,CMH,
7,28,UA,1464,EWR,CLE,93
7,29,B6,885,JFK,RDU,-1
7,29,DL,1231,LGA,DTW,-2
7,29,DL,1415,JFK,SLC,-1
7,29,UA,1148,EWR,TPA,-7
7,29,UA,1711,EWR,IAH,1
7,29,US,1222,LGA,CLT,-4
7,30,AA,745,LGA,DFW,5
7,30,DL,2190,JFK,MIA,-6
7,30,FL,353,LGA,CAK,10
7,30,UA,643,EWR,ORD,-1
7,30,UA,1555,EWR,SAN,-2
7,30,US,1125,JFK,CLT,-4
7,30,WN,2625,LGA,MDW,0
7,31,EV,3841,EWR,CVG,2
7,31,MQ,3216,JFK,ORF,-7
7,31,MQ,3567,LGA,CLT,-5
7,31,MQ,3709,EWR,ORD,-3
7,31,UA,703,JFK,LAX,-1
7,31,UA,1151,EWR,SEA,-3
7,31,UA,1686,EWR,BOS,21
8,1,AA,325,LGA,ORD,-10
8,1,B6,323,JFK,LAX,137
8,1,EV,3823,EWR,SDF,38
8,1,EV,4377,EWR,JAX,
8,1,UA,1161,EWR,SAN,36
8,2,DL,87,JFK,SLC,18
8,2,EV,4334,EWR,CMH,-2
8,2,UA,697,EWR,IAH,33
8,2,WN,3297,LGA,BNA,21
8,3,MQ,3216,JFK,ORF,-4
8,3,UA,443,JFK,LAX,-15
8,3,UA,1627,EWR,PBI,-4
8,4,9E,3470,JFK,CVG,62
8,4,B6,1491,JFK,ACK,-3
8,4,MQ,3305,LGA,RDU,7
8,4,UA,561,LGA,DEN,-3
8,4,WN,1836,LGA,DEN,209
8,5,9E,3448,JFK,CVG,32
8,5,EV,4171,EWR,MSN,13
8,5,F9,837,LGA,DEN,3
8,6,9E,3525,JFK,ORD,-4
8,6,B6,359,JFK,BUR,13
8,6,MQ,3075,JFK,CVG,2
8,6,WN,493,LGA,STL,-10
8,7,9E,3507,JFK,MSY,-1
8,7,B6,1307,JFK,IAD,3
8,7,DL,1275,JFK,SLC,-6
8,8,9E,3608,JFK,PHL,0
8,8,DL,485,EWR,ATL,-3
8,8,DL,1435,LGA,TPA,155
8,8,DL,2379,LGA,FLL,0
8,8,UA,1684,EWR,MIA,97
8,8,US,686,EWR,PHX,45
8,9,B6,527,EWR,MCO,145
8,9,B6,2502,JFK,BUF,8
8,9,DL,2047,LGA,ATL,-2
8,9,EV,4352,EWR,CVG,
8,9,EV,5038,LGA,BHM,95
8,9,UA,389,JFK,SFO,103
8,9,WN,463,EWR,BNA,2
8,10,AA,773,LGA,DFW,-15
8,10,AA,1769,JFK,MIA,12
8,10,AA,1813,JFK,MCO,21
8,10,B6,1491,JFK,ACK,-5
8,10,B6,1816,JFK,SYR,24
8,10,DL,2331,LGA,DTW,-6
8,10,EV,4700,EWR,CLT,-6
8,10,MQ,3267,EWR,ORD,-1
8,10,UA,402,EWR,FLL,-1
8,10,UA,1169,EWR,IAH,6
8,11,DL,141,JFK,SFO,-2
8,11,MQ,3416,LGA,RDU,4
8,11,UA,1122,EWR,PBI,1
8,12,AA,19,JFK,LAX,-2
8,12,B6,1407,JFK,IAD,-4
8,12,DL,874,LGA,MIA,23
8,12,EV,4702,EWR,GSO,87
8,12,EV,5068,EWR,DTW,-1
8,12,MQ,3556,LGA,DTW,10
8,12,US,2077,LGA,CLT,11
8,13,9E,3440,JFK,RDU,41
8,13,B6,483,JFK,MCO,-2
8,13,B6,573,EWR,TPA,53
8,13,DL,141,JFK,SFO,-2
8,13,DL,1006,JFK,BOS,20
8,13,EV,4952,LGA,CLT,-1
8,13,UA,1571,EWR,MIA,67
8,13,WN,42,LGA,HOU,100
8,14,9E,3698,EWR,CVG,-8
8,14,B6,271,LGA,FLL,4
8,14,EV,4099,EWR,STL,37
8,14,UA,1598,EWR,SAN,3
8,14,US,1909,LGA,PHL,-6
8,14,WN,4461,EWR,MDW,79
8,15,DL,1643,JFK,SEA,8
8,15,EV,4411,EWR,MEM,31
8,15,MQ,3384,LGA,CLT,-5
8,15,UA,1555,EWR,SAN,23
8,15,WN,4453,LGA,MKE,23
8,16,DL,479,EWR,SLC,1
8,16,DL,947,LGA,ATL,12
8,16,EV,4581,EWR,CMH,6
8,16,MQ,3689,LGA,DTW,-3
8,16,US,1979,EWR,CLT,-4
8,17,EV,4581,EWR,CMH,6
8,17,MQ,3134,EWR,ORD,-8
8,17,UA,611,EWR,IAH,-2
8,17,VX,411,JFK,LAX,0
8,18,B6,1201,JFK,FLL,-1
8,18,EV,4543,EWR,DSM,27
8,19,AA,317,LGA,ORD,-7
8,19,DL,2119,LGA,MSP,-2
8,20,AA,345,LGA,ORD,1
8,20,DL,847,LGA,ATL,-1
8,20,DL,914,LGA,DEN,-5
8,20,DL,961,JFK,DEN,-4
8,20,EV,4393,EWR,IND,-2
8,20,EV,4640,EWR,DAY,-5
8,20,UA,1637,EWR,TPA,3
8,20,VX,165,EWR,LAX,-2
8,20,VX,193,EWR,SFO,-4
8,21,AA,1467,LGA,MIA,3
8,21,AA,1838,JFK,BOS,-9
8,21,B6,1307,JFK,IAD,-9
8,21,DL,575,EWR,ATL,-3
8,21,DL,2347,LGA,ATL,-1
8,21,MQ,3267,EWR,ORD,-10
8,21,UA,1735,EWR,LAX,1
8,21,WN,465,LGA,MKE,5
8,22,DL,1885,LGA,MCO,19
8,22,EV,4361,EWR,TYS,111
8,22,EV,4679,EWR,JAX,0
8,22,UA,254,LGA,IAH,0
8,22,UA,1532,EWR,SFO,50
8,22,US,2177,LGA,DCA,108
8,22,US,2179,LGA,DCA,73
8,23,AA,1895,EWR,MIA,1
8,23,B6,581,JFK,HOU,0
8,23,DL,1935,LGA,TPA,-3
8,23,US,802,EWR,CLT,-8
8,24,9E,3492,JFK,DCA,-2
8,24,DL,1006,JFK,BOS,-5
8,24,FL,347,LGA,ATL,19
8,24,UA,112,EWR,IAH,7
8,24,UA,1627,EWR,PBI,2
8,24,US,2173,LGA,DCA,-4
8,25,UA,258,EWR,ORD,0
8,26,B6,53,JFK,PBI,24
8,26,B6,1171,LGA,FLL,189
8,26,DL,181,LGA,DTW,-2
8,26,DL,1685,LGA,MCO,-5
8,26,DL,2057,LGA,ATL,-6
8,27,9E,3399,JFK,DTW,16
8,27,AA,647,JFK,MIA,-6
8,27,EV,3849,EWR,CVG,-5
8,27,UA,443,JFK,LAX,161
8,27,UA,671,EWR,SEA,-2
8,28,9E,3327,EWR,DTW,-3
8,28,B6,1013,JFK,LGB,52
8,28,B6,2180,EWR,BOS,-12
8,28,EV,4152,EWR,ATL,86
8,28,EV,5091,LGA,PIT,123
8,28,MQ,3565,LGA,CLT,-9
8,28,UA,443,JFK,LAX,-4
8,29,9E,4060,LGA,DAY,-4
8,29,B6,505,EWR,FLL,-1
8,29,B6,1371,LGA,FLL,98
8,29,B6,1801,JFK,FLL,-3
8,29,EV,4140,EWR,ATL,38
8,29,EV,4535,EWR,MSP,-6
8,29,UA,523,EWR,BOS,18
8,29,WN,1708,LGA,MDW,3
8,30,B6,189,JFK,SAN,-7
8,30,B6,327,EWR,MCO,-13
8,30,B6,423,JFK,LAX,-1
8,30,EV,3850,EWR,DAY,4
8,31,B6,308,JFK,PWM,-3
8,31,DL,1174,LGA,PBI,4
8,31,UA,1439,EWR,LAX,110
9,1,AA,133,JFK,LAX,-5
9,1,VX,165,EWR,LAX,-6
9,2,9E,3318,JFK,BUF,
9,2,B6,525,JFK,TPA,-3
9,2,B6,543,EWR,PBI,-8
9,2,EV,4411,EWR,MEM,
9,2,MQ,2949,JFK,BNA,101
9,2,UA,1078,EWR,SAT,263
9,3,AA,1143,LGA,DFW,0
9,3,B6,308,JFK,PWM,-6
9,3,DL,498,JFK,SAT,-1
9,3,EV,4099,EWR,STL,0
9,3,EV,4140,EWR,ATL,1
9,3,MQ,3526,LGA,CMH,-8
9,3,UA,559,LGA,IAH,72
9,4,AA,317,LGA,ORD,-9
9,4,AA,2267,LGA,MIA,-4
9,4,B6,1117,LGA,TPA,55
9,4,EV,3848,EWR,CLT,-5
9,5,9E,3475,EWR,DTW,-9
9,5,DL,2047,LGA,ATL,-8
9,5,EV,4533,EWR,BUF,5
9,5,EV,4537,EWR,MEM,-5
9,5,EV,4667,EWR,MSP,2
9,5,UA,350,EWR,TPA,46
9,5,WN,465,LGA,MKE,7
9,6,EV,5048,LGA,RIC,-8
9,6,MQ,3572,LGA,CLE,-8
9,6,UA,1591,EWR,IAH,-5
9,6,UA,1695,EWR,IAH,-5
9,7,B6,431,LGA,SRQ,-17
9,7,B6,1191,JFK,ACK,-10
9,7,EV,4202,EWR,STL,-6
9,8,B6,1117,LGA,TPA,-16
9,8,MQ,3386,JFK,DCA,7
9,8,US,687,EWR,CLT,7
9,9,9E,3540,JFK,MSP,-6
9,9,AA,256,JFK,BOS,0
9,9,EV,4533,EWR,BUF,-4
9,9,UA,525,LGA,IAH,2
9,10,AA,84,JFK,BOS,-3
9,10,AA,1263,JFK,LAS,-2
9,10,B6,918,JFK,BOS,-4
9,10,DL,1729,JFK,LAS,24
9,10,DL,1902,LGA,PBI,-9
9,10,EV,4543,EWR,DSM,44
9,10,EV,5293,LGA,ORF,10
9,10,MQ,3493,LGA,CLE,-4
9,11,DL,2445,JFK,BOS,-4
9,11,EV,4560,EWR,DCA,65
9,11,EV,5797,EWR,RIC,-3
9,11,MQ,3461,LGA,BNA,-7
9,11,UA,375,EWR,SEA,-6
9,11,UA,415,EWR,ORD,-4
9,12,AA,2285,JFK,MCO,27
9,12,B6,15,JFK,SFO,-7
9,12,B6,418,JFK,BOS,222
9,12,UA,497,EWR,PBI,-7
9,13,AA,337,LGA,ORD,1
9,13,AA,1499,JFK,MIA,1
9,13,B6,477,JFK,JAX,5
9,13,DL,954,LGA,FLL,3
9,13,DL,2331,LGA,DTW,-4
9,13,EV,4246,EWR,DTW,-4
9,14,AA,1205,EWR,MIA,-7
9,14,EV,3846,EWR,AVL,24
9,14,UA,1526,EWR,LAX,8
9,15,AA,363,LGA,ORD,29
9,15,DL,673,EWR,ATL,-9
9,15,EV,4293,EWR,CHS,-7
9,15,EV,4537,EWR,MEM,-4
9,15,EV,5503,LGA,PIT,-6
9,16,AA,317,LGA,ORD,0
9,16,DL,1616,JFK,SEA,-1
9,16,DL,1959,JFK,MCO,-7
9,16,EV,4638,EWR,CVG,31
9,17,9E,3395,JFK,DCA,1
9,17,B6,327,EWR,MCO,-3
9,17,B6,431,LGA,SRQ,-8
9,17,DL,1935,LGA,TPA,-1
9,17,DL,2280,JFK,FLL,-3
9,17,MQ,3070,JFK,TPA,-2
9,17,WN,465,LGA,MKE,1
9,18,AA,1151,LGA,DFW,-8
9,18,B6,153,JFK,PBI,9
9,18,DL,1576,JFK,SAN,11
9,18,DL,2347,LGA,ATL,-5
9,18,UA,569,EWR,FLL,4
9,18,UA,1158,EWR,MIA,-1
9,19,AA,371,LGA,ORD,
9,19,B6,201,JFK,FLL,-2
9,19,DL,2047,LGA,ATL,-2
9,19,UA,375,EWR,SEA,5
9,19,UA,1592,EWR,MCO,0
9,19,UA,1714,LGA,IAH,74
9,19,WN,1787,EWR,DEN,96
9,20,DL,801,JFK,PHX,1
9,20,EV,5287,LGA,MSN,-7
9,20,FL,347,LGA,ATL,1
9,21,B6,325,JFK,TPA,58
9,21,B6,411,JFK,LAS,39
9,21,EV,4502,EWR,BNA,22
9,22,9E,3542,JFK,MSP,-6
9,22,AA,177,JFK,SFO,8
9,22,AA,371,LGA,ORD,-1
9,22,B6,929,JFK,RSW,-5
9,22,DL,2047,LGA,ATL,-4
9,22,UA,491,EWR,TPA,-4
9,22,UA,509,LGA,DEN,9
9,23,AA,345,LGA,ORD,-1
9,23,B6,219,JFK,CLT,-6
9,23,B6,1185,JFK,RDU,-2
9,23,DL,2231,LGA,DTW,-6
9,23,EV,4537,EWR,MEM,1
9,23,UA,501,LGA,IAH,-3
9,24,AA,1155,LGA,DFW,-8
9,24,AA,2223,LGA,STL,-6
9,24,DL,2181,LGA,MCO,-6
9,24,EV,4424,EWR,RDU,-2
9,24,MQ,3384,LGA,CLT,-10
9,24,UA,1195,LGA,DEN,-1
9,24,US,625,JFK,PHX,0
9,25,DL,221,LGA,ATL,8
9,25,DL,1902,LGA,PBI,8
9,25,EV,4252,EWR,MKE,-5
9,25,EV,4502,EWR,BNA,3
9,25,UA,1712,EWR,IAH,20
9,25,US,625,JFK,PHX,3
9,25,WN,329,EWR,STL,-5
9,26,B6,702,JFK,BUF,-6
9,26,EV,4667,EWR,MSP,16
9,26,EV,5274,LGA,BNA,-1
9,26,EV,5956,LGA,CLE,-7
9,26,UA,745,LGA,DEN,422
9,26,UA,1479,EWR,LAX,-2
9,26,US,802,EWR,CLT,-8
9,27,AA,133,JFK,LAX,2
9,27,DL,2285,LGA,MCO,-8
9,27,FL,350,LGA,ATL,46
9,27,MQ,3573,LGA,CMH,7
9,27,UA,1635,EWR,PHX,13
9,28,AA,179,JFK,SFO,13
9,28,EV,4133,EWR,PVD,-7
9,28,MQ,3407,LGA,CMH,-4
9,28,UA,577,EWR,MIA,0
9,28,UA,1421,LGA,IAH,12
9,29,DL,841,JFK,SFO,-6
9,29,DL,945,EWR,DTW,-6
9,29,EV,3813,EWR,GSO,-4
9,29,UA,561,LGA,DEN,-1
9,30,9E,3712,JFK,BWI,-4
9,30,B6,905,JFK,ORD,-5
9,30,EV,4181,EWR,MCI,-3
9,30,MQ,3044,JFK,BWI,-5
9,30,VX,415,JFK,LAX,9
10,1,AA,307,LGA,ORD,-11
10,1,B6,2580,EWR,BOS,-6
10,1,DL,161,JFK,SEA,-1
10,1,EV,3843,EWR,CMH,10
10,1,MQ,3759,EWR,ORD,-5
10,1,UA,389,JFK,SFO,-3
10,1,UA,1280,LGA,IAH,3
10,1,YV,3771,LGA,IAD,-7
10,2,DL,1647,LGA,ATL,-2
10,2,MQ,3713,LGA,XNA,-11
10,2,UA,1127,EWR,SFO,14
10,2,US,2187,LGA,DCA,-2
10,3,DL,141,JFK,SFO,-3
10,3,DL,1729,JFK,LAS,3
10,3,UA,1519,EWR,MCO,-7
10,3,UA,1712,EWR,IAH,-3
10,4,9E,3540,JFK,MSP,25
10,4,DL,424,JFK,LAX,1
10,4,DL,1982,LGA,MIA,15
10,4,MQ,3386,JFK,DCA,-2
10,5,9E,3540,JFK,MSP,-9
10,5,DL,2454,JFK,DEN,3
10,5,WN,494,LGA,HOU,7
10,6,9E,3868,JFK,RDU,0
10,6,AA,33,JFK,LAX,-2
10,6,HA,51,JFK,HNL,-2
10,6,UA,1158,EWR,MIA,-4
10,7,DL,181,LGA,DTW,-1
10,7,UA,226,EWR,SAN,-2
10,7,UA,1128,LGA,IAH,113
10,7,UA,1680,EWR,MIA,-4
10,8,B6,97,JFK,DEN,-5
10,8,B6,518,JFK,BOS,96
10,8,DL,781,LGA,ATL,-9
10,8,DL,1819,LGA,MSP,3
10,8,FL,345,LGA,ATL,1
10,8,MQ,3603,LGA,DTW,-8
10,8,MQ,3662,LGA,ATL,-8
10,8,UA,1401,EWR,MIA,-6
10,8,UA,1638,EWR,CLE,-8
10,8,US,1802,JFK,CLT,2
10,8,US,2171,LGA,DCA,-4
10,9,AA,59,JFK,SFO,0
10,9,DL,2451,JFK,BOS,-6
10,9,UA,1163,EWR,BOS,3
10,10,AA,325,LGA,ORD,10
10,10,AA,1111,LGA,DFW,-5
10,10,AA,1205,EWR,MIA,-8
10,10,B6,299,LGA,MCO,79
10,10,B6,1338,JFK,MVY,-4
10,10,EV,3833,EWR,CLT,108
10,10,EV,4662,EWR,RDU,88
10,10,EV,5395,LGA,CMH,
10,10,MQ,3759,EWR,ORD,-6
10,10,UA,269,LGA,ORD,38
10,10,UA,1048,LGA,ORD,66
10,10,UA,1638,EWR,CLE,-1
10,11,9E,3841,JFK,PHL,-9
10,11,EV,5199,LGA,CHS,71
10,11,MQ,3531,LGA,RDU,-8
10,11,UA,406,EWR,DEN,-3
10,12,B6,677,JFK,JAX,-2
10,12,B6,683,JFK,MCO,-6
10,12,EV,5904,EWR,BTV,-11
10,12,UA,587,EWR,LAS,24
10,13,AA,345,LGA,ORD,-5
10,13,AA,1156,LGA,DFW,-4
10,13,AA,1410,LGA,MIA,4
10,13,EV,4201,EWR,DAY,8
10,13,EV,4370,EWR,CHS,21
10,13,FL,623,LGA,ATL,-1
10,13,MQ,3748,EWR,ORD,-6
10,14,B6,323,JFK,LAX,-2
10,14,B6,553,JFK,PBI,-6
10,14,EV,4424,EWR,RDU,-7
10,14,MQ,3075,JFK,CVG,13
10,14,UA,398,JFK,LAX,-6
10,15,AA,303,LGA,ORD,-7
10,15,EV,4171,EWR,MSN,-4
10,15,MQ,3404,LGA,RDU,-12
10,15,US,2134,LGA,BOS,-8
10,16,B6,163,JFK,SRQ,-5
10,16,B6,1289,EWR,SJU,-7
10,16,DL,781,LGA,ATL,-7
10,16,MQ,3599,LGA,MSP,-5
10,16,VX,161,EWR,LAX,-4
10,17,9E,3932,EWR,CVG,-12
10,17,B6,1816,JFK,SYR,-5
10,17,EV,4372,EWR,DCA,5
10,17,US,456,JFK,PHX,5
10,18,AA,371,LGA,ORD,-12
10,18,B6,925,JFK,TPA,18
10,18,B6,1307,JFK,IAD,0
10,18,EV,4155,EWR,GRR,48
10,18,EV,4361,EWR,TYS,41
10,18,EV,4424,EWR,RDU,-3
10,19,DL,2219,LGA,MSP,0
10,19,EV,4326,EWR,BWI,-4
10,19,EV,5309,LGA,BGR,-5
10,19,MQ,3611,EWR,ORD,-8
10,19,US,2079,EWR,CLT,-8
10,20,AA,235,JFK,SEA,-5
10,20,EV,4113,EWR,RIC,-5
10,21,9E,3318,JFK,BUF,25
10,21,9E,3320,JFK,BUF,138
10,21,9E,3489,LGA,RSW,35
10,21,DL,954,LGA,FLL,-6
10,21,EV,4682,EWR,SDF,-9
10,21,UA,1165,EWR,LAX,32
10,22,B6,929,JFK,RSW,-6
10,22,B6,1117,LGA,TPA,-11
10,22,EV,4155,EWR,GRR,-9
10,22,EV,4567,EWR,MCI,-1
10,22,YV,2693,LGA,CLT,387
10,23,AA,179,JFK,SFO,-6
10,23,AA,1697,JFK,MIA,-5
10,23,DL,1947,LGA,ATL,-6
10,23,UA,307,EWR,LAX,-3
10,23,UA,1144,EWR,MCO,-3
10,23,UA,1464,EWR,CLE,-1
10,23,VX,187,EWR,SFO,-4
10,23,WN,490,LGA,MKE,9
10,23,WN,3814,LGA,MKE,-4
10,24,AA,1145,LGA,DFW,-3
10,24,DL,2181,LGA,MCO,-4
10,24,MQ,3493,LGA,CLE,-8
10,24,UA,1212,EWR,SFO,-5
10,25,9E,3310,JFK,MCI,-1
10,25,DL,1547,LGA,ATL,-7
10,25,DL,2471,EWR,SLC,-1
10,25,EV,4687,EWR,CVG,7
10,25,MQ,3281,LGA,CMH,-3
10,25,UA,456,EWR,FLL,-3
10,26,B6,327,EWR,MCO,4
10,26,WN,1065,LGA,STL,-1
10,27,9E,3492,JFK,DCA,-8
10,27,EV,4099,EWR,STL,12
10,27,WN,1265,EWR,STL,-1
10,28,AA,1223,EWR,DFW,0
10,28,EV,4171,EWR,MSN,-3
10,28,EV,5298,LGA,OMA,184
10,28,MQ,3662,LGA,ATL,-7
10,28,UA,1078,EWR,SAT,-4
10,29,DL,1547,LGA,ATL,-7
10,29,MQ,3674,LGA,CLE,-6
10,29,UA,1641,EWR,MCO,-4
10,30,9E,3470,JFK,CVG,-5
10,30,B6,2602,JFK,BUF,-5
10,30,DL,181,LGA,DTW,-8
10,30,UA,395,EWR,FLL,-1
10,30,UA,821,JFK,SFO,-3
10,31,AA,1156,LGA,DFW,5
10,31,B6,283,JFK,MCO,31
10,31,B6,711,JFK,LAS,7
10,31,EV,3829,EWR,STL,19
10,31,EV,5274,LGA,BNA,129
10,31,US,802,EWR,CLT,0
10,31,VX,399,JFK,LAX,-10
11,1,AA,1121,LGA,DFW,-5
11,1,B6,1373,JFK,CHS,18
11,1,DL,1373,JFK,MIA,1
11,2,AA,936,JFK,STT,-8
11,2,B6,323,JFK,LAX,-1
11,2,B6,403,JFK,SJU,54
11,2,B6,1373,JFK,CHS,-7
11,2,DL,1358,EWR,ATL,60
11,3,B6,431,LGA,SRQ,-4
11,3,B6,1734,JFK,BTV,99
11,3,DL,1747,LGA,ATL,-3
11,3,EV,4361,EWR,TYS,0
11,3,UA,1144,EWR,MCO,1
11,3,US,1802,JFK,CLT,-4
11,3,WN,1250,LGA,DEN,-3
11,4,AA,313,LGA,ORD,-2
11,4,AA,2493,JFK,MCO,-8
11,4,B6,3,JFK,SJU,-2
11,5,B6,505,EWR,FLL,-2
11,5,B6,803,JFK,SJU,0
11,5,DL,426,JFK,LAX,-6
11,5,EV,5714,JFK,IAD,-10
11,5,MQ,3622,LGA,BNA,-9
11,5,UA,219,EWR,ORD,-6
11,5,UA,418,EWR,SFO,-6
11,5,UA,482,EWR,FLL,-4
11,5,VX,415,JFK,LAX,1
11,6,AA,2279,LGA,MIA,40
11,6,AA,2488,EWR,DFW,-4
11,6,DL,472,JFK,LAX,-4
11,6,WN,1428,EWR,HOU,-5
11,7,9E,2928,JFK,ORD,60
11,7,9E,3385,EWR,MSP,-8
11,7,DL,1,JFK,SJU,1
11,7,DL,1847,LGA,ATL,-1
11,7,MQ,3355,LGA,BNA,-8
11,8,AA,1170,LGA,STL,-7
11,8,B6,477,JFK,JAX,-6
11,8,B6,1717,LGA,TPA,-5
11,8,DL,884,LGA,DEN,-7
11,8,MQ,3588,LGA,MSP,-1
11,8,US,893,JFK,CLT,0
11,9,9E,2939,JFK,PIT,13
11,9,B6,1025,JFK,TPA,-4
11,9,DL,2159,JFK,MCO,-1
11,9,EV,4702,EWR,GSO,-2
11,9,UA,497,EWR,PBI,-2
11,10,9E,2902,JFK,BOS,-5
11,10,9E,2903,JFK,CLT,0
11,10,AA,1345,JFK,MIA,-4
11,10,DL,857,JFK,SAN,-6
11,10,UA,624,EWR,DFW,1
11,11,9E,3769,EWR,CVG,-9
11,11,AA,1170,LGA,STL,-2
11,11,B6,486,JFK,ROC,17
11,11,DL,355,EWR,ATL,-11
11,11,UA,398,JFK,LAX,-8
11,12,9E,2907,JFK,BUF,-6
11,12,MQ,3759,EWR,ORD,-6
11,12,UA,405,LGA,DEN,57
11,12,UA,1572,EWR,ORD,-1
11,12,US,2160,LGA,BOS,-7
11,12,WN,485,EWR,MDW,-1
11,13,AA,85,JFK,SFO,37
11,13,AA,178,JFK,BOS,-6
11,13,B6,527,EWR,MCO,14
11,13,UA,394,EWR,SFO,74
11,13,UA,397,JFK,SFO,-1
11,13,UA,584,EWR,PDX,-5
11,13,UA,1128,LGA,IAH,-3
11,14,DL,183,JFK,SEA,-1
11,14,DL,1854,LGA,FLL,17
11,14,DL,2331,LGA,DTW,-4
11,15,B6,669,JFK,SJC,-5
11,15,UA,15,EWR,HNL,-7
11,15,US,495,JFK,PHX,0
11,16,9E,2917,JFK,DTW,8
11,16,DL,1959,JFK,MCO,-5
11,17,9E,2908,JFK,BUF,241
11,17,B6,97,JFK,DEN,84
11,17,DL,2395,LGA,PBI,-6
11,17,EV,4552,EWR,GSO,1
11,17,UA,497,EWR,SFO,-3
11,18,9E,2908,JFK,BUF,4
11,18,B6,1816,JFK,SYR,20
11,18,DL,1819,LGA,MSP,-3
11,18,DL,1854,LGA,FLL,-3
11,18,EV,4419,EWR,XNA,38
11,18,EV,5091,LGA,PIT,5
11,18,EV,5309,LGA,BGR,8
11,18,EV,5858,EWR,DCA,-10
11,18,MQ,3588,LGA,MSP,-2
11,19,B6,1307,JFK,IAD,-7
11,19,B6,2602,JFK,BUF,-5
11,19,EV,4113,EWR,IND,-6
11,19,UA,866,EWR,LAS,55
11,19,US,1775,LGA,PHL,5
11,19,US,1843,LGA,CLT,-4
11,19,WN,421,EWR,MDW,-4
11,19,WN,3069,EWR,STL,2
11,20,AA,179,JFK,SFO,74
11,20,AA,363,LGA,ORD,28
11,20,DL,695,JFK,MCO,-7
11,20,DL,947,LGA,ATL,1
11,20,EV,4411,EWR,MEM,1
11,20,MQ,3416,LGA,RDU,18
11,20,MQ,3547,LGA,XNA,-8
11,20,UA,235,EWR,SAN,-6
11,21,B6,301,JFK,FLL,20
11,22,DL,1715,LGA,MSY,-4
11,22,MQ,3689,LGA,DTW,-2
11,22,UA,15,EWR,HNL,-9
11,22,UA,561,LGA,DEN,1
11,22,UA,1071,EWR,BQN,8
11,22,UA,1456,LGA,IAH,-2
11,23,AA,185,JFK,LAX,-7
11,23,B6,939,JFK,BQN,-6
11,23,DL,2065,JFK,FLL,-3
11,24,9E,2918,JFK,IND,-1
11,25,AA,1107,LGA,DFW,
11,25,B6,301,JFK,FLL,9
11,25,DL,2159,JFK,MCO,-5
11,25,EV,4111,EWR,CHS,-7
11,25,EV,5392,EWR,MSP,
11,25,UA,281,EWR,SFO,-3
11,25,UA,478,EWR,MCO,-4
11,25,US,707,LGA,CLT,0
11,26,B6,839,JFK,BQN,-2
11,26,B6,1117,LGA,TPA,-5
11,26,DL,413,JFK,MIA,-1
11,26,MQ,3675,LGA,BNA,-6
11,26,UA,265,EWR,MSY,15
11,26,UA,394,EWR,SFO,21
11,27,AA,256,JFK,BOS,-1
11,27,B6,3,JFK,SJU,-3
11,27,DL,2142,EWR,ATL,9
11,27,EV,4140,EWR,ATL,4
11,27,EV,4193,EWR,MSP,-6
11,27,UA,214,EWR,IAH,-5
11,27,UA,234,EWR,BOS,-4
11,27,US,2193,LGA,DCA,-9
11,28,AA,185,JFK,LAX,-6
11,28,B6,323,JFK,LAX,67
11,28,B6,929,JFK,RSW,-4
11,28,FL,400,LGA,ATL,-1
11,30,EV,4315,EWR,BTV,-7
11,30,EV,4662,EWR,RDU,-6
11,30,VX,11,JFK,SFO,-1
11,30,VX,23,JFK,SFO,-7
11,30,WN,1076,LGA,HOU,-1
12,1,B6,711,JFK,LAS,9
12,1,DL,985,JFK,BOS,26
12,1,EV,4155,EWR,GRR,-7
12,1,EV,4321,EWR,MCI,-6
12,1,EV,4381,EWR,DTW,-5
12,1,EV,5199,LGA,CHS,-5
12,1,UA,343,LGA,DEN,103
12,2,B6,461,LGA,PBI,4
12,2,B6,505,EWR,FLL,5
12,2,DL,347,JFK,SJU,-4
12,2,DL,427,JFK,LAX,11
12,2,MQ,2789,LGA,CLT,-8
12,2,UA,1178,EWR,IAH,2
12,2,UA,1269,EWR,PBI,47
12,2,WN,1746,EWR,BNA,22
12,2,WN,3993,LGA,MKE,20
12,3,9E,2907,JFK,BUF,-5
12,3,DL,1585,LGA,MCO,22
12,3,DL,1647,LGA,ATL,-4
12,3,DL,2537,JFK,SLC,-3
12,3,UA,288,EWR,FLL,14
12,3,UA,381,LGA,CLE,-9
12,4,AA,363,LGA,ORD,43
12,4,B6,116,JFK,SYR,-6
12,4,B6,2602,JFK,BUF,-7
12,4,EV,4382,EWR,DTW,-8
12,4,EV,4687,EWR,CVG,-10
12,4,UA,1242,EWR,FLL,6
12,5,B6,1677,JFK,JAX,7
12,5,MQ,3365,JFK,DCA,-2
12,5,UA,321,EWR,BOS,8
12,5,UA,371,EWR,BOS,-7
12,5,UA,1663,EWR,SFO,18
12,5,US,2069,JFK,CLT,0
12,5,WN,218,LGA,MKE,277
12,6,EV,3810,EWR,ATL,25
12,6,UA,443,JFK,LAX,-3
12,6,UA,1224,EWR,LAX,9
12,6,UA,1703,EWR,BOS,-4
12,6,US,2181,LGA,DCA,-6
12,6,US,2183,LGA,DCA,-7
12,6,WN,1360,LGA,MDW,11
12,7,UA,703,JFK,LAX,-1
12,7,WN,858,LGA,ATL,0
12,8,B6,167,JFK,OAK,-2
12,8,B6,199,LGA,MCO,-10
12,8,B6,1511,EWR,RSW,-4
12,8,DL,673,EWR,ATL,-2
12,8,DL,1518,EWR,DTW,34
12,8,EV,3819,EWR,CVG,28
12,8,MQ,3531,LGA,RDU,-11
12,8,UA,1651,EWR,SFO,21
12,8,US,2179,LGA,DCA,-3
12,9,AA,359,LGA,ORD,-2
12,9,AA,2314,JFK,BOS,-5
12,9,B6,71,JFK,SLC,8
12,9,B6,927,EWR,MCO,-2
12,9,B6,929,JFK,RSW,3
12,9,DL,404,JFK,SJU,-4
12,9,EV,5795,EWR,PIT,
12,9,UA,446,EWR,MIA,-1
12,9,VX,27,JFK,SFO,7
12,10,9E,2902,JFK,BOS,167
12,10,AA,2314,JFK,BOS,30
12,10,B6,1734,JFK,BTV,-2
12,10,DL,1935,LGA,TPA,24
12,10,DL,2042,EWR,ATL,0
12,10,UA,398,JFK,LAX,-2
12,10,UA,994,EWR,BOS,70
12,10,UA,1183,EWR,RSW,73
12,10,US,2085,LGA,CLT,1
12,11,9E,2915,JFK,DFW,4
12,11,B6,234,JFK,BTV,-1
12,11,B6,795,JFK,AUS,-2
12,11,DL,2421,JFK,SLC,-2
12,11,US,721,EWR,CLT,-2
12,11,WN,3069,EWR,STL,-4
12,12,AA,29,LGA,PBI,-4
12,12,B6,1,JFK,FLL,-1
12,12,B6,477,JFK,JAX,9
12,12,B6,518,JFK,BOS,-3
12,12,DL,1919,LGA,MSP,-3
12,12,DL,2159,JFK,MCO,-5
12,12,EV,5711,JFK,IAD,11
12,12,EV,5814,EWR,MKE,-5
12,12,MQ,3072,JFK,TPA,-5
12,12,MQ,3530,LGA,DTW,-8
12,12,MQ,3565,LGA,CLT,-8
12,12,UA,360,EWR,PBI,27
12,13,9E,2918,JFK,IND,-7
12,13,AA,1131,LGA,DFW,-5
12,13,B6,27,EWR,MCO,-6
12,13,B6,1701,JFK,FLL,-1
12,13,DL,1585,LGA,MCO,3
12,14,9E,3917,EWR,DTW,-7
12,14,B6,423,JFK,LAX,10
12,14,B6,883,JFK,MCO,128
12,14,B6,1205,JFK,PDX,28
12,14,EV,4638,EWR,CVG,-15
12,14,UA,332,EWR,CLE,83
12,14,UA,587,EWR,PHX,
12,15,AA,84,JFK,BOS,83
12,15,AA,388,LGA,MIA,-6
12,15,AA,1185,LGA,DFW,2
12,15,B6,525,JFK,TPA,24
12,16,B6,305,EWR,FLL,-4
12,16,DL,1935,LGA,TPA,-10
12,16,EV,4662,EWR,RDU,-3
12,16,MQ,3066,JFK,TPA,11
12,16,WN,3691,EWR,MSY,-3
12,17,AA,2285,JFK,MCO,75
12,17,AA,2351,JFK,MIA,30
12,17,DL,1779,LGA,FLL,36
12,17,EV,4662,EWR,RDU,-3
12,17,EV,5259,LGA,MSN,140
12,17,MQ,3573,LGA,CMH,-7
12,17,UA,1064,EWR,DFW,21
12,17,WN,3069,EWR,STL,183
12,18,AA,1171,LGA,DFW,24
12,18,MQ,3535,JFK,CMH,-5
12,18,US,2154,LGA,BOS,-5
12,19,9E,4105,LGA,GSP,-1
12,19,EV,4138,EWR,BUF,-6
12,19,EV,5541,LGA,CMH,-2
12,19,UA,1479,EWR,LAX,22
12,20,9E,2960,JFK,CLE,-8
12,20,AA,388,LGA,MIA,-5
12,20,AA,1611,LGA,MIA,0
12,20,EV,3807,EWR,SDF,0
12,20,EV,5079,LGA,MEM,21
12,20,UA,341,EWR,LAX,20
12,20,UA,1622,EWR,ORD,3
12,20,US,1751,EWR,CLT,24
12,20,US,2037,LGA,PHL,-7
12,20,US,2152,LGA,BOS,-10
12,20,WN,3015,EWR,MSY,9
12,21,AA,85,JFK,SFO,-4
12,21,AA,2351,JFK,MIA,13
12,21,B6,1401,JFK,FLL,-2
12,21,B6,1677,JFK,JAX,-2
12,21,EV,4099,EWR,STL,1
12,21,EV,5940,LGA,IAD,0
12,21,UA,1638,EWR,CLE,22
12,21,WN,833,LGA,MKE,125
12,21,WN,1601,LGA,MDW,3
12,22,9E,2942,JFK,CHS,6
12,22,B6,201,JFK,FLL,21
12,22,B6,795,JFK,AUS,33
12,22,EV,4224,EWR,MKE,59
12,23,B6,325,JFK,TPA,83
12,23,B6,1307,JFK,IAD,20
12,23,B6,2043,EWR,PBI,3
12,23,DL,1875,LGA,TPA,24
12,23,DL,2003,LGA,MIA,-4
12,23,EV,3848,EWR,IND,150
12,23,EV,4249,EWR,BWI,16
12,23,UA,360,EWR,PBI,39
12,23,UA,1139,EWR,DEN,11
12,24,9E,2918,JFK,IND,-4
12,24,EV,4141,EWR,ATL,-3
12,24,EV,5137,LGA,CLE,9
12,24,UA,350,EWR,RSW,17
12,24,UA,1216,EWR,SJU,-4
12,24,UA,1481,EWR,PHX,22
12,24,US,1745,EWR,CLT,-1
12,24,WN,4337,LGA,MDW,1
12,25,AA,2285,JFK,MCO,42
12,25,MQ,3202,JFK,IND,0
12,25,WN,3691,EWR,MSY,3
12,26,AA,341,LGA,ORD,-7
12,26,B6,2002,JFK,BUF,15
12,26,FL,1182,LGA,CAK,16
12,26,MQ,3493,LGA,CLE,0
12,26,UA,404,LGA,IAH,6
12,26,UA,535,JFK,LAX,-2
12,26,UA,1164,EWR,FLL,15
12,27,9E,2912,JFK,DCA,-4
12,27,B6,971,LGA,FLL,-7
12,27,DL,405,JFK,MCO,1
12,27,DL,2546,JFK,LAS,0
12,27,MQ,3301,LGA,RDU,6
12,27,MQ,3340,LGA,DTW,-4
12,27,US,707,LGA,CLT,-3
12,28,AA,133,JFK,LAX,-2
12,28,B6,1205,JFK,PDX,11
12,28,DL,422,JFK,LAX,13
12,28,DL,2488,JFK,ATL,2
12,28,MQ,3365,JFK,DCA,-3
12,28,UA,1593,EWR,MCO,27
12,29,B6,525,JFK,TPA,4
12,29,B6,1389,EWR,SJU,69
12,29,B6,2180,EWR,BOS,-8
12,29,DL,1896,LGA,DEN,-4
12,29,UA,1626,EWR,SJU,3
12,29,UA,1735,EWR,LAX,2
12,29,VX,169,EWR,LAX,46
12,29,WN,1955,LGA,ATL,-3
12,30,AA,67,JFK,SAN,0
12,30,AA,345,LGA,ORD,-3
12,30,B6,1161,LGA,PBI,128
12,30,DL,426,JFK,LAX,-3
12,30,DL,429,JFK,SLC,0
12,30,DL,2219,LGA,MSP,-5
12,30,DL,2357,JFK,SAN,1
12,30,EV,5795,EWR,PIT,14
12,30,MQ,3416,LGA,RDU,9
12,31,B6,718,JFK,BOS,15
12,31,B6,1295,JFK,AUS,31
12,31,DL,405,JFK,MCO,-7
12,31,UA,371,EWR,BOS,59
12,31,UA,1667,EWR,TPA,20
12,31,US,687,EWR,CLT,-8
12,31,US,2039,LGA,CLT,-2
