country,year,lifeExp,pop,gdpPercap
Afghanistan,1952,28.801,8425333,779.4453145
Afghanistan,1972,36.088,13079460,739.9811058
Afghanistan,1992,41.674,16317921,649.3413952
Afghanistan,2007,43.828,31889923,974.5803384
Brazil,1952,50.917,56602560,2108.944355
Brazil,1972,59.504,100840058,4985.711467
Brazil,1992,67.057,155975974,6950.283021
Brazil,2007,72.39,190010647,9065.800825
Japan,1952,63.03,86459025,3216.956347
Japan,1972,73.42,107188273,14778.78636
Japan,1992,79.36,124329269,26824.89511
Japan,2007,82.603,127467972,31656.06806
Nigeria,1952,36.324,33119096,1077.281856
Nigeria,1972,42.821,53740085,1698.388838
Nigeria,1992,47.472,93364244,1619.848217
Nigeria,2007,46.859,135031164,2013.977305
Sweden,1952,71.86,7124673,8527.844662
Sweden,1972,74.72,8122293,17832.02464
Sweden,1992,78.16,8718867,23880.01683
Sweden,2007,80.884,9031088,33859.74835
