muni_code,date,solar
03203,2018-12-25,8
03203,2018-09-25,24
03203,2017-09-25,2762
03203,2017-12-25,0
03203,2019-06-25,5
03203,2017-02-25,6
03203,2016-12-25,7
03203,2017-01-25,5
03203,2018-06-25,8
03203,2018-03-25,17
03203,2019-03-25,23
03203,2017-03-25,4
03402,2017-01-25,2
03402,2017-02-25,1
03402,2019-06-25,0
03402,2018-12-25,1
03402,2016-12-25,1
03402,2018-03-25,5
03402,2017-12-25,0
03402,2017-03-25,0
03402,2019-03-25,8
03402,2018-09-25,4
03402,2018-06-25,2
03402,2017-09-25,207
05207,2019-06-25,0
05207,2018-12-25,7
05207,2016-12-25,0
05207,2017-03-25,0
05207,2017-02-25,1
05207,2017-01-25,0
05207,2018-03-25,1
05207,2017-12-25,0
05207,2017-09-25,320
05207,2018-09-25,0
05207,2018-06-25,2
05207,2019-03-25,0
06366,2017-01-25,0
06366,2019-06-25,2
06366,2017-12-25,0
06366,2017-03-25,0
06366,2018-03-25,0
06366,2019-03-25,2
06366,2017-09-25,30
06366,2018-09-25,0
06366,2018-06-25,0
06366,2018-12-25,0
06366,2017-02-25,0
06366,2016-12-25,0
07212,2017-01-25,34
07212,2016-12-25,54
07212,2018-03-25,68
07212,2017-02-25,39
07212,2017-12-25,0
07212,2018-12-25,60
07212,2018-09-25,54
07212,2018-06-25,75
07212,2017-03-25,23
07212,2019-03-25,83
07212,2017-09-25,8010
07212,2019-06-25,32
07303,2017-03-25,1
07303,2018-03-25,3
07303,2018-09-25,5
07303,2019-06-25,0
07303,2018-06-25,2
07303,2017-09-25,447
07303,2018-12-25,3
07303,2017-01-25,0
07303,2016-12-25,1
07303,2019-03-25,6
07303,2017-12-25,0
07303,2017-02-25,1
07405,2018-06-25,0
07405,2018-12-25,0
07405,2017-09-25,27
07405,2018-03-25,0
07405,2019-06-25,0
07405,2016-12-25,1
07405,2018-09-25,2
07405,2017-12-25,0
07405,2017-01-25,0
07405,2017-02-25,0
07405,2019-03-25,0
07405,2017-03-25,0
07423,2019-06-25,0
07423,2017-12-25,0
07423,2018-03-25,1
07423,2017-02-25,1
07423,2018-06-25,1
07423,2018-12-25,0
07423,2017-01-25,0
07423,2016-12-25,2
07423,2019-03-25,0
07423,2017-03-25,0
07423,2018-09-25,0
07423,2017-09-25,79
