site_id,name,x,y
s01,AQS 340030010,587145,4523014
s02,AQS 840340170008,581336,4513773
s03,AQS 340390004,566937,4499256
s04,AQS 340392003,561238,4495044
s05,AQS 360050080,590936,4521189
s06,AQS 360050110,592584,4518923
s07,AQS 360050112,593893,4518784
s08,AQS 360470052,582974,4499460
s09,AQS 360470118,590522,4505385
s10,AQS 360610135,588708,4519275
s11,AQS 360810120,593459,4509030
s12,AQS 840360850055,572968,4498382
s13,AQS 360850111,567757,4492465
s14,BQE,587788,4506285
s15,Queensboro Bridge,587453,4512769
s16,Williamsburg Bridge,585637,4507956
s17,Hamilton Bridge,589943,4522270
s18,Midtown-DOT,585222,4512060
s19,SI Expwy,571807,4495723
s20,Manhattan Bridge,584715,4507771
s21,Hunts Point,593974,4519272
s22,Broadway/35th St,585446,4511575
s23,FDR,586595,4508435
s24,Mott Haven,590886,4517834
s25,Cross Bronx Expy,592211,4522145
s26,Van Wyck,600627,4505044
