id,code,lon,lat,trips_out,trips_in,degree_out,degree_in
1,A32002,-71.1156,42.3512,474,370,16,17
2,A32004,-71.1065,42.3386,364,358,18,21
3,A32012,-71.1238,42.3523,500,446,18,13
4,A32017,-71.134,42.3486,556,448,13,11
5,B32000,-71.086,42.3487,574,696,24,24
6,B32002,-71.0885,42.3359,282,210,15,13
7,B32004,-71.0516,42.3598,568,678,18,18
8,B32005,-71.0859,42.3439,706,640,24,25
9,B32008,-71.05763,42.35892,506,450,20,21
10,B32010,-71.097,42.3487,450,400,22,20
11,B32012,-71.0902,42.3418,316,338,18,19
12,B32016,-71.0899,42.3509,472,644,18,23
13,B32056,-71.0617,42.3567,504,386,18,21
14,C32007,-71.0807,42.3465,702,438,19,16
15,C32008,-71.0824,42.3488,598,590,23,23
16,D32000,-71.0653,42.3613,370,404,23,17
17,D32004,-71.0583,42.3553,396,324,19,17
18,D32005,-71.0773,42.3497,380,430,19,24
19,D32006,-71.0509,42.3639,442,520,16,17
20,D32010,-71.0561,42.3628,536,568,18,22
21,D32016,-71.0709,42.3607,1611,1443,24,22
22,D32019,-71.0627,42.3524,588,666,21,22
23,D32024,-71.0698,42.3561,1428,1796,19,20
24,D32042,-71.0704,42.352,764,912,23,24
25,M32006,-71.0932,42.3581,315,247,21,17
