from,to,day,rush,count
A32002,A32002,2021-07-01,pm,8
A32002,A32002,2021-07-02,pm,4
A32002,A32002,2021-07-05,pm,12
A32002,A32002,2021-07-12,pm,4
A32002,A32002,2021-07-16,pm,4
A32002,A32002,2021-07-20,pm,4
A32002,A32002,2021-07-21,pm,4
A32002,A32002,2021-07-22,pm,8
A32002,A32002,2021-07-23,pm,8
A32002,A32002,2021-07-27,pm,4
A32002,A32002,2021-07-28,pm,4
A32002,A32002,2021-07-29,pm,4
A32002,A32004,2021-07-08,pm,4
A32002,A32004,2021-07-12,pm,4
A32002,A32012,2021-07-01,pm,4
A32002,A32012,2021-07-05,pm,8
A32002,A32012,2021-07-06,pm,8
A32002,A32012,2021-07-07,pm,4
A32002,A32012,2021-07-08,pm,4
A32002,A32012,2021-07-12,pm,4
A32002,A32012,2021-07-13,pm,4
A32002,A32012,2021-07-14,pm,4
A32002,A32012,2021-07-15,pm,4
A32002,A32012,2021-07-16,pm,8
A32002,A32012,2021-07-19,pm,8
A32002,A32012,2021-07-20,pm,4
A32002,A32012,2021-07-21,pm,8
A32002,A32012,2021-07-22,am,4
A32002,A32012,2021-07-22,pm,12
A32002,A32012,2021-07-23,pm,16
A32002,A32012,2021-07-26,pm,4
A32002,A32012,2021-07-27,pm,24
A32002,A32012,2021-07-28,pm,4
A32002,A32012,2021-07-29,am,4
A32002,A32017,2021-07-01,pm,8
A32002,A32017,2021-07-02,pm,16
A32002,A32017,2021-07-06,pm,16
A32002,A32017,2021-07-07,pm,16
A32002,A32017,2021-07-08,pm,16
A32002,A32017,2021-07-13,pm,16
A32002,A32017,2021-07-16,pm,8
A32002,A32017,2021-07-21,pm,8
A32002,A32017,2021-07-23,pm,8
A32002,A32017,2021-07-26,pm,8
A32002,A32017,2021-07-27,pm,8
A32002,A32017,2021-07-28,pm,8
A32002,B32000,2021-07-02,pm,4
A32002,B32000,2021-07-26,pm,4
A32002,B32000,2021-07-28,pm,4
A32002,B32005,2021-07-20,pm,4
A32002,B32005,2021-07-22,pm,4
A32002,B32010,2021-07-07,pm,8
A32002,B32010,2021-07-16,pm,16
A32002,B32010,2021-07-22,pm,4
A32002,B32010,2021-07-27,pm,4
A32002,B32010,2021-07-29,am,4
A32002,B32012,2021-07-28,pm,4
A32002,B32016,2021-07-29,pm,4
A32002,C32008,2021-07-22,pm,4
A32002,D32005,2021-07-27,am,4
A32002,D32016,2021-07-07,pm,6
A32002,D32016,2021-07-14,pm,6
A32002,D32016,2021-07-19,pm,6
A32002,D32019,2021-07-21,pm,6
A32002,D32024,2021-07-28,pm,8
A32002,D32042,2021-07-05,pm,4
A32002,D32042,2021-07-23,pm,4
A32002,M32006,2021-07-07,pm,2
A32002,M32006,2021-07-13,pm,2
A32002,M32006,2021-07-21,pm,4
A32002,M32006,2021-07-22,pm,2
A32004,A32002,2021-07-16,pm,4
A32004,A32002,2021-07-22,pm,4
A32004,A32002,2021-07-26,pm,4
A32004,A32004,2021-07-06,pm,4
A32004,A32004,2021-07-08,pm,4
A32004,A32004,2021-07-12,pm,4
A32004,A32004,2021-07-13,pm,4
A32004,A32004,2021-07-15,pm,4
A32004,A32004,2021-07-19,pm,4
A32004,A32004,2021-07-23,pm,4
A32004,A32004,2021-07-26,pm,8
A32004,A32004,2021-07-27,pm,4
A32004,A32004,2021-07-30,pm,4
A32004,A32012,2021-07-08,pm,4
A32004,A32012,2021-07-15,pm,4
A32004,A32012,2021-07-19,pm,4
A32004,A32012,2021-07-26,pm,4
A32004,A32017,2021-07-07,pm,8
A32004,A32017,2021-07-28,pm,16
A32004,B32000,2021-07-05,pm,4
A32004,B32000,2021-07-22,pm,4
A32004,B32000,2021-07-30,pm,4
A32004,B32002,2021-07-05,pm,4
A32004,B32002,2021-07-08,pm,4
A32004,B32002,2021-07-15,pm,4
A32004,B32002,2021-07-16,pm,4
A32004,B32002,2021-07-30,pm,4
A32004,B32005,2021-07-22,pm,4
A32004,B32010,2021-07-14,pm,4
A32004,B32010,2021-07-21,pm,4
A32004,B32012,2021-07-01,pm,4
A32004,B32012,2021-07-02,pm,4
A32004,B32012,2021-07-05,pm,8
A32004,B32012,2021-07-06,pm,8
A32004,B32012,2021-07-07,pm,4
A32004,B32012,2021-07-08,pm,4
A32004,B32012,2021-07-09,pm,4
A32004,B32012,2021-07-12,pm,4
A32004,B32012,2021-07-13,pm,4
A32004,B32012,2021-07-14,pm,4
A32004,B32012,2021-07-15,pm,4
A32004,B32012,2021-07-16,pm,4
A32004,B32012,2021-07-19,pm,4
A32004,B32012,2021-07-20,pm,4
A32004,B32012,2021-07-21,pm,4
A32004,B32012,2021-07-22,pm,4
A32004,B32012,2021-07-26,pm,4
A32004,B32012,2021-07-27,pm,4
A32004,B32012,2021-07-28,pm,4
A32004,B32012,2021-07-29,pm,4
A32004,B32012,2021-07-30,pm,4
A32004,B32016,2021-07-15,pm,4
A32004,B32016,2021-07-16,pm,4
A32004,B32016,2021-07-22,pm,4
A32004,B32016,2021-07-30,pm,4
A32004,B32056,2021-07-13,pm,4
A32004,C32008,2021-07-01,pm,4
A32004,C32008,2021-07-14,pm,4
A32004,C32008,2021-07-15,pm,4
A32004,C32008,2021-07-22,pm,4
A32004,D32000,2021-07-27,pm,4
A32004,D32005,2021-07-27,pm,4
A32004,D32005,2021-07-28,pm,4
A32004,D32010,2021-07-15,pm,4
A32004,D32016,2021-07-01,pm,6
A32004,D32016,2021-07-14,pm,6
A32004,D32016,2021-07-15,pm,6
A32004,D32016,2021-07-19,pm,6
A32004,D32016,2021-07-27,pm,6
A32004,D32016,2021-07-30,pm,6
A32004,D32024,2021-07-02,pm,8
A32004,D32024,2021-07-19,pm,16
A32004,D32024,2021-07-20,pm,16
A32004,D32042,2021-07-28,pm,4
A32012,A32002,2021-07-01,pm,8
A32012,A32002,2021-07-05,pm,8
A32012,A32002,2021-07-06,pm,8
A32012,A32002,2021-07-09,am,12
A32012,A32002,2021-07-12,pm,4
A32012,A32002,2021-07-15,pm,4
A32012,A32002,2021-07-16,pm,8
A32012,A32002,2021-07-19,pm,8
A32012,A32002,2021-07-21,pm,4
A32012,A32002,2021-07-22,pm,8
A32012,A32002,2021-07-23,pm,4
A32012,A32002,2021-07-26,pm,4
A32012,A32002,2021-07-27,pm,8
A32012,A32002,2021-07-28,pm,8
A32012,A32002,2021-07-29,pm,4
A32012,A32002,2021-07-30,pm,4
A32012,A32004,2021-07-01,pm,4
A32012,A32004,2021-07-19,pm,4
A32012,A32004,2021-07-29,am,4
A32012,A32012,2021-07-01,pm,8
A32012,A32012,2021-07-05,pm,12
A32012,A32012,2021-07-06,pm,4
A32012,A32012,2021-07-07,pm,4
A32012,A32012,2021-07-13,pm,4
A32012,A32012,2021-07-14,pm,4
A32012,A32012,2021-07-15,pm,4
A32012,A32012,2021-07-20,pm,4
A32012,A32012,2021-07-27,pm,4
A32012,A32012,2021-07-29,pm,16
A32012,A32012,2021-07-30,pm,4
A32012,A32017,2021-07-06,pm,16
A32012,A32017,2021-07-12,pm,8
A32012,A32017,2021-07-13,pm,8
A32012,A32017,2021-07-14,pm,8
A32012,A32017,2021-07-21,pm,8
A32012,A32017,2021-07-22,pm,16
A32012,A32017,2021-07-23,pm,8
A32012,A32017,2021-07-26,pm,8
A32012,B32000,2021-07-05,pm,4
A32012,B32000,2021-07-09,pm,4
A32012,B32000,2021-07-15,pm,8
A32012,B32000,2021-07-20,pm,4
A32012,B32000,2021-07-29,pm,4
A32012,B32002,2021-07-23,pm,4
A32012,B32005,2021-07-07,pm,4
A32012,B32005,2021-07-13,pm,4
A32012,B32005,2021-07-19,am,8
A32012,B32005,2021-07-20,pm,4
A32012,B32008,2021-07-02,pm,20
A32012,B32008,2021-07-06,pm,4
A32012,B32010,2021-07-02,pm,4
A32012,B32010,2021-07-06,pm,4
A32012,B32010,2021-07-08,am,8
A32012,B32010,2021-07-08,pm,4
A32012,B32010,2021-07-16,pm,4
A32012,B32010,2021-07-29,pm,4
A32012,B32012,2021-07-26,pm,4
A32012,B32016,2021-07-13,pm,4
A32012,B32016,2021-07-15,pm,4
A32012,B32016,2021-07-20,pm,4
A32012,C32008,2021-07-01,pm,4
A32012,C32008,2021-07-08,pm,12
A32012,C32008,2021-07-13,pm,4
A32012,C32008,2021-07-15,pm,4
A32012,C32008,2021-07-23,pm,4
A32012,D32005,2021-07-05,pm,4
A32012,D32010,2021-07-20,pm,8
A32012,D32016,2021-07-05,pm,12
A32012,D32016,2021-07-19,pm,6
A32012,D32019,2021-07-07,pm,6
A32012,D32019,2021-07-14,pm,6
A32012,D32019,2021-07-22,pm,6
A32012,D32042,2021-07-01,pm,4
A32012,D32042,2021-07-05,pm,4
A32012,D32042,2021-07-30,pm,8
A32012,M32006,2021-07-01,pm,2
A32012,M32006,2021-07-05,pm,4
A32012,M32006,2021-07-06,pm,2
A32012,M32006,2021-07-13,pm,4
A32012,M32006,2021-07-15,pm,4
A32012,M32006,2021-07-16,pm,2
A32012,M32006,2021-07-19,pm,6
A32012,M32006,2021-07-21,pm,2
A32012,M32006,2021-07-26,pm,2
A32017,A32002,2021-07-06,pm,8
A32017,A32002,2021-07-07,pm,8
A32017,A32002,2021-07-13,pm,8
A32017,A32002,2021-07-16,pm,8
A32017,A32002,2021-07-19,pm,8
A32017,A32002,2021-07-22,pm,8
A32017,A32002,2021-07-23,pm,8
A32017,A32002,2021-07-26,pm,16
A32017,A32002,2021-07-27,pm,8
A32017,A32002,2021-07-28,pm,8
A32017,A32004,2021-07-12,pm,8
A32017,A32004,2021-07-28,pm,8
A32017,A32004,2021-07-29,am,8
A32017,A32004,2021-07-30,am,8
A32017,A32012,2021-07-06,pm,24
A32017,A32012,2021-07-07,pm,8
A32017,A32012,2021-07-08,pm,8
A32017,A32012,2021-07-09,pm,8
A32017,A32012,2021-07-12,pm,16
A32017,A32012,2021-07-13,pm,8
A32017,A32012,2021-07-14,pm,8
A32017,A32012,2021-07-16,pm,16
A32017,A32012,2021-07-23,pm,8
A32017,A32012,2021-07-27,pm,8
A32017,A32012,2021-07-30,pm,8
A32017,A32017,2021-07-05,pm,32
A32017,A32017,2021-07-13,pm,16
A32017,A32017,2021-07-16,pm,16
A32017,A32017,2021-07-19,pm,32
A32017,A32017,2021-07-22,pm,16
A32017,A32017,2021-07-29,pm,16
A32017,B32000,2021-07-21,pm,8
A32017,B32000,2021-07-26,pm,8
A32017,B32004,2021-07-06,pm,8
A32017,B32005,2021-07-12,pm,8
A32017,B32005,2021-07-19,pm,8
A32017,B32008,2021-07-14,am,8
A32017,B32008,2021-07-21,am,8
A32017,B32010,2021-07-05,pm,24
A32017,B32010,2021-07-07,am,8
A32017,B32010,2021-07-08,pm,8
A32017,B32010,2021-07-12,pm,16
A32017,B32010,2021-07-13,pm,8
A32017,B32010,2021-07-28,pm,8
A32017,B32012,2021-07-14,pm,8
A32017,B32012,2021-07-23,pm,8
A32017,B32012,2021-07-28,pm,8
A32017,B32012,2021-07-29,pm,8
A32017,B32016,2021-07-28,pm,8
A32017,D32004,2021-07-23,am,8
A32017,M32006,2021-07-21,pm,4
A32017,M32006,2021-07-29,pm,8
B32000,A32002,2021-07-06,pm,4
B32000,A32004,2021-07-15,pm,4
B32000,A32004,2021-07-28,pm,4
B32000,A32012,2021-07-05,pm,4
B32000,A32012,2021-07-08,pm,4
B32000,A32017,2021-07-02,pm,8
B32000,A32017,2021-07-13,pm,8
B32000,A32017,2021-07-30,pm,8
B32000,B32000,2021-07-01,pm,4
B32000,B32000,2021-07-08,pm,16
B32000,B32000,2021-07-14,pm,12
B32000,B32000,2021-07-19,pm,8
B32000,B32000,2021-07-20,pm,4
B32000,B32000,2021-07-23,pm,8
B32000,B32000,2021-07-26,pm,4
B32000,B32000,2021-07-29,pm,12
B32000,B32002,2021-07-29,pm,4
B32000,B32004,2021-07-16,pm,8
B32000,B32004,2021-07-23,pm,8
B32000,B32004,2021-07-29,pm,8
B32000,B32005,2021-07-12,pm,4
B32000,B32005,2021-07-23,pm,4
B32000,B32005,2021-07-30,pm,4
B32000,B32008,2021-07-14,pm,4
B32000,B32008,2021-07-29,pm,4
B32000,B32010,2021-07-08,pm,4
B32000,B32010,2021-07-21,pm,4
B32000,B32010,2021-07-23,pm,4
B32000,B32012,2021-07-07,pm,4
B32000,B32016,2021-07-01,pm,16
B32000,B32016,2021-07-13,pm,4
B32000,B32016,2021-07-16,pm,4
B32000,B32016,2021-07-23,pm,8
B32000,B32016,2021-07-26,pm,8
B32000,B32016,2021-07-28,pm,4
B32000,B32056,2021-07-07,pm,4
B32000,B32056,2021-07-08,pm,4
B32000,B32056,2021-07-13,pm,4
B32000,B32056,2021-07-14,pm,4
B32000,B32056,2021-07-21,pm,4
B32000,C32007,2021-07-06,pm,6
B32000,C32008,2021-07-06,pm,4
B32000,C32008,2021-07-08,pm,4
B32000,C32008,2021-07-14,pm,8
B32000,C32008,2021-07-21,pm,4
B32000,C32008,2021-07-28,pm,8
B32000,D32004,2021-07-16,pm,4
B32000,D32005,2021-07-05,pm,4
B32000,D32005,2021-07-06,pm,4
B32000,D32005,2021-07-07,pm,4
B32000,D32005,2021-07-19,pm,4
B32000,D32005,2021-07-20,pm,4
B32000,D32005,2021-07-21,pm,4
B32000,D32005,2021-07-28,pm,4
B32000,D32006,2021-07-06,pm,4
B32000,D32010,2021-07-05,pm,8
B32000,D32016,2021-07-02,pm,6
B32000,D32016,2021-07-08,pm,6
B32000,D32016,2021-07-09,pm,6
B32000,D32016,2021-07-16,pm,24
B32000,D32016,2021-07-20,pm,6
B32000,D32016,2021-07-21,pm,6
B32000,D32016,2021-07-22,pm,12
B32000,D32016,2021-07-23,pm,6
B32000,D32019,2021-07-06,pm,18
B32000,D32019,2021-07-21,pm,6
B32000,D32024,2021-07-05,pm,32
B32000,D32024,2021-07-08,pm,8
B32000,D32024,2021-07-15,pm,16
B32000,D32024,2021-07-16,pm,8
B32000,D32024,2021-07-23,pm,8
B32000,D32024,2021-07-26,am,8
B32000,D32024,2021-07-26,pm,8
B32000,D32024,2021-07-28,pm,8
B32000,D32024,2021-07-29,pm,16
B32000,D32042,2021-07-06,pm,16
B32000,D32042,2021-07-07,pm,8
B32000,D32042,2021-07-14,pm,4
B32000,M32006,2021-07-08,pm,2
B32000,M32006,2021-07-09,pm,2
B32000,M32006,2021-07-14,pm,2
B32000,M32006,2021-07-15,pm,2
B32000,M32006,2021-07-16,am,2
B32000,M32006,2021-07-27,pm,4
B32000,M32006,2021-07-28,pm,2
B32000,M32006,2021-07-30,pm,4
B32002,A32002,2021-07-23,pm,4
B32002,A32004,2021-07-01,am,4
B32002,A32004,2021-07-01,pm,4
B32002,A32004,2021-07-08,pm,8
B32002,A32004,2021-07-13,pm,4
B32002,A32004,2021-07-14,pm,4
B32002,A32004,2021-07-16,pm,4
B32002,A32004,2021-07-27,pm,4
B32002,A32004,2021-07-29,pm,8
B32002,A32004,2021-07-30,pm,4
B32002,A32017,2021-07-12,pm,8
B32002,B32000,2021-07-05,pm,4
B32002,B32000,2021-07-09,pm,4
B32002,B32000,2021-07-15,pm,8
B32002,B32000,2021-07-20,pm,4
B32002,B32002,2021-07-01,pm,4
B32002,B32002,2021-07-08,pm,16
B32002,B32002,2021-07-09,pm,4
B32002,B32002,2021-07-12,pm,4
B32002,B32002,2021-07-14,pm,4
B32002,B32002,2021-07-15,pm,4
B32002,B32002,2021-07-19,pm,4
B32002,B32002,2021-07-20,pm,4
B32002,B32002,2021-07-21,pm,4
B32002,B32002,2021-07-27,pm,4
B32002,B32002,2021-07-28,pm,4
B32002,B32002,2021-07-29,pm,4
B32002,B32002,2021-07-30,pm,28
B32002,B32005,2021-07-01,pm,16
B32002,B32005,2021-07-05,pm,4
B32002,B32005,2021-07-06,pm,4
B32002,B32005,2021-07-21,pm,4
B32002,B32005,2021-07-26,pm,4
B32002,B32012,2021-07-06,pm,4
B32002,B32012,2021-07-27,pm,4
B32002,B32016,2021-07-15,pm,8
B32002,B32016,2021-07-30,pm,4
B32002,B32056,2021-07-20,pm,4
B32002,C32007,2021-07-07,pm,6
B32002,C32007,2021-07-19,pm,6
B32002,C32007,2021-07-23,pm,6
B32002,D32005,2021-07-15,pm,4
B32002,D32005,2021-07-21,pm,4
B32002,D32010,2021-07-22,pm,12
B32002,D32016,2021-07-16,pm,6
B32002,D32019,2021-07-12,pm,6
B32002,D32042,2021-07-07,pm,4
B32002,D32042,2021-07-15,pm,4
B32002,D32042,2021-07-26,pm,4
B32004,A32004,2021-07-28,pm,4
B32004,B32002,2021-07-20,pm,4
B32004,B32004,2021-07-01,pm,4
B32004,B32004,2021-07-06,pm,12
B32004,B32004,2021-07-14,pm,20
B32004,B32004,2021-07-15,pm,44
B32004,B32004,2021-07-19,pm,4
B32004,B32004,2021-07-20,pm,4
B32004,B32004,2021-07-22,pm,16
B32004,B32004,2021-07-23,pm,16
B32004,B32004,2021-07-26,pm,16
B32004,B32004,2021-07-28,pm,12
B32004,B32004,2021-07-30,pm,16
B32004,B32005,2021-07-05,am,16
B32004,B32005,2021-07-26,pm,4
B32004,B32008,2021-07-14,pm,8
B32004,B32008,2021-07-26,pm,4
B32004,B32010,2021-07-12,pm,4
B32004,B32010,2021-07-22,pm,4
B32004,B32016,2021-07-29,pm,4
B32004,B32056,2021-07-08,pm,4
B32004,B32056,2021-07-19,pm,4
B32004,B32056,2021-07-27,pm,8
B32004,C32007,2021-07-29,pm,12
B32004,C32008,2021-07-06,pm,8
B32004,C32008,2021-07-23,pm,4
B32004,D32000,2021-07-01,pm,4
B32004,D32000,2021-07-06,pm,4
B32004,D32000,2021-07-16,pm,4
B32004,D32000,2021-07-22,pm,4
B32004,D32000,2021-07-27,pm,8
B32004,D32000,2021-07-30,pm,8
B32004,D32004,2021-07-01,pm,4
B32004,D32004,2021-07-28,pm,12
B32004,D32004,2021-07-29,pm,4
B32004,D32004,2021-07-30,pm,4
B32004,D32005,2021-07-01,pm,8
B32004,D32005,2021-07-27,pm,16
B32004,D32005,2021-07-30,pm,8
B32004,D32006,2021-07-08,pm,8
B32004,D32006,2021-07-13,pm,4
B32004,D32006,2021-07-23,pm,4
B32004,D32006,2021-07-27,pm,16
B32004,D32006,2021-07-29,pm,4
B32004,D32010,2021-07-05,pm,8
B32004,D32010,2021-07-06,pm,4
B32004,D32010,2021-07-12,pm,4
B32004,D32010,2021-07-13,pm,4
B32004,D32010,2021-07-16,pm,4
B32004,D32010,2021-07-19,pm,4
B32004,D32010,2021-07-20,pm,8
B32004,D32010,2021-07-26,pm,4
B32004,D32010,2021-07-28,pm,4
B32004,D32010,2021-07-29,pm,16
B32004,D32019,2021-07-27,pm,24
B32004,D32024,2021-07-07,pm,16
B32004,D32024,2021-07-15,pm,8
B32004,D32042,2021-07-07,pm,4
B32004,D32042,2021-07-13,pm,16
B32004,D32042,2021-07-19,pm,8
B32004,D32042,2021-07-21,pm,8
B32004,D32042,2021-07-28,pm,44
B32005,A32004,2021-07-01,pm,4
B32005,A32004,2021-07-14,pm,4
B32005,A32004,2021-07-30,pm,4
B32005,A32012,2021-07-19,pm,8
B32005,A32017,2021-07-22,pm,8
B32005,B32000,2021-07-01,am,4
B32005,B32000,2021-07-06,pm,4
B32005,B32000,2021-07-08,am,4
B32005,B32000,2021-07-12,pm,4
B32005,B32000,2021-07-15,pm,4
B32005,B32000,2021-07-20,pm,4
B32005,B32002,2021-07-05,pm,4
B32005,B32002,2021-07-07,pm,12
B32005,B32002,2021-07-08,pm,4
B32005,B32002,2021-07-20,pm,4
B32005,B32002,2021-07-21,pm,8
B32005,B32002,2021-07-27,pm,4
B32005,B32002,2021-07-30,pm,4
B32005,B32004,2021-07-15,pm,8
B32005,B32005,2021-07-01,pm,4
B32005,B32005,2021-07-02,pm,4
B32005,B32005,2021-07-05,am,12
B32005,B32005,2021-07-05,pm,4
B32005,B32005,2021-07-07,pm,8
B32005,B32005,2021-07-08,pm,4
B32005,B32005,2021-07-13,pm,8
B32005,B32005,2021-07-14,pm,16
B32005,B32005,2021-07-15,pm,4
B32005,B32005,2021-07-16,pm,4
B32005,B32005,2021-07-20,pm,12
B32005,B32005,2021-07-22,am,12
B32005,B32005,2021-07-22,pm,4
B32005,B32005,2021-07-23,pm,8
B32005,B32005,2021-07-26,pm,8
B32005,B32005,2021-07-27,pm,12
B32005,B32005,2021-07-30,pm,12
B32005,B32008,2021-07-05,pm,8
B32005,B32008,2021-07-16,pm,4
B32005,B32008,2021-07-22,pm,4
B32005,B32010,2021-07-13,pm,4
B32005,B32010,2021-07-15,pm,4
B32005,B32010,2021-07-28,pm,4
B32005,B32010,2021-07-30,pm,8
B32005,B32012,2021-07-07,am,4
B32005,B32012,2021-07-13,pm,8
B32005,B32012,2021-07-21,pm,4
B32005,B32012,2021-07-28,pm,8
B32005,B32016,2021-07-01,pm,12
B32005,B32016,2021-07-07,pm,4
B32005,B32016,2021-07-14,pm,4
B32005,B32016,2021-07-16,pm,8
B32005,B32016,2021-07-21,pm,4
B32005,B32016,2021-07-22,pm,4
B32005,B32016,2021-07-23,pm,4
B32005,B32016,2021-07-28,pm,4
B32005,B32056,2021-07-28,pm,4
B32005,C32007,2021-07-07,pm,6
B32005,C32007,2021-07-13,am,6
B32005,C32007,2021-07-16,pm,6
B32005,C32007,2021-07-20,pm,12
B32005,C32007,2021-07-22,pm,6
B32005,C32007,2021-07-28,pm,6
B32005,C32007,2021-07-29,pm,12
B32005,C32008,2021-07-01,pm,4
B32005,C32008,2021-07-02,pm,4
B32005,C32008,2021-07-05,pm,4
B32005,C32008,2021-07-06,pm,4
B32005,C32008,2021-07-14,am,4
B32005,C32008,2021-07-14,pm,4
B32005,C32008,2021-07-19,am,4
B32005,C32008,2021-07-20,pm,8
B32005,C32008,2021-07-21,pm,4
B32005,C32008,2021-07-22,am,4
B32005,C32008,2021-07-23,pm,4
B32005,C32008,2021-07-30,pm,4
B32005,D32000,2021-07-28,pm,4
B32005,D32004,2021-07-08,pm,4
B32005,D32004,2021-07-23,pm,4
B32005,D32004,2021-07-27,pm,4
B32005,D32005,2021-07-01,pm,4
B32005,D32005,2021-07-06,pm,4
B32005,D32005,2021-07-12,pm,4
B32005,D32005,2021-07-13,pm,4
B32005,D32005,2021-07-15,pm,4
B32005,D32005,2021-07-23,pm,4
B32005,D32005,2021-07-26,pm,8
B32005,D32005,2021-07-27,pm,4
B32005,D32006,2021-07-08,pm,4
B32005,D32010,2021-07-26,pm,12
B32005,D32016,2021-07-02,pm,6
B32005,D32016,2021-07-05,pm,6
B32005,D32016,2021-07-07,am,6
B32005,D32016,2021-07-07,pm,6
B32005,D32016,2021-07-09,am,6
B32005,D32016,2021-07-16,pm,12
B32005,D32016,2021-07-19,pm,6
B32005,D32016,2021-07-28,pm,6
B32005,D32019,2021-07-02,pm,6
B32005,D32019,2021-07-05,pm,6
B32005,D32019,2021-07-20,pm,6
B32005,D32019,2021-07-21,pm,6
B32005,D32019,2021-07-23,pm,6
B32005,D32019,2021-07-27,pm,6
B32005,D32019,2021-07-28,pm,6
B32005,D32024,2021-07-06,pm,8
B32005,D32024,2021-07-13,pm,8
B32005,D32024,2021-07-22,pm,8
B32005,D32024,2021-07-26,pm,16
B32005,D32042,2021-07-08,pm,12
B32005,D32042,2021-07-12,pm,8
B32005,D32042,2021-07-22,pm,8
B32005,M32006,2021-07-05,pm,4
B32005,M32006,2021-07-09,pm,2
B32005,M32006,2021-07-16,pm,2
B32005,M32006,2021-07-19,pm,2
B32005,M32006,2021-07-20,pm,2
B32005,M32006,2021-07-22,pm,2
B32005,M32006,2021-07-23,pm,2
B32005,M32006,2021-07-27,pm,4
B32005,M32006,2021-07-29,pm,4
B32008,A32004,2021-07-02,pm,4
B32008,B32000,2021-07-12,pm,4
B32008,B32000,2021-07-14,pm,8
B32008,B32000,2021-07-16,pm,8
B32008,B32002,2021-07-07,pm,4
B32008,B32004,2021-07-05,pm,8
B32008,B32004,2021-07-06,pm,8
B32008,B32004,2021-07-14,pm,4
B32008,B32004,2021-07-19,pm,4
B32008,B32004,2021-07-20,pm,4
B32008,B32005,2021-07-16,pm,4
B32008,B32008,2021-07-01,pm,8
B32008,B32008,2021-07-06,pm,4
B32008,B32008,2021-07-07,pm,4
B32008,B32008,2021-07-12,pm,8
B32008,B32008,2021-07-15,pm,12
B32008,B32008,2021-07-19,pm,4
B32008,B32008,2021-07-20,pm,8
B32008,B32008,2021-07-21,pm,20
B32008,B32008,2021-07-27,pm,4
B32008,B32008,2021-07-29,pm,8
B32008,B32008,2021-07-30,pm,4
B32008,B32010,2021-07-22,pm,4
B32008,B32012,2021-07-22,pm,4
B32008,B32012,2021-07-29,pm,8
B32008,B32056,2021-07-02,pm,4
B32008,B32056,2021-07-07,pm,4
B32008,B32056,2021-07-30,pm,8
B32008,C32007,2021-07-29,pm,6
B32008,C32008,2021-07-14,pm,4
B32008,C32008,2021-07-16,pm,4
B32008,C32008,2021-07-20,pm,4
B32008,C32008,2021-07-26,pm,4
B32008,D32000,2021-07-01,pm,4
B32008,D32000,2021-07-06,pm,4
B32008,D32000,2021-07-13,pm,4
B32008,D32000,2021-07-20,pm,8
B32008,D32000,2021-07-27,pm,4
B32008,D32000,2021-07-29,pm,8
B32008,D32000,2021-07-30,pm,8
B32008,D32004,2021-07-05,pm,4
B32008,D32004,2021-07-23,pm,8
B32008,D32004,2021-07-30,pm,4
B32008,D32005,2021-07-07,pm,8
B32008,D32005,2021-07-15,pm,4
B32008,D32005,2021-07-20,pm,4
B32008,D32005,2021-07-21,pm,4
B32008,D32005,2021-07-26,pm,4
B32008,D32006,2021-07-07,pm,4
B32008,D32006,2021-07-13,pm,8
B32008,D32006,2021-07-15,am,4
B32008,D32006,2021-07-15,pm,4
B32008,D32006,2021-07-21,pm,12
B32008,D32006,2021-07-23,pm,4
B32008,D32006,2021-07-26,pm,4
B32008,D32006,2021-07-29,pm,8
B32008,D32006,2021-07-30,pm,4
B32008,D32010,2021-07-01,pm,4
B32008,D32010,2021-07-06,pm,12
B32008,D32010,2021-07-08,pm,4
B32008,D32010,2021-07-13,pm,4
B32008,D32010,2021-07-15,pm,12
B32008,D32010,2021-07-19,pm,4
B32008,D32010,2021-07-20,pm,4
B32008,D32010,2021-07-21,pm,8
B32008,D32010,2021-07-22,pm,4
B32008,D32016,2021-07-07,pm,6
B32008,D32016,2021-07-23,pm,12
B32008,D32016,2021-07-27,pm,6
B32008,D32016,2021-07-28,pm,12
B32008,D32016,2021-07-30,pm,6
B32008,D32019,2021-07-01,pm,6
B32008,D32019,2021-07-14,pm,6
B32008,D32019,2021-07-16,pm,6
B32008,D32024,2021-07-16,pm,16
B32008,D32024,2021-07-19,pm,8
B32008,D32024,2021-07-26,pm,24
B32008,D32042,2021-07-20,pm,12
B32010,A32002,2021-07-06,pm,4
B32010,A32002,2021-07-15,pm,4
B32010,A32002,2021-07-22,pm,16
B32010,A32002,2021-07-27,pm,4
B32010,A32004,2021-07-02,am,4
B32010,A32004,2021-07-06,am,4
B32010,A32004,2021-07-07,am,4
B32010,A32004,2021-07-08,am,4
B32010,A32004,2021-07-14,pm,4
B32010,A32004,2021-07-15,pm,4
B32010,A32012,2021-07-05,pm,4
B32010,A32012,2021-07-06,pm,4
B32010,A32012,2021-07-08,pm,4
B32010,A32012,2021-07-16,pm,4
B32010,A32012,2021-07-22,am,4
B32010,A32012,2021-07-23,am,4
B32010,A32012,2021-07-30,pm,4
B32010,B32000,2021-07-06,pm,4
B32010,B32000,2021-07-07,pm,4
B32010,B32000,2021-07-13,pm,4
B32010,B32000,2021-07-14,pm,8
B32010,B32000,2021-07-15,pm,8
B32010,B32000,2021-07-27,pm,4
B32010,B32000,2021-07-30,pm,4
B32010,B32002,2021-07-30,pm,4
B32010,B32005,2021-07-01,pm,4
B32010,B32005,2021-07-07,pm,4
B32010,B32005,2021-07-12,pm,4
B32010,B32005,2021-07-20,pm,4
B32010,B32005,2021-07-28,pm,4
B32010,B32008,2021-07-14,pm,8
B32010,B32008,2021-07-16,pm,4
B32010,B32010,2021-07-01,pm,8
B32010,B32010,2021-07-02,pm,4
B32010,B32010,2021-07-06,pm,8
B32010,B32010,2021-07-15,pm,8
B32010,B32010,2021-07-19,pm,4
B32010,B32010,2021-07-21,pm,8
B32010,B32010,2021-07-28,am,4
B32010,B32012,2021-07-26,pm,4
B32010,B32016,2021-07-12,pm,4
B32010,B32016,2021-07-13,pm,8
B32010,B32016,2021-07-20,pm,4
B32010,B32016,2021-07-21,pm,4
B32010,B32016,2021-07-28,pm,4
B32010,B32056,2021-07-07,pm,4
B32010,B32056,2021-07-14,pm,4
B32010,B32056,2021-07-15,pm,4
B32010,B32056,2021-07-20,pm,4
B32010,B32056,2021-07-21,pm,4
B32010,B32056,2021-07-22,pm,4
B32010,B32056,2021-07-28,pm,4
B32010,B32056,2021-07-29,pm,4
B32010,C32007,2021-07-01,pm,6
B32010,C32008,2021-07-05,pm,4
B32010,C32008,2021-07-13,pm,8
B32010,C32008,2021-07-16,pm,8
B32010,C32008,2021-07-29,pm,4
B32010,C32008,2021-07-30,pm,4
B32010,D32000,2021-07-30,pm,4
B32010,D32004,2021-07-14,pm,4
B32010,D32004,2021-07-20,pm,4
B32010,D32005,2021-07-06,pm,4
B32010,D32005,2021-07-20,pm,4
B32010,D32010,2021-07-26,pm,8
B32010,D32016,2021-07-05,pm,24
B32010,D32016,2021-07-06,pm,6
B32010,D32019,2021-07-20,pm,12
B32010,D32019,2021-07-21,pm,6
B32010,D32019,2021-07-23,pm,6
B32010,D32019,2021-07-30,pm,6
B32010,D32024,2021-07-16,pm,16
B32010,D32024,2021-07-22,pm,16
B32010,D32024,2021-07-27,pm,8
B32010,D32024,2021-07-29,pm,16
B32010,D32042,2021-07-27,pm,4
B32010,D32042,2021-07-28,pm,4
B32010,M32006,2021-07-09,pm,2
B32010,M32006,2021-07-16,pm,2
B32010,M32006,2021-07-27,pm,4
B32012,A32002,2021-07-02,pm,4
B32012,A32004,2021-07-02,pm,4
B32012,A32004,2021-07-06,pm,4
B32012,A32004,2021-07-07,pm,4
B32012,A32004,2021-07-08,pm,4
B32012,A32004,2021-07-12,pm,4
B32012,A32004,2021-07-14,pm,4
B32012,A32004,2021-07-15,pm,4
B32012,A32004,2021-07-16,pm,4
B32012,A32004,2021-07-19,pm,4
B32012,A32004,2021-07-20,pm,4
B32012,A32004,2021-07-21,pm,4
B32012,A32004,2021-07-22,pm,4
B32012,A32004,2021-07-23,pm,4
B32012,A32004,2021-07-26,pm,8
B32012,A32004,2021-07-28,pm,4
B32012,A32004,2021-07-29,pm,4
B32012,A32004,2021-07-30,pm,8
B32012,A32012,2021-07-01,pm,4
B32012,B32000,2021-07-02,pm,4
B32012,B32000,2021-07-08,pm,4
B32012,B32005,2021-07-07,pm,4
B32012,B32005,2021-07-08,pm,8
B32012,B32005,2021-07-13,pm,4
B32012,B32005,2021-07-15,pm,4
B32012,B32005,2021-07-21,pm,8
B32012,B32005,2021-07-22,pm,8
B32012,B32005,2021-07-26,pm,8
B32012,B32005,2021-07-27,pm,4
B32012,B32005,2021-07-29,pm,4
B32012,B32008,2021-07-22,pm,4
B32012,B32010,2021-07-13,pm,4
B32012,B32010,2021-07-28,pm,4
B32012,B32010,2021-07-29,pm,4
B32012,B32012,2021-07-01,pm,4
B32012,B32012,2021-07-06,pm,12
B32012,B32012,2021-07-12,am,4
B32012,B32012,2021-07-13,pm,4
B32012,B32012,2021-07-19,pm,4
B32012,B32012,2021-07-20,pm,4
B32012,B32012,2021-07-22,pm,4
B32012,B32012,2021-07-28,pm,4
B32012,B32012,2021-07-29,pm,8
B32012,B32012,2021-07-30,pm,4
B32012,B32056,2021-07-26,pm,4
B32012,C32007,2021-07-15,pm,6
B32012,C32007,2021-07-19,pm,6
B32012,C32007,2021-07-23,pm,6
B32012,C32008,2021-07-05,pm,4
B32012,C32008,2021-07-12,pm,4
B32012,C32008,2021-07-21,pm,4
B32012,C32008,2021-07-29,pm,4
B32012,D32004,2021-07-05,pm,4
B32012,D32004,2021-07-16,pm,4
B32012,D32005,2021-07-01,pm,4
B32012,D32005,2021-07-23,pm,4
B32012,D32005,2021-07-27,pm,4
B32012,D32010,2021-07-22,pm,4
B32012,D32016,2021-07-23,am,6
B32012,D32016,2021-07-23,pm,6
B32012,D32019,2021-07-19,pm,6
B32012,D32042,2021-07-22,pm,8
B32012,D32042,2021-07-30,pm,4
B32012,M32006,2021-07-01,pm,2
B32012,M32006,2021-07-06,pm,2
B32012,M32006,2021-07-08,pm,2
B32012,M32006,2021-07-14,pm,2
B32012,M32006,2021-07-15,pm,2
B32012,M32006,2021-07-21,pm,2
B32016,A32002,2021-07-26,pm,4
B32016,A32004,2021-07-14,pm,4
B32016,A32004,2021-07-21,pm,4
B32016,A32004,2021-07-28,pm,4
B32016,A32012,2021-07-05,pm,4
B32016,A32012,2021-07-19,pm,4
B32016,A32012,2021-07-26,pm,4
B32016,A32012,2021-07-29,pm,4
B32016,B32000,2021-07-01,pm,8
B32016,B32000,2021-07-05,pm,4
B32016,B32000,2021-07-21,pm,8
B32016,B32000,2021-07-22,pm,4
B32016,B32000,2021-07-26,pm,4
B32016,B32000,2021-07-27,pm,4
B32016,B32005,2021-07-01,pm,4
B32016,B32005,2021-07-06,pm,8
B32016,B32005,2021-07-14,pm,4
B32016,B32005,2021-07-20,pm,4
B32016,B32005,2021-07-26,pm,4
B32016,B32005,2021-07-28,pm,4
B32016,B32008,2021-07-12,pm,4
B32016,B32010,2021-07-08,pm,4
B32016,B32010,2021-07-22,pm,4
B32016,B32010,2021-07-23,pm,8
B32016,B32016,2021-07-01,am,16
B32016,B32016,2021-07-01,pm,4
B32016,B32016,2021-07-05,pm,32
B32016,B32016,2021-07-06,pm,12
B32016,B32016,2021-07-07,pm,12
B32016,B32016,2021-07-12,pm,12
B32016,B32016,2021-07-14,pm,8
B32016,B32016,2021-07-19,pm,8
B32016,B32016,2021-07-20,pm,4
B32016,B32016,2021-07-22,pm,8
B32016,B32016,2021-07-23,pm,28
B32016,B32016,2021-07-26,pm,4
B32016,B32016,2021-07-28,pm,4
B32016,B32016,2021-07-29,pm,12
B32016,B32016,2021-07-30,pm,8
B32016,B32056,2021-07-26,pm,8
B32016,B32056,2021-07-28,pm,4
B32016,C32008,2021-07-21,pm,4
B32016,D32000,2021-07-01,pm,4
B32016,D32000,2021-07-19,pm,4
B32016,D32000,2021-07-27,pm,4
B32016,D32005,2021-07-20,pm,4
B32016,D32005,2021-07-29,pm,8
B32016,D32006,2021-07-22,pm,12
B32016,D32006,2021-07-28,pm,4
B32016,D32016,2021-07-08,pm,6
B32016,D32016,2021-07-14,pm,6
B32016,D32016,2021-07-15,pm,6
B32016,D32016,2021-07-20,pm,6
B32016,D32016,2021-07-21,pm,6
B32016,D32016,2021-07-28,pm,12
B32016,D32019,2021-07-15,am,6
B32016,D32019,2021-07-16,pm,6
B32016,D32024,2021-07-05,pm,40
B32016,D32042,2021-07-05,pm,4
B32016,D32042,2021-07-16,pm,4
B32016,M32006,2021-07-01,am,2
B32016,M32006,2021-07-05,pm,10
B32016,M32006,2021-07-08,pm,2
B32016,M32006,2021-07-15,pm,4
B32016,M32006,2021-07-16,pm,2
B32016,M32006,2021-07-19,pm,2
B32016,M32006,2021-07-20,pm,2
B32016,M32006,2021-07-22,pm,4
B32016,M32006,2021-07-29,pm,2
B32056,B32000,2021-07-02,pm,4
B32056,B32000,2021-07-05,pm,12
B32056,B32000,2021-07-08,pm,8
B32056,B32000,2021-07-14,pm,4
B32056,B32004,2021-07-02,pm,16
B32056,B32004,2021-07-05,pm,4
B32056,B32004,2021-07-15,pm,4
B32056,B32004,2021-07-22,pm,8
B32056,B32004,2021-07-26,pm,8
B32056,B32005,2021-07-05,pm,4
B32056,B32005,2021-07-12,pm,4
B32056,B32005,2021-07-16,pm,4
B32056,B32008,2021-07-01,pm,8
B32056,B32008,2021-07-14,pm,8
B32056,B32008,2021-07-16,pm,4
B32056,B32008,2021-07-23,pm,4
B32056,B32012,2021-07-26,pm,4
B32056,B32016,2021-07-01,pm,4
B32056,B32016,2021-07-12,pm,4
B32056,B32016,2021-07-16,pm,4
B32056,B32016,2021-07-20,am,4
B32056,B32016,2021-07-22,am,4
B32056,B32016,2021-07-27,pm,4
B32056,B32056,2021-07-01,pm,4
B32056,B32056,2021-07-05,pm,4
B32056,B32056,2021-07-15,am,4
B32056,B32056,2021-07-19,pm,4
B32056,B32056,2021-07-21,pm,8
B32056,B32056,2021-07-22,pm,4
B32056,B32056,2021-07-28,pm,24
B32056,C32007,2021-07-22,pm,6
B32056,C32007,2021-07-30,pm,6
B32056,C32008,2021-07-01,pm,4
B32056,C32008,2021-07-06,pm,4
B32056,C32008,2021-07-08,pm,4
B32056,C32008,2021-07-13,pm,4
B32056,C32008,2021-07-16,pm,4
B32056,C32008,2021-07-20,pm,4
B32056,C32008,2021-07-23,pm,4
B32056,D32000,2021-07-15,pm,8
B32056,D32000,2021-07-19,pm,4
B32056,D32000,2021-07-22,pm,4
B32056,D32000,2021-07-23,pm,12
B32056,D32004,2021-07-26,pm,4
B32056,D32005,2021-07-05,pm,4
B32056,D32005,2021-07-14,pm,8
B32056,D32005,2021-07-19,pm,4
B32056,D32005,2021-07-21,pm,4
B32056,D32005,2021-07-22,pm,4
B32056,D32006,2021-07-08,pm,4
B32056,D32006,2021-07-19,pm,4
B32056,D32006,2021-07-20,pm,4
B32056,D32006,2021-07-22,pm,4
B32056,D32010,2021-07-07,pm,4
B32056,D32010,2021-07-28,pm,4
B32056,D32010,2021-07-29,pm,8
B32056,D32016,2021-07-13,pm,24
B32056,D32019,2021-07-16,pm,6
B32056,D32019,2021-07-23,pm,6
B32056,D32019,2021-07-26,pm,12
B32056,D32019,2021-07-29,pm,36
B32056,D32024,2021-07-13,pm,8
B32056,D32024,2021-07-15,pm,16
B32056,D32024,2021-07-20,pm,8
B32056,D32024,2021-07-21,pm,32
B32056,D32024,2021-07-22,pm,16
B32056,D32042,2021-07-06,pm,4
B32056,D32042,2021-07-07,pm,8
B32056,D32042,2021-07-14,pm,4
B32056,D32042,2021-07-19,pm,4
B32056,D32042,2021-07-28,pm,8
C32007,A32004,2021-07-27,pm,6
C32007,B32000,2021-07-29,pm,6
C32007,B32002,2021-07-05,pm,6
C32007,B32002,2021-07-23,pm,6
C32007,B32004,2021-07-08,pm,6
C32007,B32004,2021-07-13,pm,12
C32007,B32004,2021-07-27,pm,12
C32007,B32005,2021-07-01,pm,6
C32007,B32005,2021-07-02,pm,6
C32007,B32005,2021-07-06,pm,6
C32007,B32005,2021-07-07,pm,6
C32007,B32005,2021-07-15,pm,6
C32007,B32005,2021-07-19,pm,6
C32007,B32005,2021-07-20,pm,6
C32007,B32005,2021-07-22,pm,6
C32007,B32005,2021-07-23,pm,12
C32007,B32005,2021-07-27,pm,6
C32007,B32005,2021-07-29,pm,12
C32007,B32008,2021-07-14,pm,6
C32007,B32012,2021-07-14,pm,6
C32007,B32012,2021-07-23,pm,6
C32007,B32016,2021-07-16,pm,12
C32007,B32056,2021-07-15,pm,12
C32007,C32007,2021-07-01,pm,27
C32007,C32007,2021-07-05,pm,18
C32007,C32007,2021-07-15,pm,18
C32007,C32007,2021-07-16,pm,27
C32007,C32007,2021-07-21,pm,18
C32007,C32007,2021-07-22,pm,27
C32007,C32007,2021-07-23,pm,9
C32007,C32007,2021-07-27,am,9
C32007,C32007,2021-07-27,pm,9
C32007,C32007,2021-07-28,pm,9
C32007,C32008,2021-07-22,pm,6
C32007,C32008,2021-07-26,pm,6
C32007,C32008,2021-07-29,pm,12
C32007,D32005,2021-07-23,pm,12
C32007,D32006,2021-07-05,pm,6
C32007,D32006,2021-07-07,pm,18
C32007,D32010,2021-07-07,pm,6
C32007,D32010,2021-07-08,pm,12
C32007,D32010,2021-07-13,pm,6
C32007,D32016,2021-07-05,pm,9
C32007,D32016,2021-07-26,pm,9
C32007,D32019,2021-07-26,am,36
C32007,D32019,2021-07-30,pm,18
C32007,D32024,2021-07-12,pm,24
C32007,D32024,2021-07-22,pm,12
C32007,D32024,2021-07-23,pm,36
C32007,D32024,2021-07-28,pm,48
C32007,D32024,2021-07-29,pm,48
C32007,D32024,2021-07-30,pm,24
C32007,D32042,2021-07-22,pm,6
C32007,M32006,2021-07-12,pm,3
C32008,A32002,2021-07-01,pm,4
C32008,A32002,2021-07-06,pm,8
C32008,A32002,2021-07-14,pm,4
C32008,A32004,2021-07-01,pm,4
C32008,A32012,2021-07-06,pm,4
C32008,A32012,2021-07-09,am,4
C32008,A32012,2021-07-28,pm,4
C32008,A32017,2021-07-26,pm,8
C32008,A32017,2021-07-28,pm,8
C32008,B32000,2021-07-01,pm,4
C32008,B32000,2021-07-14,pm,4
C32008,B32000,2021-07-28,pm,4
C32008,B32002,2021-07-29,pm,4
C32008,B32004,2021-07-05,pm,8
C32008,B32004,2021-07-30,pm,4
C32008,B32005,2021-07-08,pm,4
C32008,B32005,2021-07-15,pm,8
C32008,B32005,2021-07-16,pm,4
C32008,B32005,2021-07-27,pm,4
C32008,B32005,2021-07-29,pm,4
C32008,B32005,2021-07-30,pm,4
C32008,B32008,2021-07-14,pm,12
C32008,B32010,2021-07-13,pm,4
C32008,B32010,2021-07-16,pm,4
C32008,B32010,2021-07-20,pm,4
C32008,B32010,2021-07-22,pm,4
C32008,B32010,2021-07-23,pm,8
C32008,B32010,2021-07-30,pm,4
C32008,B32012,2021-07-02,pm,4
C32008,B32012,2021-07-22,pm,4
C32008,B32012,2021-07-26,pm,4
C32008,B32012,2021-07-29,pm,4
C32008,B32012,2021-07-30,pm,4
C32008,B32016,2021-07-01,pm,16
C32008,B32016,2021-07-06,pm,4
C32008,B32016,2021-07-21,pm,4
C32008,B32056,2021-07-02,pm,8
C32008,B32056,2021-07-07,pm,4
C32008,B32056,2021-07-12,pm,8
C32008,C32008,2021-07-02,pm,8
C32008,C32008,2021-07-06,pm,12
C32008,C32008,2021-07-15,pm,8
C32008,C32008,2021-07-21,pm,8
C32008,C32008,2021-07-22,pm,4
C32008,C32008,2021-07-28,pm,8
C32008,C32008,2021-07-29,pm,4
C32008,C32008,2021-07-30,pm,4
C32008,D32000,2021-07-07,pm,4
C32008,D32000,2021-07-12,pm,12
C32008,D32000,2021-07-16,pm,4
C32008,D32000,2021-07-26,pm,4
C32008,D32004,2021-07-08,pm,4
C32008,D32004,2021-07-13,pm,4
C32008,D32005,2021-07-01,pm,4
C32008,D32005,2021-07-06,pm,4
C32008,D32005,2021-07-07,pm,4
C32008,D32005,2021-07-08,pm,4
C32008,D32005,2021-07-19,pm,4
C32008,D32005,2021-07-29,pm,4
C32008,D32010,2021-07-05,pm,4
C32008,D32010,2021-07-13,pm,4
C32008,D32010,2021-07-30,pm,4
C32008,D32016,2021-07-06,pm,6
C32008,D32016,2021-07-08,pm,6
C32008,D32016,2021-07-14,pm,6
C32008,D32016,2021-07-15,pm,12
C32008,D32016,2021-07-21,pm,6
C32008,D32016,2021-07-30,pm,6
C32008,D32019,2021-07-01,pm,6
C32008,D32019,2021-07-06,pm,6
C32008,D32019,2021-07-07,pm,6
C32008,D32019,2021-07-08,pm,6
C32008,D32019,2021-07-20,pm,6
C32008,D32019,2021-07-23,pm,12
C32008,D32024,2021-07-05,pm,8
C32008,D32024,2021-07-07,pm,8
C32008,D32024,2021-07-14,pm,24
C32008,D32024,2021-07-15,pm,24
C32008,D32024,2021-07-19,pm,8
C32008,D32024,2021-07-21,pm,8
C32008,D32024,2021-07-26,pm,8
C32008,D32024,2021-07-27,pm,8
C32008,D32024,2021-07-29,pm,8
C32008,D32042,2021-07-02,pm,4
C32008,D32042,2021-07-07,pm,12
C32008,D32042,2021-07-08,pm,8
C32008,D32042,2021-07-12,pm,4
C32008,D32042,2021-07-14,pm,4
C32008,D32042,2021-07-15,pm,8
C32008,D32042,2021-07-16,pm,12
C32008,D32042,2021-07-19,pm,4
C32008,D32042,2021-07-20,pm,4
C32008,D32042,2021-07-21,pm,4
C32008,D32042,2021-07-23,pm,4
C32008,D32042,2021-07-29,pm,4
C32008,D32042,2021-07-30,pm,4
C32008,M32006,2021-07-01,pm,2
D32000,A32002,2021-07-15,pm,4
D32000,A32004,2021-07-26,am,4
D32000,A32017,2021-07-07,pm,8
D32000,B32000,2021-07-05,pm,4
D32000,B32000,2021-07-29,pm,4
D32000,B32000,2021-07-30,pm,4
D32000,B32004,2021-07-22,pm,4
D32000,B32004,2021-07-27,pm,8
D32000,B32005,2021-07-06,pm,8
D32000,B32005,2021-07-23,pm,4
D32000,B32008,2021-07-13,pm,4
D32000,B32008,2021-07-20,pm,4
D32000,B32008,2021-07-26,pm,4
D32000,B32008,2021-07-29,pm,8
D32000,B32010,2021-07-23,pm,8
D32000,B32012,2021-07-05,pm,4
D32000,B32012,2021-07-26,pm,4
D32000,B32016,2021-07-05,pm,4
D32000,B32056,2021-07-08,pm,4
D32000,B32056,2021-07-13,pm,4
D32000,B32056,2021-07-22,pm,4
D32000,B32056,2021-07-29,am,4
D32000,C32007,2021-07-06,pm,6
D32000,C32007,2021-07-15,pm,6
D32000,C32007,2021-07-19,pm,6
D32000,C32007,2021-07-20,pm,12
D32000,C32007,2021-07-21,pm,6
D32000,C32007,2021-07-22,pm,6
D32000,C32007,2021-07-23,pm,6
D32000,C32008,2021-07-26,pm,4
D32000,D32000,2021-07-06,pm,4
D32000,D32000,2021-07-08,pm,16
D32000,D32000,2021-07-21,pm,4
D32000,D32000,2021-07-23,pm,8
D32000,D32000,2021-07-29,pm,16
D32000,D32004,2021-07-19,pm,4
D32000,D32004,2021-07-26,pm,4
D32000,D32004,2021-07-27,pm,4
D32000,D32005,2021-07-23,pm,8
D32000,D32005,2021-07-27,pm,4
D32000,D32005,2021-07-30,pm,4
D32000,D32006,2021-07-06,pm,4
D32000,D32006,2021-07-14,pm,4
D32000,D32010,2021-07-19,pm,4
D32000,D32010,2021-07-20,pm,4
D32000,D32010,2021-07-27,pm,8
D32000,D32010,2021-07-28,pm,4
D32000,D32010,2021-07-30,pm,4
D32000,D32016,2021-07-01,pm,6
D32000,D32016,2021-07-02,pm,6
D32000,D32016,2021-07-06,pm,18
D32000,D32016,2021-07-16,am,6
D32000,D32016,2021-07-16,pm,6
D32000,D32016,2021-07-19,pm,6
D32000,D32016,2021-07-28,pm,6
D32000,D32019,2021-07-07,pm,6
D32000,D32019,2021-07-21,pm,6
D32000,D32019,2021-07-22,pm,6
D32000,D32024,2021-07-06,pm,8
D32000,D32024,2021-07-22,am,8
D32000,D32042,2021-07-14,pm,4
D32000,D32042,2021-07-20,pm,4
D32000,D32042,2021-07-29,pm,4
D32000,M32006,2021-07-23,pm,2
D32004,A32002,2021-07-07,pm,4
D32004,A32002,2021-07-14,pm,4
D32004,A32004,2021-07-19,pm,4
D32004,B32000,2021-07-01,pm,4
D32004,B32000,2021-07-12,pm,4
D32004,B32000,2021-07-30,pm,4
D32004,B32002,2021-07-30,am,8
D32004,B32004,2021-07-06,pm,4
D32004,B32004,2021-07-07,pm,4
D32004,B32004,2021-07-26,pm,8
D32004,B32004,2021-07-28,pm,8
D32004,B32005,2021-07-21,pm,4
D32004,B32008,2021-07-02,pm,4
D32004,B32008,2021-07-07,pm,4
D32004,B32008,2021-07-19,pm,4
D32004,B32008,2021-07-20,pm,4
D32004,B32008,2021-07-30,pm,4
D32004,B32016,2021-07-27,pm,4
D32004,B32056,2021-07-08,am,4
D32004,B32056,2021-07-27,pm,4
D32004,C32008,2021-07-08,pm,4
D32004,D32000,2021-07-12,pm,4
D32004,D32004,2021-07-01,pm,4
D32004,D32004,2021-07-05,pm,20
D32004,D32004,2021-07-07,pm,4
D32004,D32004,2021-07-13,pm,8
D32004,D32004,2021-07-19,pm,4
D32004,D32004,2021-07-20,pm,4
D32004,D32004,2021-07-21,pm,12
D32004,D32004,2021-07-22,pm,8
D32004,D32004,2021-07-27,pm,8
D32004,D32004,2021-07-28,pm,12
D32004,D32004,2021-07-30,pm,8
D32004,D32005,2021-07-01,pm,4
D32004,D32006,2021-07-02,pm,4
D32004,D32006,2021-07-08,pm,4
D32004,D32006,2021-07-14,pm,8
D32004,D32006,2021-07-15,pm,4
D32004,D32006,2021-07-19,pm,4
D32004,D32006,2021-07-23,pm,8
D32004,D32006,2021-07-26,pm,4
D32004,D32006,2021-07-28,pm,8
D32004,D32010,2021-07-05,pm,8
D32004,D32010,2021-07-08,pm,4
D32004,D32010,2021-07-13,pm,4
D32004,D32010,2021-07-21,pm,8
D32004,D32010,2021-07-22,pm,4
D32004,D32010,2021-07-28,pm,4
D32004,D32010,2021-07-29,pm,4
D32004,D32010,2021-07-30,pm,4
D32004,D32016,2021-07-15,pm,12
D32004,D32019,2021-07-08,pm,6
D32004,D32019,2021-07-16,pm,6
D32004,D32019,2021-07-20,pm,6
D32004,D32019,2021-07-28,pm,6
D32004,D32024,2021-07-16,pm,8
D32004,D32024,2021-07-21,pm,8
D32004,D32024,2021-07-23,pm,8
D32004,D32042,2021-07-02,pm,4
D32004,D32042,2021-07-05,pm,20
D32004,D32042,2021-07-14,pm,16
D32004,D32042,2021-07-15,pm,4
D32004,D32042,2021-07-16,pm,4
D32004,D32042,2021-07-27,pm,4
D32004,D32042,2021-07-29,pm,4
D32005,A32002,2021-07-05,pm,4
D32005,A32004,2021-07-28,pm,20
D32005,B32000,2021-07-06,pm,4
D32005,B32000,2021-07-08,pm,4
D32005,B32000,2021-07-13,pm,4
D32005,B32000,2021-07-15,pm,4
D32005,B32000,2021-07-26,pm,4
D32005,B32000,2021-07-30,pm,4
D32005,B32004,2021-07-14,pm,8
D32005,B32004,2021-07-23,pm,12
D32005,B32004,2021-07-30,pm,4
D32005,B32005,2021-07-06,pm,4
D32005,B32005,2021-07-07,pm,4
D32005,B32005,2021-07-16,pm,4
D32005,B32005,2021-07-20,pm,4
D32005,B32005,2021-07-23,pm,4
D32005,B32008,2021-07-26,pm,12
D32005,B32010,2021-07-23,pm,4
D32005,B32012,2021-07-06,pm,4
D32005,B32016,2021-07-23,pm,8
D32005,B32056,2021-07-01,pm,8
D32005,B32056,2021-07-05,pm,8
D32005,B32056,2021-07-08,pm,4
D32005,B32056,2021-07-29,pm,4
D32005,C32007,2021-07-02,pm,6
D32005,C32007,2021-07-26,pm,6
D32005,C32007,2021-07-30,pm,12
D32005,C32008,2021-07-07,pm,4
D32005,C32008,2021-07-19,pm,4
D32005,C32008,2021-07-23,pm,4
D32005,C32008,2021-07-28,pm,4
D32005,D32005,2021-07-05,pm,12
D32005,D32005,2021-07-14,pm,12
D32005,D32005,2021-07-20,am,4
D32005,D32005,2021-07-21,pm,8
D32005,D32005,2021-07-26,pm,12
D32005,D32006,2021-07-14,pm,16
D32005,D32010,2021-07-07,pm,4
D32005,D32010,2021-07-08,pm,4
D32005,D32010,2021-07-30,pm,24
D32005,D32016,2021-07-13,pm,6
D32005,D32016,2021-07-20,pm,6
D32005,D32016,2021-07-30,pm,24
D32005,D32019,2021-07-22,am,6
D32005,D32019,2021-07-29,pm,6
D32005,D32042,2021-07-05,pm,24
D32005,D32042,2021-07-15,pm,4
D32005,D32042,2021-07-19,pm,4
D32005,D32042,2021-07-28,pm,12
D32005,M32006,2021-07-12,pm,2
D32005,M32006,2021-07-22,pm,2
D32005,M32006,2021-07-23,pm,4
D32006,B32000,2021-07-05,pm,8
D32006,B32000,2021-07-26,pm,8
D32006,B32004,2021-07-06,pm,4
D32006,B32004,2021-07-08,pm,4
D32006,B32004,2021-07-15,pm,4
D32006,B32004,2021-07-23,pm,4
D32006,B32004,2021-07-26,pm,8
D32006,B32004,2021-07-28,pm,8
D32006,B32004,2021-07-29,pm,8
D32006,B32005,2021-07-13,pm,4
D32006,B32008,2021-07-06,pm,16
D32006,B32008,2021-07-12,pm,4
D32006,B32008,2021-07-19,pm,8
D32006,B32008,2021-07-29,pm,4
D32006,B32010,2021-07-15,pm,8
D32006,B32016,2021-07-05,pm,8
D32006,B32056,2021-07-05,pm,4
D32006,B32056,2021-07-21,pm,4
D32006,C32008,2021-07-26,am,4
D32006,C32008,2021-07-27,pm,8
D32006,D32000,2021-07-13,pm,4
D32006,D32000,2021-07-14,pm,8
D32006,D32000,2021-07-22,pm,8
D32006,D32000,2021-07-23,pm,12
D32006,D32000,2021-07-27,pm,4
D32006,D32000,2021-07-29,pm,4
D32006,D32004,2021-07-02,pm,4
D32006,D32004,2021-07-08,pm,4
D32006,D32004,2021-07-14,pm,8
D32006,D32004,2021-07-22,pm,4
D32006,D32004,2021-07-26,pm,4
D32006,D32004,2021-07-28,am,4
D32006,D32005,2021-07-08,pm,4
D32006,D32006,2021-07-01,pm,4
D32006,D32006,2021-07-02,pm,4
D32006,D32006,2021-07-05,pm,32
D32006,D32006,2021-07-06,pm,8
D32006,D32006,2021-07-07,pm,8
D32006,D32006,2021-07-13,pm,4
D32006,D32006,2021-07-15,am,16
D32006,D32006,2021-07-19,am,8
D32006,D32006,2021-07-19,pm,4
D32006,D32006,2021-07-20,pm,4
D32006,D32006,2021-07-22,pm,8
D32006,D32006,2021-07-26,pm,24
D32006,D32006,2021-07-27,pm,4
D32006,D32006,2021-07-29,pm,4
D32006,D32006,2021-07-30,pm,4
D32006,D32010,2021-07-01,pm,4
D32006,D32010,2021-07-02,pm,4
D32006,D32010,2021-07-05,pm,8
D32006,D32010,2021-07-08,pm,20
D32006,D32010,2021-07-15,am,8
D32006,D32010,2021-07-19,pm,4
D32006,D32010,2021-07-20,pm,4
D32006,D32010,2021-07-22,pm,8
D32006,D32010,2021-07-23,pm,4
D32006,D32010,2021-07-27,pm,4
D32006,D32010,2021-07-29,pm,8
D32006,D32019,2021-07-26,am,6
D32006,D32024,2021-07-22,pm,8
D32006,D32042,2021-07-01,pm,4
D32006,D32042,2021-07-07,pm,4
D32006,D32042,2021-07-14,pm,4
D32006,D32042,2021-07-15,pm,4
D32010,A32002,2021-07-28,pm,4
D32010,B32000,2021-07-01,pm,4
D32010,B32000,2021-07-07,pm,8
D32010,B32000,2021-07-26,pm,4
D32010,B32000,2021-07-30,am,4
D32010,B32004,2021-07-01,pm,8
D32010,B32004,2021-07-06,pm,4
D32010,B32004,2021-07-07,pm,4
D32010,B32004,2021-07-19,am,8
D32010,B32004,2021-07-27,pm,8
D32010,B32004,2021-07-28,pm,4
D32010,B32004,2021-07-30,pm,4
D32010,B32005,2021-07-16,pm,8
D32010,B32008,2021-07-01,pm,4
D32010,B32008,2021-07-07,pm,8
D32010,B32008,2021-07-15,pm,4
D32010,B32008,2021-07-30,pm,12
D32010,B32010,2021-07-01,pm,4
D32010,B32010,2021-07-28,pm,4
D32010,B32016,2021-07-08,pm,8
D32010,B32016,2021-07-28,pm,4
D32010,B32056,2021-07-08,pm,4
D32010,B32056,2021-07-16,pm,4
D32010,B32056,2021-07-19,pm,8
D32010,B32056,2021-07-22,pm,4
D32010,B32056,2021-07-26,pm,12
D32010,B32056,2021-07-30,pm,4
D32010,C32008,2021-07-01,pm,8
D32010,C32008,2021-07-05,pm,4
D32010,C32008,2021-07-15,pm,4
D32010,C32008,2021-07-21,pm,4
D32010,C32008,2021-07-22,pm,4
D32010,C32008,2021-07-27,am,4
D32010,C32008,2021-07-28,am,4
D32010,C32008,2021-07-30,pm,4
D32010,D32000,2021-07-01,pm,4
D32010,D32000,2021-07-02,pm,4
D32010,D32000,2021-07-07,am,4
D32010,D32000,2021-07-08,pm,8
D32010,D32000,2021-07-13,am,4
D32010,D32000,2021-07-19,pm,4
D32010,D32000,2021-07-28,pm,4
D32010,D32000,2021-07-29,pm,8
D32010,D32004,2021-07-13,pm,8
D32010,D32004,2021-07-15,pm,4
D32010,D32004,2021-07-20,pm,4
D32010,D32004,2021-07-21,pm,12
D32010,D32004,2021-07-23,am,4
D32010,D32004,2021-07-26,pm,4
D32010,D32004,2021-07-28,pm,4
D32010,D32004,2021-07-30,pm,4
D32010,D32005,2021-07-13,pm,4
D32010,D32005,2021-07-20,pm,4
D32010,D32006,2021-07-01,pm,8
D32010,D32006,2021-07-05,pm,12
D32010,D32006,2021-07-08,pm,8
D32010,D32006,2021-07-15,pm,4
D32010,D32006,2021-07-20,pm,4
D32010,D32006,2021-07-22,pm,8
D32010,D32006,2021-07-29,pm,4
D32010,D32006,2021-07-30,pm,4
D32010,D32010,2021-07-05,pm,12
D32010,D32010,2021-07-06,pm,8
D32010,D32010,2021-07-08,pm,4
D32010,D32010,2021-07-13,pm,4
D32010,D32010,2021-07-16,pm,12
D32010,D32010,2021-07-26,pm,4
D32010,D32010,2021-07-27,pm,8
D32010,D32010,2021-07-29,pm,4
D32010,D32016,2021-07-05,pm,18
D32010,D32016,2021-07-20,pm,6
D32010,D32016,2021-07-28,pm,6
D32010,D32019,2021-07-07,pm,12
D32010,D32019,2021-07-12,pm,6
D32010,D32019,2021-07-15,pm,12
D32010,D32019,2021-07-23,pm,6
D32010,D32019,2021-07-28,pm,18
D32010,D32024,2021-07-22,am,8
D32010,D32024,2021-07-27,pm,32
D32010,D32024,2021-07-29,pm,8
D32010,D32042,2021-07-07,am,4
D32010,D32042,2021-07-07,pm,4
D32010,D32042,2021-07-28,pm,4
D32016,A32002,2021-07-19,pm,6
D32016,A32002,2021-07-22,pm,6
D32016,A32004,2021-07-07,am,6
D32016,A32004,2021-07-08,pm,6
D32016,A32004,2021-07-26,pm,6
D32016,A32004,2021-07-29,pm,6
D32016,A32012,2021-07-05,pm,12
D32016,A32017,2021-07-07,pm,12
D32016,B32000,2021-07-08,pm,6
D32016,B32000,2021-07-12,pm,6
D32016,B32000,2021-07-13,pm,12
D32016,B32000,2021-07-15,pm,6
D32016,B32000,2021-07-16,am,6
D32016,B32000,2021-07-16,pm,6
D32016,B32000,2021-07-27,pm,6
D32016,B32000,2021-07-28,pm,18
D32016,B32000,2021-07-30,pm,6
D32016,B32004,2021-07-06,pm,6
D32016,B32004,2021-07-14,pm,6
D32016,B32004,2021-07-28,am,12
D32016,B32005,2021-07-05,pm,18
D32016,B32005,2021-07-07,pm,12
D32016,B32005,2021-07-15,am,6
D32016,B32005,2021-07-23,pm,6
D32016,B32008,2021-07-07,pm,6
D32016,B32008,2021-07-15,pm,18
D32016,B32008,2021-07-19,pm,6
D32016,B32010,2021-07-08,pm,6
D32016,B32010,2021-07-28,pm,12
D32016,B32010,2021-07-30,pm,6
D32016,B32012,2021-07-05,pm,12
D32016,B32012,2021-07-23,am,6
D32016,B32012,2021-07-23,pm,6
D32016,B32016,2021-07-05,pm,12
D32016,B32016,2021-07-07,pm,12
D32016,B32016,2021-07-14,pm,6
D32016,B32016,2021-07-15,pm,6
D32016,B32016,2021-07-16,pm,6
D32016,B32016,2021-07-19,pm,6
D32016,B32016,2021-07-20,pm,6
D32016,B32016,2021-07-21,pm,12
D32016,B32016,2021-07-22,pm,6
D32016,B32016,2021-07-26,pm,12
D32016,B32016,2021-07-27,pm,6
D32016,B32016,2021-07-28,pm,6
D32016,B32016,2021-07-30,pm,6
D32016,B32056,2021-07-06,pm,12
D32016,B32056,2021-07-29,pm,18
D32016,B32056,2021-07-30,pm,6
D32016,C32007,2021-07-08,pm,9
D32016,C32008,2021-07-07,pm,6
D32016,C32008,2021-07-14,pm,6
D32016,C32008,2021-07-15,pm,6
D32016,C32008,2021-07-23,pm,6
D32016,C32008,2021-07-29,pm,6
D32016,D32000,2021-07-05,pm,6
D32016,D32000,2021-07-14,pm,12
D32016,D32000,2021-07-15,pm,6
D32016,D32000,2021-07-16,pm,6
D32016,D32000,2021-07-30,pm,6
D32016,D32004,2021-07-30,pm,6
D32016,D32005,2021-07-08,pm,6
D32016,D32005,2021-07-13,pm,6
D32016,D32005,2021-07-30,pm,6
D32016,D32006,2021-07-22,pm,6
D32016,D32010,2021-07-08,pm,6
D32016,D32010,2021-07-16,pm,6
D32016,D32010,2021-07-30,am,6
D32016,D32016,2021-07-01,pm,45
D32016,D32016,2021-07-05,pm,54
D32016,D32016,2021-07-06,pm,18
D32016,D32016,2021-07-07,pm,27
D32016,D32016,2021-07-13,pm,18
D32016,D32016,2021-07-14,pm,18
D32016,D32016,2021-07-15,pm,9
D32016,D32016,2021-07-16,pm,54
D32016,D32016,2021-07-19,pm,27
D32016,D32016,2021-07-20,pm,45
D32016,D32016,2021-07-21,pm,27
D32016,D32016,2021-07-22,pm,90
D32016,D32016,2021-07-23,pm,72
D32016,D32016,2021-07-26,pm,72
D32016,D32016,2021-07-27,am,9
D32016,D32016,2021-07-27,pm,36
D32016,D32016,2021-07-29,pm,54
D32016,D32016,2021-07-30,pm,27
D32016,D32019,2021-07-12,pm,9
D32016,D32019,2021-07-23,pm,9
D32016,D32019,2021-07-28,pm,9
D32016,D32024,2021-07-01,pm,24
D32016,D32024,2021-07-05,pm,48
D32016,D32024,2021-07-15,pm,36
D32016,D32024,2021-07-16,pm,12
D32016,D32024,2021-07-20,pm,12
D32016,D32024,2021-07-21,pm,12
D32016,D32024,2021-07-23,pm,60
D32016,D32024,2021-07-29,pm,48
D32016,D32042,2021-07-05,pm,12
D32016,D32042,2021-07-07,pm,12
D32016,D32042,2021-07-12,pm,6
D32016,D32042,2021-07-13,pm,6
D32016,D32042,2021-07-15,pm,12
D32016,D32042,2021-07-19,pm,6
D32016,D32042,2021-07-28,pm,12
D32016,M32006,2021-07-12,am,3
D32016,M32006,2021-07-22,pm,3
D32016,M32006,2021-07-23,pm,3
D32016,M32006,2021-07-27,pm,3
D32016,M32006,2021-07-30,pm,15
D32019,A32004,2021-07-29,pm,6
D32019,B32000,2021-07-08,pm,6
D32019,B32000,2021-07-14,pm,6
D32019,B32000,2021-07-23,pm,6
D32019,B32002,2021-07-06,pm,6
D32019,B32004,2021-07-01,pm,12
D32019,B32004,2021-07-13,pm,24
D32019,B32004,2021-07-14,pm,6
D32019,B32004,2021-07-21,pm,12
D32019,B32004,2021-07-23,pm,18
D32019,B32004,2021-07-27,pm,6
D32019,B32004,2021-07-28,pm,6
D32019,B32005,2021-07-05,am,6
D32019,B32005,2021-07-28,pm,6
D32019,B32008,2021-07-01,pm,6
D32019,B32008,2021-07-15,pm,6
D32019,B32008,2021-07-21,pm,6
D32019,B32012,2021-07-05,am,12
D32019,B32012,2021-07-19,pm,6
D32019,B32016,2021-07-23,pm,6
D32019,B32056,2021-07-23,pm,6
D32019,C32007,2021-07-02,pm,9
D32019,C32008,2021-07-08,pm,6
D32019,C32008,2021-07-14,pm,12
D32019,C32008,2021-07-20,pm,6
D32019,C32008,2021-07-23,pm,12
D32019,D32000,2021-07-05,am,6
D32019,D32000,2021-07-12,pm,6
D32019,D32000,2021-07-19,pm,12
D32019,D32000,2021-07-23,pm,6
D32019,D32004,2021-07-23,pm,6
D32019,D32004,2021-07-28,pm,6
D32019,D32004,2021-07-30,pm,6
D32019,D32005,2021-07-23,am,6
D32019,D32006,2021-07-21,pm,6
D32019,D32006,2021-07-22,pm,6
D32019,D32010,2021-07-05,pm,24
D32019,D32010,2021-07-07,pm,6
D32019,D32010,2021-07-15,pm,6
D32019,D32010,2021-07-23,am,6
D32019,D32010,2021-07-23,pm,6
D32019,D32010,2021-07-29,pm,6
D32019,D32016,2021-07-02,pm,9
D32019,D32019,2021-07-01,pm,9
D32019,D32019,2021-07-06,pm,9
D32019,D32019,2021-07-12,pm,9
D32019,D32019,2021-07-13,pm,9
D32019,D32019,2021-07-19,am,9
D32019,D32019,2021-07-19,pm,9
D32019,D32019,2021-07-21,pm,9
D32019,D32019,2021-07-26,pm,9
D32019,D32019,2021-07-27,pm,18
D32019,D32019,2021-07-30,pm,36
D32019,D32024,2021-07-05,pm,12
D32019,D32024,2021-07-07,pm,12
D32019,D32042,2021-07-12,pm,6
D32019,D32042,2021-07-13,pm,18
D32019,D32042,2021-07-15,pm,6
D32019,D32042,2021-07-21,pm,6
D32019,D32042,2021-07-23,pm,6
D32019,D32042,2021-07-27,pm,24
D32019,D32042,2021-07-28,pm,6
D32019,D32042,2021-07-29,pm,6
D32019,M32006,2021-07-20,pm,9
D32019,M32006,2021-07-28,pm,3
D32024,A32004,2021-07-05,pm,8
D32024,B32000,2021-07-07,pm,8
D32024,B32000,2021-07-19,am,8
D32024,B32000,2021-07-21,am,24
D32024,B32000,2021-07-21,pm,8
D32024,B32000,2021-07-22,pm,8
D32024,B32000,2021-07-23,pm,24
D32024,B32000,2021-07-26,pm,16
D32024,B32000,2021-07-28,am,8
D32024,B32000,2021-07-29,pm,8
D32024,B32000,2021-07-30,pm,8
D32024,B32004,2021-07-20,pm,16
D32024,B32004,2021-07-21,pm,24
D32024,B32004,2021-07-28,pm,48
D32024,B32004,2021-07-29,pm,8
D32024,B32005,2021-07-07,pm,8
D32024,B32005,2021-07-08,pm,8
D32024,B32005,2021-07-19,pm,8
D32024,B32008,2021-07-01,pm,8
D32024,B32008,2021-07-06,pm,24
D32024,B32008,2021-07-16,am,8
D32024,B32008,2021-07-26,pm,8
D32024,B32008,2021-07-30,pm,8
D32024,B32010,2021-07-16,pm,8
D32024,B32010,2021-07-29,pm,8
D32024,B32016,2021-07-21,pm,8
D32024,B32016,2021-07-22,pm,8
D32024,B32016,2021-07-27,pm,8
D32024,B32056,2021-07-07,pm,8
D32024,B32056,2021-07-22,pm,8
D32024,B32056,2021-07-26,pm,16
D32024,C32007,2021-07-27,pm,12
D32024,C32008,2021-07-08,pm,16
D32024,C32008,2021-07-14,pm,8
D32024,C32008,2021-07-19,pm,8
D32024,C32008,2021-07-20,pm,40
D32024,C32008,2021-07-28,am,8
D32024,C32008,2021-07-29,pm,16
D32024,C32008,2021-07-30,pm,8
D32024,D32000,2021-07-02,pm,8
D32024,D32000,2021-07-05,pm,16
D32024,D32000,2021-07-27,pm,16
D32024,D32004,2021-07-15,pm,8
D32024,D32005,2021-07-16,pm,16
D32024,D32005,2021-07-23,pm,8
D32024,D32005,2021-07-26,pm,8
D32024,D32006,2021-07-08,pm,8
D32024,D32006,2021-07-26,pm,16
D32024,D32006,2021-07-27,pm,24
D32024,D32010,2021-07-05,pm,16
D32024,D32010,2021-07-20,pm,16
D32024,D32016,2021-07-05,pm,12
D32024,D32016,2021-07-06,pm,12
D32024,D32016,2021-07-07,pm,24
D32024,D32016,2021-07-15,pm,12
D32024,D32016,2021-07-22,pm,24
D32024,D32016,2021-07-23,pm,12
D32024,D32016,2021-07-30,pm,12
D32024,D32024,2021-07-05,pm,16
D32024,D32024,2021-07-06,pm,16
D32024,D32024,2021-07-07,pm,48
D32024,D32024,2021-07-09,pm,16
D32024,D32024,2021-07-12,pm,16
D32024,D32024,2021-07-13,pm,32
D32024,D32024,2021-07-14,pm,16
D32024,D32024,2021-07-16,am,16
D32024,D32024,2021-07-20,pm,64
D32024,D32024,2021-07-21,pm,16
D32024,D32024,2021-07-23,am,64
D32024,D32024,2021-07-23,pm,32
D32024,D32024,2021-07-27,pm,16
D32024,D32024,2021-07-28,pm,16
D32024,D32024,2021-07-29,pm,32
D32024,D32024,2021-07-30,pm,112
D32024,D32042,2021-07-05,pm,48
D32024,D32042,2021-07-15,pm,24
D32024,D32042,2021-07-16,pm,24
D32024,D32042,2021-07-23,am,8
D32024,D32042,2021-07-23,pm,24
D32024,D32042,2021-07-30,pm,8
D32024,M32006,2021-07-08,am,4
D32042,A32002,2021-07-21,pm,4
D32042,A32012,2021-07-16,am,8
D32042,B32000,2021-07-02,pm,12
D32042,B32000,2021-07-08,pm,4
D32042,B32000,2021-07-13,pm,4
D32042,B32000,2021-07-20,pm,12
D32042,B32000,2021-07-22,am,4
D32042,B32000,2021-07-23,pm,12
D32042,B32000,2021-07-26,pm,8
D32042,B32002,2021-07-23,am,4
D32042,B32002,2021-07-23,pm,8
D32042,B32004,2021-07-06,pm,8
D32042,B32004,2021-07-20,pm,4
D32042,B32004,2021-07-28,pm,4
D32042,B32005,2021-07-07,pm,4
D32042,B32005,2021-07-22,pm,4
D32042,B32008,2021-07-23,pm,4
D32042,B32008,2021-07-30,pm,8
D32042,B32010,2021-07-07,pm,12
D32042,B32010,2021-07-14,pm,8
D32042,B32010,2021-07-21,pm,8
D32042,B32010,2021-07-30,pm,4
D32042,B32012,2021-07-27,pm,4
D32042,B32016,2021-07-29,pm,4
D32042,B32056,2021-07-01,pm,4
D32042,B32056,2021-07-06,pm,4
D32042,B32056,2021-07-19,pm,4
D32042,B32056,2021-07-22,pm,4
D32042,B32056,2021-07-28,pm,8
D32042,C32007,2021-07-01,pm,6
D32042,C32007,2021-07-16,pm,6
D32042,C32007,2021-07-23,pm,18
D32042,C32008,2021-07-13,pm,4
D32042,C32008,2021-07-20,pm,4
D32042,C32008,2021-07-21,pm,4
D32042,C32008,2021-07-28,pm,8
D32042,D32000,2021-07-06,pm,12
D32042,D32000,2021-07-23,pm,4
D32042,D32004,2021-07-14,pm,12
D32042,D32004,2021-07-20,pm,4
D32042,D32004,2021-07-30,pm,8
D32042,D32005,2021-07-01,am,4
D32042,D32005,2021-07-02,pm,4
D32042,D32005,2021-07-06,pm,12
D32042,D32005,2021-07-08,pm,12
D32042,D32005,2021-07-15,pm,8
D32042,D32005,2021-07-23,pm,4
D32042,D32006,2021-07-01,pm,4
D32042,D32006,2021-07-07,pm,4
D32042,D32006,2021-07-13,pm,4
D32042,D32006,2021-07-14,pm,4
D32042,D32006,2021-07-15,pm,4
D32042,D32006,2021-07-23,pm,20
D32042,D32006,2021-07-26,pm,4
D32042,D32010,2021-07-26,pm,8
D32042,D32016,2021-07-01,pm,6
D32042,D32016,2021-07-14,pm,12
D32042,D32016,2021-07-26,pm,6
D32042,D32016,2021-07-27,pm,24
D32042,D32019,2021-07-01,pm,6
D32042,D32019,2021-07-05,pm,12
D32042,D32019,2021-07-07,pm,6
D32042,D32019,2021-07-15,am,6
D32042,D32019,2021-07-20,pm,6
D32042,D32019,2021-07-22,pm,6
D32042,D32019,2021-07-27,pm,6
D32042,D32024,2021-07-05,pm,16
D32042,D32024,2021-07-06,pm,8
D32042,D32024,2021-07-08,am,8
D32042,D32024,2021-07-08,pm,8
D32042,D32024,2021-07-16,pm,8
D32042,D32024,2021-07-20,pm,8
D32042,D32024,2021-07-22,pm,24
D32042,D32024,2021-07-23,pm,24
D32042,D32024,2021-07-26,pm,24
D32042,D32024,2021-07-27,pm,8
D32042,D32024,2021-07-30,pm,8
D32042,D32042,2021-07-01,pm,4
D32042,D32042,2021-07-05,pm,32
D32042,D32042,2021-07-07,pm,4
D32042,D32042,2021-07-13,pm,12
D32042,D32042,2021-07-14,pm,4
D32042,D32042,2021-07-15,pm,8
D32042,D32042,2021-07-16,pm,4
D32042,D32042,2021-07-20,pm,20
D32042,D32042,2021-07-21,pm,8
D32042,D32042,2021-07-22,pm,4
D32042,D32042,2021-07-23,pm,24
D32042,D32042,2021-07-26,pm,12
D32042,D32042,2021-07-27,pm,4
D32042,D32042,2021-07-29,pm,4
D32042,D32042,2021-07-30,pm,12
D32042,M32006,2021-07-29,pm,2
M32006,A32002,2021-07-15,pm,2
M32006,A32004,2021-07-02,pm,2
M32006,A32012,2021-07-06,pm,2
M32006,A32012,2021-07-14,pm,2
M32006,A32012,2021-07-29,pm,2
M32006,A32017,2021-07-21,pm,4
M32006,B32000,2021-07-05,pm,2
M32006,B32000,2021-07-09,pm,2
M32006,B32000,2021-07-12,pm,2
M32006,B32000,2021-07-14,pm,2
M32006,B32000,2021-07-16,pm,2
M32006,B32000,2021-07-19,pm,2
M32006,B32000,2021-07-23,pm,6
M32006,B32000,2021-07-27,pm,4
M32006,B32000,2021-07-28,pm,2
M32006,B32000,2021-07-30,pm,4
M32006,B32004,2021-07-30,pm,4
M32006,B32005,2021-07-08,pm,4
M32006,B32005,2021-07-12,pm,2
M32006,B32005,2021-07-16,pm,6
M32006,B32005,2021-07-19,pm,8
M32006,B32005,2021-07-20,pm,2
M32006,B32005,2021-07-22,pm,2
M32006,B32005,2021-07-23,pm,2
M32006,B32005,2021-07-27,pm,2
M32006,B32005,2021-07-29,pm,6
M32006,B32005,2021-07-30,pm,2
M32006,B32010,2021-07-20,pm,2
M32006,B32010,2021-07-22,pm,4
M32006,B32010,2021-07-27,pm,4
M32006,B32010,2021-07-29,pm,2
M32006,B32012,2021-07-02,pm,2
M32006,B32012,2021-07-15,pm,2
M32006,B32012,2021-07-16,pm,2
M32006,B32012,2021-07-23,pm,2
M32006,B32016,2021-07-01,pm,4
M32006,B32016,2021-07-02,pm,6
M32006,B32016,2021-07-05,pm,14
M32006,B32016,2021-07-06,pm,6
M32006,B32016,2021-07-08,pm,4
M32006,B32016,2021-07-09,pm,2
M32006,B32016,2021-07-14,pm,4
M32006,B32016,2021-07-15,pm,2
M32006,B32016,2021-07-16,pm,2
M32006,B32016,2021-07-19,pm,2
M32006,B32016,2021-07-22,pm,4
M32006,B32016,2021-07-23,pm,6
M32006,B32016,2021-07-26,pm,8
M32006,B32016,2021-07-28,am,2
M32006,B32016,2021-07-29,pm,6
M32006,C32007,2021-07-07,pm,3
M32006,C32008,2021-07-01,pm,2
M32006,C32008,2021-07-06,pm,2
M32006,C32008,2021-07-08,pm,2
M32006,C32008,2021-07-14,pm,2
M32006,C32008,2021-07-15,pm,4
M32006,C32008,2021-07-16,pm,2
M32006,C32008,2021-07-23,pm,2
M32006,D32000,2021-07-27,pm,2
M32006,D32005,2021-07-05,pm,10
M32006,D32005,2021-07-21,pm,4
M32006,D32006,2021-07-29,pm,2
M32006,D32010,2021-07-26,pm,2
M32006,D32010,2021-07-28,pm,2
M32006,D32016,2021-07-01,pm,3
M32006,D32016,2021-07-05,pm,6
M32006,D32016,2021-07-07,pm,3
M32006,D32016,2021-07-14,pm,3
M32006,D32016,2021-07-15,pm,3
M32006,D32016,2021-07-19,pm,3
M32006,D32016,2021-07-22,pm,3
M32006,D32016,2021-07-26,pm,6
M32006,D32019,2021-07-05,pm,3
M32006,D32019,2021-07-28,pm,6
M32006,D32024,2021-07-15,pm,4
M32006,D32024,2021-07-29,pm,4
M32006,D32042,2021-07-12,pm,8
M32006,D32042,2021-07-23,pm,2
M32006,M32006,2021-07-01,pm,4
M32006,M32006,2021-07-05,pm,2
M32006,M32006,2021-07-06,pm,6
M32006,M32006,2021-07-07,pm,1
M32006,M32006,2021-07-08,pm,1
M32006,M32006,2021-07-13,pm,2
M32006,M32006,2021-07-14,am,1
M32006,M32006,2021-07-15,pm,1
M32006,M32006,2021-07-16,pm,3
M32006,M32006,2021-07-19,pm,4
M32006,M32006,2021-07-20,pm,4
M32006,M32006,2021-07-21,pm,4
M32006,M32006,2021-07-22,pm,4
M32006,M32006,2021-07-26,pm,5
M32006,M32006,2021-07-27,pm,1
